time,temperature_2m,relative_humidity_2m,precipitation,rain,snowfall,snow_depth,cloud_cover,sunshine_duration,wind_speed_10m,wind_gusts_10m,weather_code
2025-01-01 00:00:00+00:00,-3.9,85,0.0,0.0,0.0,0.07,100,0.0,5.5,11.6,3
2025-01-01 01:00:00+00:00,-3.9,87,0.0,0.0,0.0,0.07,100,0.0,4.41,9.5,3
2025-01-01 02:00:00+00:00,-4.2,86,0.1,0.0,0.07,0.07,100,0.0,4.54,9.5,71
2025-01-01 03:00:00+00:00,-4.5,86,0.1,0.0,0.07,0.07,100,0.0,3.79,9.4,71
2025-01-01 04:00:00+00:00,-4.9,87,0.2,0.0,0.14,0.07,100,0.0,4.14,8.6,71
2025-01-01 05:00:00+00:00,-5.1,86,0.2,0.0,0.14,0.07,100,0.0,4.1,8.8,71
2025-01-01 06:00:00+00:00,-5.3,86,0.2,0.0,0.14,0.07,100,0.0,3.88,8.3,71
2025-01-01 07:00:00+00:00,-5.4,85,0.2,0.0,0.14,0.07,100,0.0,3.69,8.0,71
2025-01-01 08:00:00+00:00,-5.5,84,0.1,0.0,0.07,0.07,100,0.0,4.3,8.6,71
2025-01-01 09:00:00+00:00,-5.6,84,0.1,0.0,0.07,0.08,100,0.0,3.96,8.7,71
2025-01-01 10:00:00+00:00,-5.6,84,0.1,0.0,0.07,0.08,100,0.0,3.65,8.1,71
2025-01-01 11:00:00+00:00,-5.6,84,0.2,0.0,0.14,0.08,100,0.0,4.23,8.7,71
2025-01-01 12:00:00+00:00,-5.5,84,0.4,0.0,0.28,0.08,100,0.0,3.99,8.6,73
2025-01-01 13:00:00+00:00,-5.1,83,0.4,0.0,0.28,0.08,100,0.0,3.62,7.7,73
2025-01-01 14:00:00+00:00,-5.1,84,0.2,0.0,0.14,0.08,100,0.0,3.8,7.8,71
2025-01-01 15:00:00+00:00,-5.3,83,0.3,0.0,0.21,0.08,100,0.0,3.98,8.4,73
2025-01-01 16:00:00+00:00,-5.4,81,0.2,0.0,0.14,0.08,100,0.0,3.79,8.2,71
2025-01-01 17:00:00+00:00,-5.5,78,0.1,0.0,0.07,0.08,100,0.0,3.44,7.9,71
2025-01-01 18:00:00+00:00,-5.7,78,0.0,0.0,0.0,0.08,100,0.0,2.34,7.1,3
2025-01-01 19:00:00+00:00,-6.7,79,0.0,0.0,0.0,0.08,95,0.0,1.66,5.0,3
2025-01-01 20:00:00+00:00,-9.0,81,0.0,0.0,0.0,0.08,100,0.0,1.36,3.7,3
2025-01-01 21:00:00+00:00,-9.2,79,0.0,0.0,0.0,0.08,92,0.0,1.37,3.1,3
2025-01-01 22:00:00+00:00,-10.0,79,0.0,0.0,0.0,0.08,1,0.0,1.0,3.0,0
2025-01-01 23:00:00+00:00,-10.1,80,0.0,0.0,0.0,0.08,9,0.0,0.61,2.5,0
2025-01-02 00:00:00+00:00,-9.9,82,0.0,0.0,0.0,0.08,2,0.0,0.4,1.9,0
2025-01-02 01:00:00+00:00,-8.2,82,0.0,0.0,0.0,0.08,1,0.0,0.92,2.2,0
2025-01-02 02:00:00+00:00,-8.5,85,0.0,0.0,0.0,0.08,1,0.0,0.54,2.2,0
2025-01-02 03:00:00+00:00,-9.4,92,0.0,0.0,0.0,0.08,5,0.0,0.51,1.6,0
2025-01-02 04:00:00+00:00,-10.3,94,0.0,0.0,0.0,0.08,91,0.0,0.57,1.6,3
2025-01-02 05:00:00+00:00,-10.6,93,0.0,0.0,0.0,0.08,96,0.0,0.4,1.6,3
2025-01-02 06:00:00+00:00,-11.0,92,0.0,0.0,0.0,0.08,35,0.0,0.78,1.9,1
2025-01-02 07:00:00+00:00,-11.0,89,0.0,0.0,0.0,0.08,24,0.0,0.72,2.0,1
2025-01-02 08:00:00+00:00,-11.0,91,0.0,0.0,0.0,0.08,21,0.0,0.43,1.9,1
2025-01-02 09:00:00+00:00,-10.8,91,0.0,0.0,0.0,0.08,10,536.1,0.55,1.9,0
2025-01-02 10:00:00+00:00,-10.0,88,0.0,0.0,0.0,0.08,13,3600.0,0.64,2.1,0
2025-01-02 11:00:00+00:00,-8.9,81,0.0,0.0,0.0,0.08,9,3600.0,0.4,2.1,0
2025-01-02 12:00:00+00:00,-7.9,77,0.0,0.0,0.0,0.08,21,3600.0,1.03,2.6,1
2025-01-02 13:00:00+00:00,-10.5,86,0.0,0.0,0.0,0.08,79,3600.0,0.25,1.7,2
2025-01-02 14:00:00+00:00,-10.2,82,0.0,0.0,0.0,0.08,12,3600.0,0.32,1.8,0
2025-01-02 15:00:00+00:00,-10.1,78,0.0,0.0,0.0,0.08,65,0.0,0.32,1.7,2
2025-01-02 16:00:00+00:00,-10.3,80,0.0,0.0,0.0,0.08,91,0.0,0.43,1.8,3
2025-01-02 17:00:00+00:00,-10.5,80,0.0,0.0,0.0,0.08,59,0.0,0.63,2.1,2
2025-01-02 18:00:00+00:00,-11.0,77,0.0,0.0,0.0,0.08,22,0.0,1.54,3.1,1
2025-01-02 19:00:00+00:00,-10.0,70,0.0,0.0,0.0,0.08,5,0.0,2.19,4.3,0
2025-01-02 20:00:00+00:00,-10.7,70,0.0,0.0,0.0,0.08,24,0.0,1.55,4.3,1
2025-01-02 21:00:00+00:00,-11.4,75,0.0,0.0,0.0,0.08,100,0.0,1.56,3.0,3
2025-01-02 22:00:00+00:00,-10.5,74,0.0,0.0,0.0,0.08,100,0.0,0.66,3.1,3
2025-01-02 23:00:00+00:00,-9.4,72,0.0,0.0,0.0,0.08,100,0.0,0.52,1.9,3
2025-01-03 00:00:00+00:00,-9.5,78,0.0,0.0,0.0,0.08,100,0.0,0.21,1.7,3
2025-01-03 01:00:00+00:00,-9.3,77,0.0,0.0,0.0,0.08,100,0.0,0.39,1.3,3
2025-01-03 02:00:00+00:00,-8.4,80,0.1,0.0,0.07,0.08,100,0.0,0.07,1.2,71
2025-01-03 03:00:00+00:00,-8.5,88,0.1,0.0,0.07,0.08,1,0.0,0.9,1.8,71
2025-01-03 04:00:00+00:00,-11.0,92,0.0,0.0,0.0,0.08,33,0.0,0.74,1.7,1
2025-01-03 05:00:00+00:00,-12.1,92,0.0,0.0,0.0,0.08,93,0.0,0.63,2.0,3
2025-01-03 06:00:00+00:00,-12.6,85,0.0,0.0,0.0,0.08,99,0.0,0.75,2.9,3
2025-01-03 07:00:00+00:00,-11.5,86,0.0,0.0,0.0,0.08,97,0.0,2.1,4.1,3
2025-01-03 08:00:00+00:00,-9.4,73,0.0,0.0,0.0,0.08,100,0.0,4.08,8.0,3
2025-01-03 09:00:00+00:00,-8.6,63,0.0,0.0,0.0,0.08,80,0.0,2.05,7.8,3
2025-01-03 10:00:00+00:00,-4.9,52,0.0,0.0,0.0,0.08,93,3600.0,5.91,11.3,3
2025-01-03 11:00:00+00:00,-3.3,50,0.0,0.0,0.0,0.08,62,3600.0,6.89,13.8,2
2025-01-03 12:00:00+00:00,-3.2,55,0.0,0.0,0.0,0.08,70,91.7,7.63,15.8,2
2025-01-03 13:00:00+00:00,-4.2,59,0.0,0.0,0.0,0.08,12,3600.0,6.15,15.8,0
2025-01-03 14:00:00+00:00,-4.6,60,0.0,0.0,0.0,0.08,2,3600.0,4.5,12.3,0
2025-01-03 15:00:00+00:00,-6.5,67,0.0,0.0,0.0,0.08,0,0.0,2.25,9.0,0
2025-01-03 16:00:00+00:00,-8.8,69,0.0,0.0,0.0,0.08,0,0.0,2.08,4.6,0
2025-01-03 17:00:00+00:00,-8.2,65,0.0,0.0,0.0,0.08,1,0.0,2.2,5.0,0
2025-01-03 18:00:00+00:00,-10.4,68,0.0,0.0,0.0,0.08,84,0.0,0.85,4.5,3
2025-01-03 19:00:00+00:00,-11.0,76,0.0,0.0,0.0,0.08,99,0.0,0.55,2.2,3
2025-01-03 20:00:00+00:00,-11.0,79,0.0,0.0,0.0,0.08,15,0.0,0.18,1.6,0
2025-01-03 21:00:00+00:00,-11.6,82,0.0,0.0,0.0,0.08,99,0.0,0.35,1.4,3
2025-01-03 22:00:00+00:00,-12.1,85,0.0,0.0,0.0,0.08,84,0.0,1.31,2.4,3
2025-01-03 23:00:00+00:00,-12.4,87,0.0,0.0,0.0,0.08,9,0.0,0.72,2.8,0
2025-01-04 00:00:00+00:00,-12.6,87,0.0,0.0,0.0,0.08,0,0.0,0.74,1.9,0
2025-01-04 01:00:00+00:00,-14.6,81,0.0,0.0,0.0,0.08,22,0.0,0.65,2.6,1
2025-01-04 02:00:00+00:00,-13.6,85,0.0,0.0,0.0,0.08,30,0.0,0.35,2.2,1
2025-01-04 03:00:00+00:00,-13.6,89,0.0,0.0,0.0,0.08,25,0.0,0.32,1.4,1
2025-01-04 04:00:00+00:00,-13.8,94,0.0,0.0,0.0,0.08,15,0.0,0.27,1.3,0
2025-01-04 05:00:00+00:00,-13.9,95,0.0,0.0,0.0,0.08,13,0.0,0.4,1.3,0
2025-01-04 06:00:00+00:00,-14.2,96,0.0,0.0,0.0,0.08,45,0.0,0.29,1.3,1
2025-01-04 07:00:00+00:00,-14.3,95,0.0,0.0,0.0,0.08,30,0.0,0.27,1.1,1
2025-01-04 08:00:00+00:00,-14.1,91,0.0,0.0,0.0,0.08,90,0.0,0.21,1.0,3
2025-01-04 09:00:00+00:00,-14.0,92,0.0,0.0,0.0,0.08,89,478.03,0.32,1.3,3
2025-01-04 10:00:00+00:00,-13.7,92,0.0,0.0,0.0,0.08,89,3600.0,0.36,1.4,3
2025-01-04 11:00:00+00:00,-13.1,91,0.0,0.0,0.0,0.08,97,3600.0,0.25,1.3,3
2025-01-04 12:00:00+00:00,-12.5,89,0.0,0.0,0.0,0.08,84,3600.0,0.25,1.1,3
2025-01-04 13:00:00+00:00,-13.3,90,0.0,0.0,0.0,0.08,21,3600.0,0.18,1.2,1
2025-01-04 14:00:00+00:00,-13.7,93,0.0,0.0,0.0,0.08,16,3600.0,0.14,1.2,0
2025-01-04 15:00:00+00:00,-13.9,94,0.0,0.0,0.0,0.08,18,0.0,0.05,1.0,0
2025-01-04 16:00:00+00:00,-14.1,95,0.0,0.0,0.0,0.08,7,0.0,0.05,0.8,0
2025-01-04 17:00:00+00:00,-14.6,94,0.0,0.0,0.0,0.08,77,0.0,0.07,0.8,2
2025-01-04 18:00:00+00:00,-15.4,92,0.0,0.0,0.0,0.08,95,0.0,0.16,1.0,3
2025-01-04 19:00:00+00:00,-16.1,90,0.0,0.0,0.0,0.08,98,0.0,0.27,1.1,3
2025-01-04 20:00:00+00:00,-16.8,88,0.0,0.0,0.0,0.08,98,0.0,0.39,1.4,3
2025-01-04 21:00:00+00:00,-17.0,87,0.0,0.0,0.0,0.08,96,0.0,0.46,1.4,3
2025-01-04 22:00:00+00:00,-16.9,88,0.0,0.0,0.0,0.08,95,0.0,0.21,1.4,3
2025-01-04 23:00:00+00:00,-16.7,88,0.0,0.0,0.0,0.08,97,0.0,0.21,0.9,3
2025-01-05 00:00:00+00:00,-16.6,88,0.0,0.0,0.0,0.08,97,0.0,0.18,0.7,3
2025-01-05 01:00:00+00:00,-17.7,88,0.0,0.0,0.0,0.08,37,0.0,0.71,1.8,1
2025-01-05 02:00:00+00:00,-17.4,86,0.0,0.0,0.0,0.08,34,0.0,0.96,2.5,1
2025-01-05 03:00:00+00:00,-17.7,85,0.0,0.0,0.0,0.08,39,0.0,0.64,2.4,1
2025-01-05 04:00:00+00:00,-17.8,86,0.0,0.0,0.0,0.08,42,0.0,0.29,1.8,1
2025-01-05 05:00:00+00:00,-17.9,89,0.0,0.0,0.0,0.08,46,0.0,0.11,1.3,1
2025-01-05 06:00:00+00:00,-16.9,87,0.0,0.0,0.0,0.08,48,0.0,1.17,2.9,1
2025-01-05 07:00:00+00:00,-18.0,88,0.0,0.0,0.0,0.08,54,0.0,0.15,2.9,2
2025-01-05 08:00:00+00:00,-18.0,88,0.0,0.0,0.0,0.08,85,0.0,0.21,1.1,3
2025-01-05 09:00:00+00:00,-16.9,86,0.0,0.0,0.0,0.08,85,0.0,1.13,2.6,3
2025-01-05 10:00:00+00:00,-16.5,87,0.0,0.0,0.0,0.08,78,558.11,1.43,3.1,2
2025-01-05 11:00:00+00:00,-15.8,87,0.0,0.0,0.0,0.08,100,1482.51,1.39,3.1,3
2025-01-05 12:00:00+00:00,-15.1,88,0.0,0.0,0.0,0.08,100,0.0,1.63,3.3,3
2025-01-05 13:00:00+00:00,-13.7,82,0.1,0.0,0.07,0.08,100,0.0,2.91,5.4,71
2025-01-05 14:00:00+00:00,-13.6,78,0.0,0.0,0.0,0.08,100,0.0,2.73,5.6,3
2025-01-05 15:00:00+00:00,-13.3,79,0.0,0.0,0.0,0.08,100,0.0,2.47,5.4,3
2025-01-05 16:00:00+00:00,-12.9,81,0.1,0.0,0.07,0.08,100,0.0,2.52,5.0,71
2025-01-05 17:00:00+00:00,-12.3,82,0.1,0.0,0.07,0.08,100,0.0,2.65,5.2,71
2025-01-05 18:00:00+00:00,-11.7,83,0.2,0.0,0.14,0.08,100,0.0,2.33,5.1,71
2025-01-05 19:00:00+00:00,-11.2,81,0.1,0.0,0.07,0.09,100,0.0,2.48,5.1,71
2025-01-05 20:00:00+00:00,-10.6,81,0.1,0.0,0.07,0.09,100,0.0,2.63,5.6,71
2025-01-05 21:00:00+00:00,-10.3,81,0.1,0.0,0.07,0.09,100,0.0,2.77,5.7,71
2025-01-05 22:00:00+00:00,-10.0,82,0.1,0.0,0.07,0.09,100,0.0,2.91,6.0,71
2025-01-05 23:00:00+00:00,-9.9,83,0.1,0.0,0.07,0.09,100,0.0,2.97,6.1,71
2025-01-06 00:00:00+00:00,-9.8,84,0.1,0.0,0.07,0.09,100,0.0,3.22,6.6,71
2025-01-06 01:00:00+00:00,-9.6,83,0.1,0.0,0.07,0.09,100,0.0,3.36,6.9,71
2025-01-06 02:00:00+00:00,-9.3,84,0.2,0.1,0.07,0.1,100,0.0,3.43,7.3,71
2025-01-06 03:00:00+00:00,-9.0,84,0.4,0.0,0.28,0.1,100,0.0,3.93,7.9,73
2025-01-06 04:00:00+00:00,-8.7,83,0.4,0.1,0.21,0.1,100,0.0,4.17,8.6,73
2025-01-06 05:00:00+00:00,-8.3,84,0.3,0.0,0.21,0.11,100,0.0,4.85,9.9,73
2025-01-06 06:00:00+00:00,-8.1,85,0.3,0.0,0.21,0.11,100,0.0,5.31,10.5,73
2025-01-06 07:00:00+00:00,-7.9,86,0.4,0.0,0.28,0.11,100,0.0,5.48,10.9,73
2025-01-06 08:00:00+00:00,-7.4,86,0.4,0.0,0.28,0.12,100,0.0,5.69,11.4,73
2025-01-06 09:00:00+00:00,-6.8,86,0.3,0.0,0.21,0.12,100,0.0,5.69,11.3,73
2025-01-06 10:00:00+00:00,-6.1,86,0.3,0.0,0.21,0.12,100,0.0,5.66,11.3,73
2025-01-06 11:00:00+00:00,-5.4,85,0.3,0.0,0.21,0.12,100,0.0,6.12,12.1,73
2025-01-06 12:00:00+00:00,-4.7,85,0.5,0.0,0.35,0.12,100,0.0,6.33,12.8,73
2025-01-06 13:00:00+00:00,-3.3,87,0.8,0.0,0.56,0.13,100,0.0,6.63,13.1,73
2025-01-06 14:00:00+00:00,-2.9,86,0.7,0.0,0.49,0.13,100,0.0,7.09,14.1,73
2025-01-06 15:00:00+00:00,-2.5,86,0.7,0.0,0.49,0.13,100,0.0,7.33,14.6,73
2025-01-06 16:00:00+00:00,-2.2,86,0.9,0.0,0.63,0.13,100,0.0,7.44,15.2,73
2025-01-06 17:00:00+00:00,-2.1,85,1.2,0.0,0.84,0.14,100,0.0,7.46,17.6,75
2025-01-06 18:00:00+00:00,-2.1,86,2.5,0.0,1.75,0.15,100,0.0,7.6,17.6,75
2025-01-06 19:00:00+00:00,-2.0,86,2.7,0.0,1.89,0.16,100,0.0,8.07,18.6,75
2025-01-06 20:00:00+00:00,-1.8,86,2.4,0.0,1.68,0.17,100,0.0,8.1,16.4,75
2025-01-06 21:00:00+00:00,-1.6,86,2.6,0.0,1.82,0.19,100,0.0,8.11,16.3,75
2025-01-06 22:00:00+00:00,-1.4,87,2.3,0.0,1.61,0.2,100,0.0,8.39,16.8,75
2025-01-06 23:00:00+00:00,-1.2,87,2.0,0.0,1.4,0.21,100,0.0,8.24,17.0,75
2025-01-07 00:00:00+00:00,-1.0,87,2.5,0.0,1.75,0.22,100,0.0,8.1,16.8,75
2025-01-07 01:00:00+00:00,-0.8,88,2.8,0.0,1.96,0.23,100,0.0,7.41,15.2,75
2025-01-07 02:00:00+00:00,-0.6,90,1.3,0.0,0.91,0.25,100,0.0,7.22,14.8,75
2025-01-07 03:00:00+00:00,0.1,90,1.1,0.0,0.77,0.26,100,0.0,6.76,14.6,73
2025-01-07 04:00:00+00:00,0.4,88,0.3,0.0,0.21,0.27,75,0.0,6.3,13.3,73
2025-01-07 05:00:00+00:00,0.7,89,1.9,0.0,1.4,0.28,100,0.0,5.85,12.3,75
2025-01-07 06:00:00+00:00,1.2,89,0.9,0.1,0.56,0.28,100,0.0,5.6,11.5,73
2025-01-07 07:00:00+00:00,1.7,86,0.3,0.1,0.14,0.29,100,0.0,5.77,11.5,71
2025-01-07 08:00:00+00:00,1.8,86,0.8,0.3,0.35,0.29,100,0.0,5.81,11.6,73
2025-01-07 09:00:00+00:00,1.7,87,0.5,0.3,0.14,0.3,100,0.0,5.85,11.7,71
2025-01-07 10:00:00+00:00,1.7,87,0.3,0.2,0.07,0.3,100,0.0,6.54,13.0,71
2025-01-07 11:00:00+00:00,1.5,90,0.8,0.2,0.42,0.3,100,0.0,6.34,13.1,73
2025-01-07 12:00:00+00:00,1.4,90,1.9,0.3,1.12,0.31,100,0.0,5.92,12.5,75
2025-01-07 13:00:00+00:00,1.3,89,0.5,0.1,0.28,0.32,100,0.0,6.4,12.9,73
2025-01-07 14:00:00+00:00,1.3,90,0.7,0.1,0.42,0.32,100,0.0,7.4,14.5,73
2025-01-07 15:00:00+00:00,1.2,91,1.6,0.1,1.05,0.33,100,0.0,7.61,15.1,75
2025-01-07 16:00:00+00:00,1.1,93,2.1,0.2,1.33,0.34,100,0.0,6.28,15.0,75
2025-01-07 17:00:00+00:00,0.7,96,1.3,0.2,0.77,0.34,100,0.0,2.6,12.0,73
2025-01-07 18:00:00+00:00,0.5,97,1.1,0.1,0.7,0.34,100,0.0,3.06,5.4,73
2025-01-07 19:00:00+00:00,0.1,92,1.0,0.0,0.7,0.35,100,0.0,4.76,9.3,73
2025-01-07 20:00:00+00:00,-0.5,91,0.8,0.0,0.56,0.35,100,0.0,4.05,9.3,73
2025-01-07 21:00:00+00:00,-0.9,90,0.4,0.0,0.28,0.35,100,0.0,3.65,8.0,73
2025-01-07 22:00:00+00:00,-1.2,89,0.3,0.0,0.21,0.36,100,0.0,3.15,7.2,73
2025-01-07 23:00:00+00:00,-1.6,88,0.2,0.0,0.14,0.36,100,0.0,2.76,6.2,71
2025-01-08 00:00:00+00:00,-2.3,86,0.1,0.0,0.07,0.36,97,0.0,2.61,5.4,71
2025-01-08 01:00:00+00:00,-2.0,80,0.0,0.0,0.0,0.36,72,0.0,3.17,6.4,2
2025-01-08 02:00:00+00:00,-2.9,81,0.0,0.0,0.0,0.36,96,0.0,2.82,6.3,3
2025-01-08 03:00:00+00:00,-3.4,81,0.0,0.0,0.0,0.36,100,0.0,2.66,5.5,3
2025-01-08 04:00:00+00:00,-3.9,83,0.0,0.0,0.0,0.36,100,0.0,2.4,5.1,3
2025-01-08 05:00:00+00:00,-3.7,81,0.0,0.0,0.0,0.36,100,0.0,2.35,4.6,3
2025-01-08 06:00:00+00:00,-3.8,81,0.0,0.0,0.0,0.35,100,0.0,2.21,4.4,3
2025-01-08 07:00:00+00:00,-4.2,83,0.0,0.0,0.0,0.35,100,0.0,1.88,4.1,3
2025-01-08 08:00:00+00:00,-4.5,85,0.0,0.0,0.0,0.35,100,0.0,1.84,3.6,3
2025-01-08 09:00:00+00:00,-4.0,84,0.1,0.0,0.07,0.35,100,0.0,1.95,3.6,71
2025-01-08 10:00:00+00:00,-3.5,82,0.1,0.0,0.07,0.35,100,0.0,2.0,3.9,71
2025-01-08 11:00:00+00:00,-3.1,80,0.1,0.0,0.07,0.35,100,0.0,1.99,3.9,71
2025-01-08 12:00:00+00:00,-2.8,78,0.1,0.0,0.07,0.35,100,0.0,1.98,4.0,71
2025-01-08 13:00:00+00:00,-2.0,82,0.1,0.0,0.07,0.35,100,0.0,1.16,3.2,71
2025-01-08 14:00:00+00:00,-2.2,84,0.0,0.0,0.0,0.35,100,0.0,0.85,2.4,3
2025-01-08 15:00:00+00:00,-2.3,84,0.0,0.0,0.0,0.35,100,0.0,1.02,2.0,3
2025-01-08 16:00:00+00:00,-2.5,85,0.1,0.0,0.07,0.35,100,0.0,0.96,2.1,71
2025-01-08 17:00:00+00:00,-2.9,86,0.0,0.0,0.0,0.35,100,0.0,1.05,2.1,3
2025-01-08 18:00:00+00:00,-3.9,87,0.0,0.0,0.0,0.35,100,0.0,1.1,2.2,3
2025-01-08 19:00:00+00:00,-4.0,88,0.0,0.0,0.0,0.35,100,0.0,1.05,2.1,3
2025-01-08 20:00:00+00:00,-3.9,87,0.0,0.0,0.0,0.35,100,0.0,1.02,2.1,3
2025-01-08 21:00:00+00:00,-3.4,84,0.0,0.0,0.0,0.35,100,0.0,1.0,2.1,3
2025-01-08 22:00:00+00:00,-3.2,83,0.0,0.0,0.0,0.35,100,0.0,1.2,2.4,3
2025-01-08 23:00:00+00:00,-3.1,83,0.0,0.0,0.0,0.35,100,0.0,1.23,2.6,3
2025-01-09 00:00:00+00:00,-2.7,83,0.0,0.0,0.0,0.29,100,0.0,1.19,2.5,3
2025-01-09 01:00:00+00:00,-2.6,86,0.0,0.0,0.0,0.29,90,0.0,1.14,2.7,3
2025-01-09 02:00:00+00:00,-2.7,86,0.0,0.0,0.0,0.29,53,0.0,1.05,2.3,2
2025-01-09 03:00:00+00:00,-3.0,86,0.0,0.0,0.0,0.29,100,0.0,0.51,2.1,3
2025-01-09 04:00:00+00:00,-2.9,86,0.0,0.0,0.0,0.29,100,0.0,0.74,1.6,3
2025-01-09 05:00:00+00:00,-2.8,87,0.0,0.0,0.0,0.29,100,0.0,0.99,2.0,3
2025-01-09 06:00:00+00:00,-2.6,87,0.0,0.0,0.0,0.29,56,0.0,1.41,2.7,2
2025-01-09 07:00:00+00:00,-3.0,86,0.0,0.0,0.0,0.29,94,0.0,1.65,3.4,3
2025-01-09 08:00:00+00:00,-3.6,86,0.0,0.0,0.0,0.29,99,0.0,1.4,3.3,3
2025-01-09 09:00:00+00:00,-3.1,86,0.0,0.0,0.0,0.29,100,0.0,1.35,2.9,3
2025-01-09 10:00:00+00:00,-2.7,85,0.0,0.0,0.0,0.29,100,0.0,1.41,2.9,3
2025-01-09 11:00:00+00:00,-2.2,84,0.0,0.0,0.0,0.29,100,0.0,1.6,3.6,3
2025-01-09 12:00:00+00:00,-1.9,83,0.0,0.0,0.0,0.29,100,0.0,1.7,3.6,3
2025-01-09 13:00:00+00:00,-1.2,87,0.0,0.0,0.0,0.29,100,0.0,1.84,4.0,3
2025-01-09 14:00:00+00:00,-1.4,87,0.0,0.0,0.0,0.29,100,0.0,2.09,4.2,3
2025-01-09 15:00:00+00:00,-1.4,86,0.0,0.0,0.0,0.29,100,0.0,2.63,5.2,3
2025-01-09 16:00:00+00:00,-1.4,85,0.0,0.0,0.0,0.29,100,0.0,3.4,6.7,3
2025-01-09 17:00:00+00:00,-1.5,86,0.0,0.0,0.0,0.29,100,0.0,3.78,7.5,3
2025-01-09 18:00:00+00:00,-1.7,86,0.1,0.0,0.07,0.29,99,0.0,4.02,8.0,71
2025-01-09 19:00:00+00:00,-1.8,85,0.0,0.0,0.0,0.29,100,0.0,4.34,8.6,3
2025-01-09 20:00:00+00:00,-2.0,85,0.0,0.0,0.0,0.29,100,0.0,4.54,9.1,3
2025-01-09 21:00:00+00:00,-2.2,85,0.1,0.0,0.07,0.29,100,0.0,4.43,9.1,71
2025-01-09 22:00:00+00:00,-2.4,82,0.0,0.0,0.0,0.29,77,0.0,4.27,8.9,2
2025-01-09 23:00:00+00:00,-3.5,83,0.0,0.0,0.0,0.29,17,0.0,4.2,8.6,0
2025-01-10 00:00:00+00:00,-4.3,83,0.0,0.0,0.0,0.29,19,0.0,4.16,8.4,0
2025-01-10 01:00:00+00:00,-3.4,82,0.0,0.0,0.0,0.29,0,0.0,4.46,8.7,0
2025-01-10 02:00:00+00:00,-4.2,83,0.0,0.0,0.0,0.29,3,0.0,4.21,8.8,0
2025-01-10 03:00:00+00:00,-5.1,85,0.0,0.0,0.0,0.29,2,0.0,3.5,8.3,0
2025-01-10 04:00:00+00:00,-5.9,87,0.0,0.0,0.0,0.29,3,0.0,3.22,7.0,0
2025-01-10 05:00:00+00:00,-6.6,86,0.0,0.0,0.0,0.29,3,0.0,2.95,6.5,0
2025-01-10 06:00:00+00:00,-6.6,85,0.0,0.0,0.0,0.29,0,0.0,3.33,6.6,0
2025-01-10 07:00:00+00:00,-7.2,85,0.0,0.0,0.0,0.29,0,0.0,3.01,6.7,0
2025-01-10 08:00:00+00:00,-8.1,85,0.0,0.0,0.0,0.29,0,0.0,2.48,6.0,0
2025-01-10 09:00:00+00:00,-8.6,85,0.0,0.0,0.0,0.29,0,2408.29,2.38,5.1,0
2025-01-10 10:00:00+00:00,-7.9,83,0.0,0.0,0.0,0.28,0,3600.0,2.34,5.0,0
2025-01-10 11:00:00+00:00,-7.3,80,0.0,0.0,0.0,0.28,0,3600.0,1.8,5.0,0
2025-01-10 12:00:00+00:00,-7.1,79,0.0,0.0,0.0,0.28,0,3600.0,1.53,4.2,0
2025-01-10 13:00:00+00:00,-4.5,78,0.0,0.0,0.0,0.28,0,3600.0,2.09,4.7,0
2025-01-10 14:00:00+00:00,-5.3,80,0.0,0.0,0.0,0.28,0,3600.0,2.12,4.4,0
2025-01-10 15:00:00+00:00,-5.9,79,0.0,0.0,0.0,0.28,0,535.17,2.29,4.7,0
2025-01-10 16:00:00+00:00,-6.3,79,0.0,0.0,0.0,0.28,2,0.0,2.09,4.7,0
2025-01-10 17:00:00+00:00,-6.6,79,0.0,0.0,0.0,0.28,0,0.0,2.15,4.4,0
2025-01-10 18:00:00+00:00,-6.7,77,0.0,0.0,0.0,0.28,0,0.0,2.26,4.7,0
2025-01-10 19:00:00+00:00,-6.8,76,0.0,0.0,0.0,0.28,0,0.0,2.3,4.9,0
2025-01-10 20:00:00+00:00,-7.3,76,0.0,0.0,0.0,0.28,1,0.0,2.17,4.8,0
2025-01-10 21:00:00+00:00,-7.7,76,0.0,0.0,0.0,0.28,0,0.0,2.16,4.4,0
2025-01-10 22:00:00+00:00,-7.9,77,0.0,0.0,0.0,0.28,1,0.0,2.2,4.5,0
2025-01-10 23:00:00+00:00,-7.8,77,0.0,0.0,0.0,0.28,9,0.0,2.25,4.7,0
2025-01-11 00:00:00+00:00,-7.7,77,0.0,0.0,0.0,0.28,1,0.0,2.2,4.7,0
2025-01-11 01:00:00+00:00,-6.5,76,0.0,0.0,0.0,0.28,0,0.0,2.72,6.0,0
2025-01-11 02:00:00+00:00,-6.7,76,0.0,0.0,0.0,0.28,3,0.0,2.9,5.8,0
2025-01-11 03:00:00+00:00,-6.5,76,0.0,0.0,0.0,0.28,1,0.0,2.61,5.9,0
2025-01-11 04:00:00+00:00,-5.9,75,0.0,0.0,0.0,0.28,2,0.0,2.73,5.5,0
2025-01-11 05:00:00+00:00,-5.8,75,0.0,0.0,0.0,0.28,1,0.0,2.73,5.5,0
2025-01-11 06:00:00+00:00,-5.9,74,0.0,0.0,0.0,0.28,6,0.0,3.39,6.4,0
2025-01-11 07:00:00+00:00,-5.1,74,0.0,0.0,0.0,0.28,2,0.0,3.85,7.5,0
2025-01-11 08:00:00+00:00,-4.6,76,0.0,0.0,0.0,0.28,3,0.0,3.2,7.5,0
2025-01-11 09:00:00+00:00,-5.0,76,0.0,0.0,0.0,0.28,21,1623.39,2.89,6.3,1
2025-01-11 10:00:00+00:00,-4.4,73,0.0,0.0,0.0,0.28,35,3600.0,3.01,6.0,1
2025-01-11 11:00:00+00:00,-3.5,68,0.0,0.0,0.0,0.28,17,3600.0,3.37,6.7,0
2025-01-11 12:00:00+00:00,-3.0,68,0.0,0.0,0.0,0.28,0,3600.0,3.11,6.8,0
2025-01-11 13:00:00+00:00,-2.5,70,0.0,0.0,0.0,0.28,0,3600.0,3.19,7.4,0
2025-01-11 14:00:00+00:00,-3.2,72,0.0,0.0,0.0,0.28,1,3600.0,2.94,6.4,0
2025-01-11 15:00:00+00:00,-4.6,78,0.0,0.0,0.0,0.28,0,1169.69,2.78,5.8,0
2025-01-11 16:00:00+00:00,-5.2,78,0.0,0.0,0.0,0.28,0,0.0,2.56,5.4,0
2025-01-11 17:00:00+00:00,-5.4,77,0.0,0.0,0.0,0.28,0,0.0,2.4,5.0,0
2025-01-11 18:00:00+00:00,-5.9,78,0.0,0.0,0.0,0.28,0,0.0,2.07,4.7,0
2025-01-11 19:00:00+00:00,-6.8,79,0.0,0.0,0.0,0.28,0,0.0,1.82,4.1,0
2025-01-11 20:00:00+00:00,-7.4,80,0.0,0.0,0.0,0.28,0,0.0,1.15,3.5,0
2025-01-11 21:00:00+00:00,-8.2,82,0.0,0.0,0.0,0.28,0,0.0,0.76,2.6,0
2025-01-11 22:00:00+00:00,-8.9,84,0.0,0.0,0.0,0.28,4,0.0,0.74,2.1,0
2025-01-11 23:00:00+00:00,-9.5,86,0.0,0.0,0.0,0.28,1,0.0,0.47,2.0,0
2025-01-12 00:00:00+00:00,-10.1,88,0.0,0.0,0.0,0.28,2,0.0,0.32,1.5,0
2025-01-12 01:00:00+00:00,-10.7,90,0.0,0.0,0.0,0.28,1,0.0,0.81,2.0,0
2025-01-12 02:00:00+00:00,-11.4,93,0.0,0.0,0.0,0.28,1,0.0,0.63,1.9,0
2025-01-12 03:00:00+00:00,-11.8,94,0.0,0.0,0.0,0.28,2,0.0,0.47,1.6,0
2025-01-12 04:00:00+00:00,-12.3,96,0.0,0.0,0.0,0.28,4,0.0,0.42,1.4,0
2025-01-12 05:00:00+00:00,-12.7,96,0.0,0.0,0.0,0.28,3,0.0,0.63,1.6,0
2025-01-12 06:00:00+00:00,-13.1,96,0.0,0.0,0.0,0.28,94,0.0,0.53,1.6,3
2025-01-12 07:00:00+00:00,-13.4,93,0.0,0.0,0.0,0.28,100,0.0,0.71,1.7,3
2025-01-12 08:00:00+00:00,-13.6,92,0.0,0.0,0.0,0.28,100,0.0,0.94,2.3,3
2025-01-12 09:00:00+00:00,-13.5,89,0.0,0.0,0.0,0.28,100,0.0,0.85,2.3,3
2025-01-12 10:00:00+00:00,-13.1,85,0.0,0.0,0.0,0.27,100,0.0,0.75,2.0,3
2025-01-12 11:00:00+00:00,-12.6,83,0.0,0.0,0.0,0.27,100,0.0,0.46,2.0,3
2025-01-12 12:00:00+00:00,-11.9,82,0.0,0.0,0.0,0.27,100,2665.81,0.22,1.6,3
2025-01-12 13:00:00+00:00,-10.9,85,0.0,0.0,0.0,0.27,100,3600.0,0.46,1.1,3
2025-01-12 14:00:00+00:00,-12.0,87,0.0,0.0,0.0,0.27,100,3600.0,0.83,1.7,3
2025-01-12 15:00:00+00:00,-12.9,88,0.0,0.0,0.0,0.27,100,0.0,1.03,2.2,3
2025-01-12 16:00:00+00:00,-13.4,89,0.0,0.0,0.0,0.27,98,0.0,1.3,2.8,3
2025-01-12 17:00:00+00:00,-14.1,89,0.0,0.0,0.0,0.27,98,0.0,0.65,2.9,3
2025-01-12 18:00:00+00:00,-14.9,88,0.0,0.0,0.0,0.27,98,0.0,0.53,1.7,3
2025-01-12 19:00:00+00:00,-14.8,87,0.0,0.0,0.0,0.27,96,0.0,0.73,1.8,3
2025-01-12 20:00:00+00:00,-14.8,88,0.0,0.0,0.0,0.27,100,0.0,0.65,2.6,3
2025-01-12 21:00:00+00:00,-15.1,88,0.0,0.0,0.0,0.27,100,0.0,0.35,1.6,3
2025-01-12 22:00:00+00:00,-14.9,89,0.0,0.0,0.0,0.27,100,0.0,0.41,1.4,3
2025-01-12 23:00:00+00:00,-14.1,89,0.0,0.0,0.0,0.27,100,0.0,0.16,1.3,3
2025-01-13 00:00:00+00:00,-13.6,89,0.0,0.0,0.0,0.27,100,0.0,0.79,2.0,3
2025-01-13 01:00:00+00:00,-13.0,82,0.0,0.0,0.0,0.27,100,0.0,0.81,2.1,3
2025-01-13 02:00:00+00:00,-12.4,83,0.0,0.0,0.0,0.27,100,0.0,1.14,2.8,3
2025-01-13 03:00:00+00:00,-12.8,87,0.0,0.0,0.0,0.27,100,0.0,0.69,2.8,3
2025-01-13 04:00:00+00:00,-11.7,85,0.0,0.0,0.0,0.27,100,0.0,0.86,2.5,3
2025-01-13 05:00:00+00:00,-11.1,83,0.0,0.0,0.0,0.27,100,0.0,1.03,2.9,3
2025-01-13 06:00:00+00:00,-10.0,83,0.0,0.0,0.0,0.27,100,0.0,1.28,3.2,3
2025-01-13 07:00:00+00:00,-8.6,86,0.0,0.0,0.0,0.27,100,0.0,1.81,4.0,3
2025-01-13 08:00:00+00:00,-5.9,89,0.0,0.0,0.0,0.27,100,0.0,3.25,6.3,3
2025-01-13 09:00:00+00:00,-2.5,91,0.0,0.0,0.0,0.27,100,0.0,4.29,8.2,3
2025-01-13 10:00:00+00:00,0.4,88,0.0,0.0,0.0,0.27,100,0.0,5.08,10.1,3
2025-01-13 11:00:00+00:00,1.9,85,0.0,0.0,0.0,0.27,100,824.42,5.1,10.2,3
2025-01-13 12:00:00+00:00,2.8,85,0.0,0.0,0.0,0.27,100,0.0,5.79,11.5,3
2025-01-13 13:00:00+00:00,2.6,88,0.0,0.0,0.0,0.27,100,0.0,6.64,13.5,3
2025-01-13 14:00:00+00:00,3.0,87,0.0,0.0,0.0,0.27,100,0.0,6.66,13.2,3
2025-01-13 15:00:00+00:00,3.0,88,0.0,0.0,0.0,0.27,100,0.0,5.87,13.1,3
2025-01-13 16:00:00+00:00,2.9,89,0.0,0.0,0.0,0.27,100,0.0,5.12,11.5,3
2025-01-13 17:00:00+00:00,2.9,89,0.0,0.0,0.0,0.27,100,0.0,3.94,9.9,3
2025-01-13 18:00:00+00:00,2.5,91,0.0,0.0,0.0,0.27,100,0.0,3.54,7.7,3
2025-01-13 19:00:00+00:00,2.8,90,0.0,0.0,0.0,0.27,100,0.0,3.64,7.1,3
2025-01-13 20:00:00+00:00,3.0,89,0.0,0.0,0.0,0.27,100,0.0,4.34,8.5,3
2025-01-13 21:00:00+00:00,3.1,90,0.0,0.0,0.0,0.27,100,0.0,4.25,8.5,3
2025-01-13 22:00:00+00:00,3.2,90,0.0,0.0,0.0,0.27,68,0.0,3.8,8.2,2
2025-01-13 23:00:00+00:00,2.7,92,0.0,0.0,0.0,0.27,31,0.0,3.43,7.4,1
2025-01-14 00:00:00+00:00,2.6,92,0.0,0.0,0.0,0.27,19,0.0,3.65,6.9,0
2025-01-14 01:00:00+00:00,2.2,94,0.0,0.0,0.0,0.27,66,0.0,3.32,6.4,2
2025-01-14 02:00:00+00:00,2.0,93,0.0,0.0,0.0,0.27,79,0.0,2.61,6.4,2
2025-01-14 03:00:00+00:00,1.9,93,0.0,0.0,0.0,0.27,99,0.0,2.21,5.1,3
2025-01-14 04:00:00+00:00,1.8,93,0.0,0.0,0.0,0.27,99,0.0,2.06,4.3,3
2025-01-14 05:00:00+00:00,1.8,93,0.0,0.0,0.0,0.27,100,0.0,1.67,3.9,3
2025-01-14 06:00:00+00:00,1.4,93,0.0,0.0,0.0,0.27,100,0.0,1.52,3.3,3
2025-01-14 07:00:00+00:00,0.5,95,0.0,0.0,0.0,0.27,69,0.0,1.66,3.3,2
2025-01-14 08:00:00+00:00,-0.1,96,0.0,0.0,0.0,0.27,88,0.0,0.85,3.3,3
2025-01-14 09:00:00+00:00,0.1,96,0.0,0.0,0.0,0.28,100,19.69,0.58,2.2,3
2025-01-14 10:00:00+00:00,0.0,100,0.0,0.0,0.0,0.28,100,0.0,0.4,1.8,3
2025-01-14 11:00:00+00:00,0.3,100,0.0,0.0,0.0,0.28,100,1626.79,0.73,1.6,3
2025-01-14 12:00:00+00:00,0.1,99,0.0,0.0,0.0,0.28,98,734.19,0.28,1.6,3
2025-01-14 13:00:00+00:00,-0.5,100,0.0,0.0,0.0,0.28,100,0.0,0.21,1.4,3
2025-01-14 14:00:00+00:00,-0.6,99,0.0,0.0,0.0,0.29,100,0.0,0.45,1.7,3
2025-01-14 15:00:00+00:00,-1.7,99,0.0,0.0,0.0,0.29,90,0.0,0.92,2.4,3
2025-01-14 16:00:00+00:00,-1.6,95,0.0,0.0,0.0,0.29,76,0.0,1.1,2.5,2
2025-01-14 17:00:00+00:00,-1.6,91,0.0,0.0,0.0,0.3,76,0.0,1.27,2.8,2
2025-01-14 18:00:00+00:00,-1.2,87,0.0,0.0,0.0,0.3,48,0.0,1.75,3.4,1
2025-01-14 19:00:00+00:00,-0.2,82,0.0,0.0,0.0,0.31,55,0.0,1.75,3.6,2
2025-01-14 20:00:00+00:00,-0.2,82,0.0,0.0,0.0,0.31,78,0.0,1.59,3.5,2
2025-01-14 21:00:00+00:00,-0.7,83,0.0,0.0,0.0,0.32,29,0.0,1.5,3.1,1
2025-01-14 22:00:00+00:00,-1.8,85,0.0,0.0,0.0,0.32,5,0.0,1.13,2.7,0
2025-01-14 23:00:00+00:00,-2.6,87,0.0,0.0,0.0,0.33,23,0.0,0.34,2.1,1
2025-01-15 00:00:00+00:00,-3.0,88,0.0,0.0,0.0,0.33,100,0.0,0.21,1.1,3
2025-01-15 01:00:00+00:00,-3.1,88,0.0,0.0,0.0,0.33,79,0.0,0.36,1.2,2
2025-01-15 02:00:00+00:00,-3.7,89,0.0,0.0,0.0,0.33,99,0.0,0.85,1.9,3
2025-01-15 03:00:00+00:00,-4.3,90,0.0,0.0,0.0,0.33,96,0.0,0.45,2.0,3
2025-01-15 04:00:00+00:00,-4.4,90,0.0,0.0,0.0,0.33,100,0.0,0.32,1.1,3
2025-01-15 05:00:00+00:00,-4.9,91,0.0,0.0,0.0,0.33,99,0.0,0.22,0.8,3
2025-01-15 06:00:00+00:00,-5.4,96,0.0,0.0,0.0,0.33,99,0.0,0.4,1.2,3
2025-01-15 07:00:00+00:00,-5.6,97,0.0,0.0,0.0,0.33,100,0.0,0.78,2.1,3
2025-01-15 08:00:00+00:00,-4.2,93,0.0,0.0,0.0,0.33,100,0.0,0.65,1.9,3
2025-01-15 09:00:00+00:00,-3.1,93,0.0,0.0,0.0,0.34,100,0.0,1.21,2.7,3
2025-01-15 10:00:00+00:00,-2.3,94,0.0,0.0,0.0,0.34,100,0.0,1.01,2.7,3
2025-01-15 11:00:00+00:00,-0.3,90,0.1,0.1,0.0,0.34,100,0.0,1.19,2.9,51
2025-01-15 12:00:00+00:00,0.9,88,0.1,0.1,0.0,0.34,100,0.0,1.38,3.4,51
2025-01-15 13:00:00+00:00,1.9,88,0.1,0.1,0.0,0.34,100,0.0,2.15,4.6,51
2025-01-15 14:00:00+00:00,2.0,90,0.0,0.0,0.0,0.34,100,0.0,1.7,4.5,3
2025-01-15 15:00:00+00:00,1.8,93,0.0,0.0,0.0,0.34,100,0.0,1.8,3.6,3
2025-01-15 16:00:00+00:00,1.7,95,0.0,0.0,0.0,0.34,100,0.0,1.45,3.6,3
2025-01-15 17:00:00+00:00,1.6,96,0.0,0.0,0.0,0.34,100,0.0,1.25,3.0,3
2025-01-15 18:00:00+00:00,1.5,97,0.0,0.0,0.0,0.34,100,0.0,1.45,2.8,3
2025-01-15 19:00:00+00:00,1.3,98,0.0,0.0,0.0,0.34,100,0.0,1.97,3.5,3
2025-01-15 20:00:00+00:00,1.3,98,0.0,0.0,0.0,0.34,97,0.0,1.8,4.1,3
2025-01-15 21:00:00+00:00,0.8,97,0.0,0.0,0.0,0.34,60,0.0,1.38,3.3,2
2025-01-15 22:00:00+00:00,0.3,97,0.0,0.0,0.0,0.33,17,0.0,0.6,2.5,0
2025-01-15 23:00:00+00:00,-0.1,98,0.0,0.0,0.0,0.33,13,0.0,0.53,1.7,0
2025-01-16 00:00:00+00:00,-0.4,96,0.0,0.0,0.0,0.33,54,0.0,0.89,1.9,2
2025-01-16 01:00:00+00:00,0.4,95,0.0,0.0,0.0,0.32,72,0.0,0.72,2.0,2
2025-01-16 02:00:00+00:00,0.2,96,0.0,0.0,0.0,0.32,51,0.0,1.35,2.3,2
2025-01-16 03:00:00+00:00,-0.3,97,0.0,0.0,0.0,0.32,94,0.0,1.2,2.8,3
2025-01-16 04:00:00+00:00,0.4,96,0.0,0.0,0.0,0.32,100,0.0,1.22,2.5,3
2025-01-16 05:00:00+00:00,1.1,95,0.0,0.0,0.0,0.32,99,0.0,1.24,2.3,3
2025-01-16 06:00:00+00:00,0.2,96,0.0,0.0,0.0,0.32,91,0.0,1.23,2.2,3
2025-01-16 07:00:00+00:00,-0.5,98,0.0,0.0,0.0,0.32,100,0.0,0.87,2.2,3
2025-01-16 08:00:00+00:00,-0.9,98,0.0,0.0,0.0,0.32,99,0.0,0.67,1.8,3
2025-01-16 09:00:00+00:00,-0.9,98,0.0,0.0,0.0,0.32,97,2671.91,0.89,1.7,3
2025-01-16 10:00:00+00:00,-0.4,99,0.0,0.0,0.0,0.32,100,3600.0,0.93,2.1,3
2025-01-16 11:00:00+00:00,0.6,98,0.0,0.0,0.0,0.32,100,2713.4,0.57,1.9,3
2025-01-16 12:00:00+00:00,1.4,96,0.0,0.0,0.0,0.32,99,3600.0,0.71,1.8,3
2025-01-16 13:00:00+00:00,1.5,95,0.0,0.0,0.0,0.32,99,930.35,0.82,1.8,3
2025-01-16 14:00:00+00:00,1.7,95,0.0,0.0,0.0,0.32,99,2007.99,1.04,2.0,3
2025-01-16 15:00:00+00:00,1.5,94,0.0,0.0,0.0,0.32,100,0.0,1.48,2.4,3
2025-01-16 16:00:00+00:00,1.6,94,0.0,0.0,0.0,0.31,100,0.0,1.32,2.6,3
2025-01-16 17:00:00+00:00,1.7,94,0.0,0.0,0.0,0.31,100,0.0,1.23,2.2,3
2025-01-16 18:00:00+00:00,1.2,96,0.0,0.0,0.0,0.31,100,0.0,1.29,2.2,3
2025-01-16 19:00:00+00:00,0.4,97,0.0,0.0,0.0,0.31,100,0.0,1.27,2.3,3
2025-01-16 20:00:00+00:00,0.2,97,0.0,0.0,0.0,0.31,100,0.0,1.46,2.3,3
2025-01-16 21:00:00+00:00,0.2,96,0.0,0.0,0.0,0.31,100,0.0,1.18,2.5,3
2025-01-16 22:00:00+00:00,0.3,96,0.0,0.0,0.0,0.31,99,0.0,1.16,2.1,3
2025-01-16 23:00:00+00:00,-0.1,98,0.0,0.0,0.0,0.31,100,0.0,1.03,2.3,3
2025-01-17 00:00:00+00:00,-0.1,98,0.0,0.0,0.0,0.31,100,0.0,0.85,2.0,3
2025-01-17 01:00:00+00:00,1.8,94,0.0,0.0,0.0,0.31,100,0.0,1.42,2.7,3
2025-01-17 02:00:00+00:00,2.1,91,0.0,0.0,0.0,0.31,100,0.0,1.51,3.1,3
2025-01-17 03:00:00+00:00,1.9,88,0.0,0.0,0.0,0.31,100,0.0,1.75,3.4,3
2025-01-17 04:00:00+00:00,1.9,85,0.0,0.0,0.0,0.31,100,0.0,1.91,3.7,3
2025-01-17 05:00:00+00:00,2.1,82,0.0,0.0,0.0,0.31,99,0.0,1.93,3.8,3
2025-01-17 06:00:00+00:00,1.9,81,0.0,0.0,0.0,0.31,100,0.0,1.93,3.9,3
2025-01-17 07:00:00+00:00,1.7,82,0.0,0.0,0.0,0.31,100,0.0,2.24,4.2,3
2025-01-17 08:00:00+00:00,1.5,83,0.0,0.0,0.0,0.31,100,0.0,2.66,4.8,3
2025-01-17 09:00:00+00:00,2.2,82,0.0,0.0,0.0,0.31,100,0.0,2.57,5.4,3
2025-01-17 10:00:00+00:00,2.9,77,0.0,0.0,0.0,0.31,97,217.24,2.62,5.1,3
2025-01-17 11:00:00+00:00,3.5,75,0.0,0.0,0.0,0.31,91,3600.0,3.08,6.4,3
2025-01-17 12:00:00+00:00,3.6,76,0.0,0.0,0.0,0.31,61,3600.0,3.46,7.2,2
2025-01-17 13:00:00+00:00,3.5,84,0.0,0.0,0.0,0.31,10,3600.0,4.12,9.3,0
2025-01-17 14:00:00+00:00,3.2,83,0.0,0.0,0.0,0.31,12,3600.0,4.0,8.1,0
2025-01-17 15:00:00+00:00,2.8,85,0.0,0.0,0.0,0.31,42,2714.98,4.4,8.2,1
2025-01-17 16:00:00+00:00,2.6,86,0.0,0.0,0.0,0.31,47,0.0,3.85,8.5,1
2025-01-17 17:00:00+00:00,2.5,86,0.0,0.0,0.0,0.31,9,0.0,3.64,7.3,0
2025-01-17 18:00:00+00:00,2.4,88,0.0,0.0,0.0,0.31,7,0.0,3.05,6.9,0
2025-01-17 19:00:00+00:00,2.0,88,0.0,0.0,0.0,0.31,34,0.0,2.5,5.7,1
2025-01-17 20:00:00+00:00,1.6,90,0.0,0.0,0.0,0.31,33,0.0,2.15,4.6,1
2025-01-17 21:00:00+00:00,0.7,94,0.0,0.0,0.0,0.31,80,0.0,1.67,4.0,3
2025-01-17 22:00:00+00:00,0.1,95,0.0,0.0,0.0,0.31,84,0.0,0.79,3.1,3
2025-01-17 23:00:00+00:00,-0.3,95,0.0,0.0,0.0,0.31,17,0.0,0.5,2.0,0
2025-01-18 00:00:00+00:00,-0.1,91,0.0,0.0,0.0,0.31,99,0.0,0.11,1.5,3
2025-01-18 01:00:00+00:00,0.9,88,0.0,0.0,0.0,0.31,99,0.0,0.14,1.3,3
2025-01-18 02:00:00+00:00,0.7,89,0.0,0.0,0.0,0.31,100,0.0,0.1,1.1,3
2025-01-18 03:00:00+00:00,0.3,90,0.0,0.0,0.0,0.3,100,0.0,0.07,1.1,3
2025-01-18 04:00:00+00:00,-0.9,93,0.0,0.0,0.0,0.3,76,0.0,0.7,1.5,2
2025-01-18 05:00:00+00:00,-2.2,95,0.0,0.0,0.0,0.3,89,0.0,2.11,3.7,3
2025-01-18 06:00:00+00:00,-2.8,96,0.0,0.0,0.0,0.3,94,0.0,1.14,3.6,3
2025-01-18 07:00:00+00:00,-1.8,90,0.0,0.0,0.0,0.3,97,0.0,0.11,2.0,3
2025-01-18 08:00:00+00:00,-1.3,85,0.0,0.0,0.0,0.3,96,0.0,0.11,1.0,3
2025-01-18 09:00:00+00:00,-1.1,85,0.0,0.0,0.0,0.3,100,0.0,0.27,1.0,3
2025-01-18 10:00:00+00:00,-0.9,87,0.0,0.0,0.0,0.3,98,1836.87,1.05,1.7,3
2025-01-18 11:00:00+00:00,-0.3,85,0.0,0.0,0.0,0.3,100,1929.31,1.08,2.9,3
2025-01-18 12:00:00+00:00,0.6,82,0.0,0.0,0.0,0.3,100,3600.0,0.41,2.3,3
2025-01-18 13:00:00+00:00,1.5,93,0.0,0.0,0.0,0.3,99,3600.0,1.25,2.5,3
2025-01-18 14:00:00+00:00,1.3,94,0.0,0.0,0.0,0.3,82,3600.0,1.12,2.5,3
2025-01-18 15:00:00+00:00,0.7,97,0.0,0.0,0.0,0.3,87,1938.46,1.25,2.3,3
2025-01-18 16:00:00+00:00,0.2,100,0.0,0.0,0.0,0.3,100,0.0,1.31,2.4,3
2025-01-18 17:00:00+00:00,0.4,100,0.0,0.0,0.0,0.3,100,0.0,1.4,2.6,3
2025-01-18 18:00:00+00:00,0.6,100,0.0,0.0,0.0,0.3,100,0.0,1.26,2.6,3
2025-01-18 19:00:00+00:00,0.7,100,0.0,0.0,0.0,0.3,100,0.0,1.38,2.6,3
2025-01-18 20:00:00+00:00,0.6,100,0.0,0.0,0.0,0.3,100,0.0,1.21,2.6,3
2025-01-18 21:00:00+00:00,0.6,100,0.0,0.0,0.0,0.3,100,0.0,1.24,2.6,3
2025-01-18 22:00:00+00:00,0.4,99,0.0,0.0,0.0,0.3,100,0.0,1.31,2.6,3
2025-01-18 23:00:00+00:00,0.1,99,0.0,0.0,0.0,0.3,100,0.0,1.41,2.9,3
2025-01-19 00:00:00+00:00,-0.1,98,0.0,0.0,0.0,0.3,100,0.0,1.2,2.8,3
2025-01-19 01:00:00+00:00,1.4,100,0.0,0.0,0.0,0.3,100,0.0,1.55,2.9,3
2025-01-19 02:00:00+00:00,1.1,99,0.0,0.0,0.0,0.3,100,0.0,2.02,3.8,3
2025-01-19 03:00:00+00:00,0.8,99,0.0,0.0,0.0,0.3,100,0.0,1.92,3.9,3
2025-01-19 04:00:00+00:00,0.6,99,0.0,0.0,0.0,0.3,100,0.0,1.63,3.7,3
2025-01-19 05:00:00+00:00,0.2,99,0.0,0.0,0.0,0.3,100,0.0,1.71,3.4,3
2025-01-19 06:00:00+00:00,0.0,99,0.0,0.0,0.0,0.3,100,0.0,1.42,3.2,3
2025-01-19 07:00:00+00:00,-0.5,99,0.0,0.0,0.0,0.3,100,0.0,1.03,2.9,3
2025-01-19 08:00:00+00:00,-0.8,99,0.0,0.0,0.0,0.3,100,0.0,0.89,2.6,3
2025-01-19 09:00:00+00:00,-0.8,99,0.0,0.0,0.0,0.3,100,0.0,0.62,2.4,3
2025-01-19 10:00:00+00:00,-0.9,97,0.0,0.0,0.0,0.3,100,0.0,0.11,2.2,3
2025-01-19 11:00:00+00:00,-0.8,97,0.0,0.0,0.0,0.3,100,0.0,0.41,1.7,3
2025-01-19 12:00:00+00:00,-0.6,95,0.0,0.0,0.0,0.3,100,0.0,0.6,1.9,3
2025-01-19 13:00:00+00:00,0.4,97,0.0,0.0,0.0,0.3,100,0.0,1.01,2.8,3
2025-01-19 14:00:00+00:00,0.3,97,0.0,0.0,0.0,0.3,100,0.0,1.41,3.2,3
2025-01-19 15:00:00+00:00,0.2,95,0.0,0.0,0.0,0.3,100,0.0,0.67,3.2,3
2025-01-19 16:00:00+00:00,0.2,95,0.0,0.0,0.0,0.3,100,0.0,0.21,1.2,3
2025-01-19 17:00:00+00:00,-0.3,98,0.0,0.0,0.0,0.3,100,0.0,0.62,1.1,3
2025-01-19 18:00:00+00:00,-0.5,98,0.0,0.0,0.0,0.3,100,0.0,1.25,2.4,3
2025-01-19 19:00:00+00:00,-0.4,98,0.0,0.0,0.0,0.3,100,0.0,1.73,3.5,3
2025-01-19 20:00:00+00:00,-0.5,97,0.0,0.0,0.0,0.3,100,0.0,1.52,3.7,3
2025-01-19 21:00:00+00:00,-0.6,97,0.0,0.0,0.0,0.3,100,0.0,1.34,3.1,3
2025-01-19 22:00:00+00:00,-0.6,97,0.0,0.0,0.0,0.3,100,0.0,1.99,3.8,3
2025-01-19 23:00:00+00:00,-0.6,96,0.0,0.0,0.0,0.3,100,0.0,2.04,3.9,3
2025-01-20 00:00:00+00:00,-0.7,97,0.0,0.0,0.0,0.3,100,0.0,2.19,4.2,3
2025-01-20 01:00:00+00:00,-0.2,98,0.0,0.0,0.0,0.3,100,0.0,2.12,4.4,3
2025-01-20 02:00:00+00:00,-0.2,98,0.1,0.1,0.0,0.3,100,0.0,2.0,4.2,51
2025-01-20 03:00:00+00:00,-0.2,98,0.1,0.1,0.0,0.3,100,0.0,1.86,3.9,51
2025-01-20 04:00:00+00:00,-0.2,98,0.0,0.0,0.0,0.3,100,0.0,1.73,3.5,3
2025-01-20 05:00:00+00:00,-0.2,98,0.0,0.0,0.0,0.3,100,0.0,1.54,3.3,3
2025-01-20 06:00:00+00:00,-0.3,97,0.0,0.0,0.0,0.3,100,0.0,1.68,3.1,3
2025-01-20 07:00:00+00:00,-0.3,97,0.0,0.0,0.0,0.3,100,0.0,1.77,3.4,3
2025-01-20 08:00:00+00:00,-0.3,95,0.0,0.0,0.0,0.3,100,0.0,1.68,3.4,3
2025-01-20 09:00:00+00:00,-0.3,95,0.0,0.0,0.0,0.3,100,0.0,1.77,3.5,3
2025-01-20 10:00:00+00:00,-0.3,94,0.0,0.0,0.0,0.3,100,0.0,1.95,4.0,3
2025-01-20 11:00:00+00:00,-0.2,94,0.0,0.0,0.0,0.3,100,0.0,1.95,4.1,3
2025-01-20 12:00:00+00:00,-0.3,94,0.0,0.0,0.0,0.3,100,0.0,1.77,4.0,3
2025-01-20 13:00:00+00:00,-0.6,96,0.0,0.0,0.0,0.3,100,0.0,1.82,4.0,3
2025-01-20 14:00:00+00:00,-0.7,96,0.0,0.0,0.0,0.3,100,0.0,1.58,3.7,3
2025-01-20 15:00:00+00:00,-0.9,97,0.0,0.0,0.0,0.3,100,0.0,1.6,3.3,3
2025-01-20 16:00:00+00:00,-1.0,97,0.0,0.0,0.0,0.3,100,0.0,1.72,3.4,3
2025-01-20 17:00:00+00:00,-1.2,96,0.0,0.0,0.0,0.3,100,0.0,1.78,3.4,3
2025-01-20 18:00:00+00:00,-1.2,96,0.0,0.0,0.0,0.3,100,0.0,1.74,3.4,3
2025-01-20 19:00:00+00:00,-1.5,96,0.0,0.0,0.0,0.3,100,0.0,1.73,3.4,3
2025-01-20 20:00:00+00:00,-1.8,96,0.0,0.0,0.0,0.3,100,0.0,2.09,4.0,3
2025-01-20 21:00:00+00:00,-2.0,95,0.0,0.0,0.0,0.3,100,0.0,2.38,4.5,3
2025-01-20 22:00:00+00:00,-2.1,95,0.0,0.0,0.0,0.3,100,0.0,2.5,4.9,3
2025-01-20 23:00:00+00:00,-2.2,95,0.0,0.0,0.0,0.3,100,0.0,2.65,5.1,3
2025-01-21 00:00:00+00:00,-2.2,96,0.0,0.0,0.0,0.3,100,0.0,2.89,5.6,3
2025-01-21 01:00:00+00:00,-2.4,96,0.0,0.0,0.0,0.3,100,0.0,2.58,5.7,3
2025-01-21 02:00:00+00:00,-2.5,95,0.0,0.0,0.0,0.3,100,0.0,2.8,5.5,3
2025-01-21 03:00:00+00:00,-2.5,95,0.0,0.0,0.0,0.3,100,0.0,3.09,6.1,3
2025-01-21 04:00:00+00:00,-2.5,95,0.0,0.0,0.0,0.3,100,0.0,3.15,6.3,3
2025-01-21 05:00:00+00:00,-2.4,95,0.0,0.0,0.0,0.3,100,0.0,2.95,6.3,3
2025-01-21 06:00:00+00:00,-2.3,94,0.0,0.0,0.0,0.3,100,0.0,2.53,5.7,3
2025-01-21 07:00:00+00:00,-2.3,95,0.1,0.1,0.0,0.3,100,0.0,2.26,5.1,51
2025-01-21 08:00:00+00:00,-2.2,95,0.1,0.0,0.07,0.3,100,0.0,2.35,4.7,71
2025-01-21 09:00:00+00:00,-2.1,94,0.3,0.0,0.21,0.3,100,0.0,2.04,4.6,73
2025-01-21 10:00:00+00:00,-1.8,93,0.1,0.0,0.07,0.3,100,0.0,1.79,4.0,71
2025-01-21 11:00:00+00:00,-1.7,93,0.3,0.0,0.21,0.31,100,0.0,1.42,3.7,73
2025-01-21 12:00:00+00:00,-1.4,91,0.2,0.0,0.14,0.31,100,0.0,1.25,3.3,71
2025-01-21 13:00:00+00:00,-1.4,91,0.0,0.0,0.0,0.31,100,0.0,1.44,3.3,3
2025-01-21 14:00:00+00:00,-1.4,92,0.0,0.0,0.0,0.31,100,0.0,0.83,3.2,3
2025-01-21 15:00:00+00:00,-1.7,94,0.0,0.0,0.0,0.31,100,0.0,0.46,1.9,3
2025-01-21 16:00:00+00:00,-1.8,94,0.0,0.0,0.0,0.31,100,0.0,0.39,1.0,3
2025-01-21 17:00:00+00:00,-2.0,95,0.0,0.0,0.0,0.31,100,0.0,0.47,1.0,3
2025-01-21 18:00:00+00:00,-2.3,96,0.1,0.0,0.07,0.31,100,0.0,0.54,1.2,71
2025-01-21 19:00:00+00:00,-2.5,96,0.1,0.0,0.07,0.31,100,0.0,0.4,1.2,71
2025-01-21 20:00:00+00:00,-2.7,96,0.1,0.0,0.07,0.31,100,0.0,0.3,1.0,71
2025-01-21 21:00:00+00:00,-3.1,97,0.1,0.0,0.07,0.31,100,0.0,0.52,1.2,71
2025-01-21 22:00:00+00:00,-3.1,96,0.1,0.0,0.07,0.31,100,0.0,0.18,1.2,71
2025-01-21 23:00:00+00:00,-3.4,96,0.0,0.0,0.0,0.31,94,0.0,0.11,0.7,3
2025-01-22 00:00:00+00:00,-4.5,97,0.0,0.0,0.0,0.31,35,0.0,0.05,0.7,1
2025-01-22 01:00:00+00:00,-5.3,98,0.0,0.0,0.0,0.31,88,0.0,0.18,0.7,3
2025-01-22 02:00:00+00:00,-6.1,98,0.0,0.0,0.0,0.31,100,0.0,0.43,1.2,3
2025-01-22 03:00:00+00:00,-5.9,96,0.0,0.0,0.0,0.31,100,0.0,0.71,1.9,3
2025-01-22 04:00:00+00:00,-5.9,94,0.0,0.0,0.0,0.31,100,0.0,0.82,2.4,3
2025-01-22 05:00:00+00:00,-5.9,95,0.0,0.0,0.0,0.31,100,0.0,1.11,2.4,3
2025-01-22 06:00:00+00:00,-5.8,96,0.0,0.0,0.0,0.31,100,0.0,1.27,2.8,3
2025-01-22 07:00:00+00:00,-6.0,95,0.0,0.0,0.0,0.31,100,0.0,1.35,2.9,3
2025-01-22 08:00:00+00:00,-6.3,94,0.0,0.0,0.0,0.31,100,0.0,1.45,3.1,3
2025-01-22 09:00:00+00:00,-5.9,94,0.0,0.0,0.0,0.31,100,0.0,1.43,3.2,3
2025-01-22 10:00:00+00:00,-5.7,94,0.0,0.0,0.0,0.31,99,0.0,1.27,3.1,3
2025-01-22 11:00:00+00:00,-5.5,94,0.0,0.0,0.0,0.31,100,3041.74,0.96,3.0,3
2025-01-22 12:00:00+00:00,-5.2,93,0.0,0.0,0.0,0.31,100,3127.04,1.1,2.7,3
2025-01-22 13:00:00+00:00,-3.9,95,0.0,0.0,0.0,0.31,99,3600.0,0.47,2.1,3
2025-01-22 14:00:00+00:00,-4.7,96,0.0,0.0,0.0,0.31,100,3600.0,0.39,1.4,3
2025-01-22 15:00:00+00:00,-6.0,97,0.0,0.0,0.0,0.31,100,2203.04,0.49,1.2,3
2025-01-22 16:00:00+00:00,-5.8,96,0.0,0.0,0.0,0.31,100,0.0,1.1,2.4,3
2025-01-22 17:00:00+00:00,-6.1,95,0.0,0.0,0.0,0.31,100,0.0,1.36,3.0,3
2025-01-22 18:00:00+00:00,-6.5,95,0.0,0.0,0.0,0.31,100,0.0,1.23,3.0,3
2025-01-22 19:00:00+00:00,-6.6,94,0.0,0.0,0.0,0.31,100,0.0,1.74,3.7,3
2025-01-22 20:00:00+00:00,-6.7,95,0.0,0.0,0.0,0.31,100,0.0,1.74,3.9,3
2025-01-22 21:00:00+00:00,-6.7,94,0.0,0.0,0.0,0.31,100,0.0,1.89,3.7,3
2025-01-22 22:00:00+00:00,-6.5,94,0.0,0.0,0.0,0.31,100,0.0,1.88,4.0,3
2025-01-22 23:00:00+00:00,-6.2,95,0.0,0.0,0.0,0.31,100,0.0,2.11,4.4,3
2025-01-23 00:00:00+00:00,-6.1,96,0.0,0.0,0.0,0.31,100,0.0,2.47,5.1,3
2025-01-23 01:00:00+00:00,-6.1,94,0.0,0.0,0.0,0.31,100,0.0,2.94,6.1,3
2025-01-23 02:00:00+00:00,-6.1,93,0.0,0.0,0.0,0.31,100,0.0,3.53,7.3,3
2025-01-23 03:00:00+00:00,-6.1,92,0.0,0.0,0.0,0.31,100,0.0,3.94,8.0,3
2025-01-23 04:00:00+00:00,-5.8,91,0.0,0.0,0.0,0.31,100,0.0,4.29,8.8,3
2025-01-23 05:00:00+00:00,-5.4,89,0.0,0.0,0.0,0.31,100,0.0,5.08,10.0,3
2025-01-23 06:00:00+00:00,-5.0,89,0.1,0.0,0.07,0.31,100,0.0,5.55,11.1,71
2025-01-23 07:00:00+00:00,-4.6,89,0.3,0.0,0.21,0.31,100,0.0,5.91,11.6,73
2025-01-23 08:00:00+00:00,-4.1,88,0.4,0.0,0.28,0.32,100,0.0,5.95,12.0,73
2025-01-23 09:00:00+00:00,-3.7,88,0.8,0.0,0.56,0.32,100,0.0,5.91,12.1,73
2025-01-23 10:00:00+00:00,-3.3,88,1.0,0.0,0.7,0.33,100,0.0,6.19,12.3,73
2025-01-23 11:00:00+00:00,-2.9,88,0.9,0.0,0.63,0.33,100,0.0,6.39,12.9,73
2025-01-23 12:00:00+00:00,-2.5,89,1.2,0.0,0.84,0.34,100,0.0,6.54,12.9,75
2025-01-23 13:00:00+00:00,-1.8,91,1.7,0.0,1.19,0.35,100,0.0,6.53,12.8,75
2025-01-23 14:00:00+00:00,-1.3,91,1.6,0.0,1.12,0.36,100,0.0,6.21,12.9,75
2025-01-23 15:00:00+00:00,-0.9,92,1.7,0.0,1.19,0.37,100,0.0,5.8,12.2,75
2025-01-23 16:00:00+00:00,-0.5,93,1.5,0.0,1.05,0.38,100,0.0,5.22,11.3,75
2025-01-23 17:00:00+00:00,-0.2,93,1.4,0.0,0.98,0.39,100,0.0,4.32,10.1,75
2025-01-23 18:00:00+00:00,0.1,94,0.9,0.0,0.63,0.4,100,0.0,3.18,8.3,73
2025-01-23 19:00:00+00:00,0.1,95,0.8,0.0,0.56,0.4,100,0.0,2.39,6.0,73
2025-01-23 20:00:00+00:00,-0.1,96,0.7,0.0,0.49,0.41,100,0.0,1.47,4.5,73
2025-01-23 21:00:00+00:00,-0.4,96,0.6,0.0,0.42,0.41,100,0.0,1.8,3.3,73
2025-01-23 22:00:00+00:00,-0.9,94,0.5,0.0,0.35,0.42,100,0.0,2.37,4.7,73
2025-01-23 23:00:00+00:00,-1.3,92,0.1,0.0,0.07,0.42,100,0.0,2.01,4.6,71
2025-01-24 00:00:00+00:00,-1.6,91,0.1,0.0,0.07,0.42,100,0.0,2.3,4.2,71
2025-01-24 01:00:00+00:00,-2.2,91,0.0,0.0,0.0,0.42,28,0.0,1.84,3.8,1
2025-01-24 02:00:00+00:00,-3.8,91,0.0,0.0,0.0,0.42,12,0.0,1.31,3.6,0
2025-01-24 03:00:00+00:00,-5.2,91,0.0,0.0,0.0,0.42,2,0.0,1.35,2.6,0
2025-01-24 04:00:00+00:00,-5.7,88,0.0,0.0,0.0,0.42,0,0.0,0.81,2.7,0
2025-01-24 05:00:00+00:00,-6.4,88,0.0,0.0,0.0,0.42,12,0.0,0.73,1.9,0
2025-01-24 06:00:00+00:00,-7.0,88,0.0,0.0,0.0,0.42,9,0.0,0.61,1.8,0
2025-01-24 07:00:00+00:00,-7.9,89,0.0,0.0,0.0,0.42,11,0.0,1.3,2.6,0
2025-01-24 08:00:00+00:00,-7.9,88,0.0,0.0,0.0,0.42,52,0.0,0.79,2.8,2
2025-01-24 09:00:00+00:00,-6.4,86,0.0,0.0,0.0,0.42,100,3600.0,0.35,2.1,3
2025-01-24 10:00:00+00:00,-4.6,86,0.1,0.0,0.07,0.42,100,0.0,1.42,2.4,71
2025-01-24 11:00:00+00:00,-2.8,89,0.8,0.1,0.49,0.42,100,0.0,1.43,2.8,73
2025-01-24 12:00:00+00:00,-1.1,95,1.5,0.1,0.98,0.43,100,0.0,1.36,3.1,75
2025-01-24 13:00:00+00:00,0.1,97,0.9,0.2,0.49,0.43,100,0.0,2.4,4.5,73
2025-01-24 14:00:00+00:00,2.1,93,0.7,0.7,0.0,0.44,100,0.0,4.9,9.6,53
2025-01-24 15:00:00+00:00,1.9,95,1.3,1.3,0.0,0.44,100,0.0,6.04,12.0,61
2025-01-24 16:00:00+00:00,1.5,97,1.3,1.1,0.14,0.44,100,0.0,5.89,12.1,71
2025-01-24 17:00:00+00:00,1.5,95,1.4,0.7,0.49,0.45,100,0.0,6.74,13.0,73
2025-01-24 18:00:00+00:00,1.6,94,1.8,0.6,0.84,0.46,100,0.0,7.5,14.7,75
2025-01-24 19:00:00+00:00,3.1,92,1.2,1.1,0.07,0.46,100,0.0,8.96,17.2,71
2025-01-24 20:00:00+00:00,4.0,91,0.1,0.1,0.0,0.46,92,0.0,8.7,17.8,51
2025-01-24 21:00:00+00:00,3.7,87,0.0,0.0,0.0,0.46,65,0.0,7.92,17.3,2
2025-01-24 22:00:00+00:00,3.9,81,0.0,0.0,0.0,0.45,61,0.0,7.55,16.0,2
2025-01-24 23:00:00+00:00,3.7,80,0.5,0.5,0.0,0.45,97,0.0,8.05,16.4,53
2025-01-25 00:00:00+00:00,3.7,78,0.2,0.2,0.0,0.45,40,0.0,7.71,16.0,51
2025-01-25 01:00:00+00:00,3.6,81,0.0,0.0,0.0,0.44,60,0.0,7.79,16.0,2
2025-01-25 02:00:00+00:00,3.4,77,0.0,0.0,0.0,0.44,26,0.0,7.41,15.6,1
2025-01-25 03:00:00+00:00,3.0,77,0.0,0.0,0.0,0.44,23,0.0,7.48,14.9,1
2025-01-25 04:00:00+00:00,3.0,76,0.0,0.0,0.0,0.44,37,0.0,7.26,14.8,1
2025-01-25 05:00:00+00:00,3.1,73,0.0,0.0,0.0,0.44,5,0.0,7.8,15.2,0
2025-01-25 06:00:00+00:00,3.0,71,0.0,0.0,0.0,0.44,49,0.0,8.04,16.1,1
2025-01-25 07:00:00+00:00,2.9,73,0.0,0.0,0.0,0.43,23,0.0,8.06,16.3,1
2025-01-25 08:00:00+00:00,2.8,75,0.0,0.0,0.0,0.43,11,0.0,7.8,16.1,0
2025-01-25 09:00:00+00:00,2.6,77,0.0,0.0,0.0,0.43,13,3600.0,7.56,15.6,0
2025-01-25 10:00:00+00:00,2.7,78,0.0,0.0,0.0,0.43,1,3600.0,7.28,15.1,0
2025-01-25 11:00:00+00:00,2.7,78,0.0,0.0,0.0,0.43,23,3600.0,7.02,14.6,1
2025-01-25 12:00:00+00:00,2.7,78,0.0,0.0,0.0,0.43,1,3600.0,6.92,14.1,0
2025-01-25 13:00:00+00:00,3.5,73,0.0,0.0,0.0,0.43,0,3600.0,7.1,14.7,0
2025-01-25 14:00:00+00:00,3.2,73,0.0,0.0,0.0,0.42,0,3600.0,7.22,14.2,0
2025-01-25 15:00:00+00:00,2.8,76,0.0,0.0,0.0,0.42,0,3600.0,7.36,14.6,0
2025-01-25 16:00:00+00:00,2.3,78,0.0,0.0,0.0,0.42,2,0.0,7.01,14.5,0
2025-01-25 17:00:00+00:00,2.0,79,0.0,0.0,0.0,0.42,1,0.0,6.83,13.8,0
2025-01-25 18:00:00+00:00,1.8,81,0.0,0.0,0.0,0.42,7,0.0,6.89,13.7,0
2025-01-25 19:00:00+00:00,1.7,83,0.0,0.0,0.0,0.42,92,0.0,6.84,13.7,3
2025-01-25 20:00:00+00:00,1.9,82,0.0,0.0,0.0,0.42,100,0.0,6.9,13.9,3
2025-01-25 21:00:00+00:00,2.0,81,0.0,0.0,0.0,0.42,82,0.0,6.71,13.8,3
2025-01-25 22:00:00+00:00,2.1,80,0.0,0.0,0.0,0.42,44,0.0,6.14,13.3,1
2025-01-25 23:00:00+00:00,2.2,78,0.0,0.0,0.0,0.42,78,0.0,6.09,12.1,2
2025-01-26 00:00:00+00:00,2.5,77,0.0,0.0,0.0,0.42,96,0.0,6.42,12.6,3
2025-01-26 01:00:00+00:00,2.7,76,0.0,0.0,0.0,0.42,52,0.0,6.32,12.9,2
2025-01-26 02:00:00+00:00,1.9,78,0.0,0.0,0.0,0.42,1,0.0,5.79,12.5,0
2025-01-26 03:00:00+00:00,1.4,80,0.0,0.0,0.0,0.42,1,0.0,5.01,11.3,0
2025-01-26 04:00:00+00:00,0.8,81,0.0,0.0,0.0,0.42,56,0.0,4.56,9.6,2
2025-01-26 05:00:00+00:00,0.4,81,0.0,0.0,0.0,0.42,91,0.0,3.4,8.6,3
2025-01-26 06:00:00+00:00,-0.2,84,0.0,0.0,0.0,0.42,0,0.0,3.87,6.9,0
2025-01-26 07:00:00+00:00,-0.8,86,0.0,0.0,0.0,0.42,0,0.0,3.63,7.7,0
2025-01-26 08:00:00+00:00,-1.4,86,0.0,0.0,0.0,0.42,0,0.0,2.41,6.9,0
2025-01-26 09:00:00+00:00,-2.8,85,0.0,0.0,0.0,0.42,100,3600.0,1.72,4.5,3
2025-01-26 10:00:00+00:00,-2.1,86,0.0,0.0,0.0,0.42,100,3600.0,1.5,3.4,3
2025-01-26 11:00:00+00:00,-1.6,84,0.0,0.0,0.0,0.41,100,3600.0,1.38,3.2,3
2025-01-26 12:00:00+00:00,-0.5,82,0.0,0.0,0.0,0.41,100,3600.0,1.61,4.2,3
2025-01-26 13:00:00+00:00,1.3,80,0.0,0.0,0.0,0.41,99,3600.0,2.41,5.9,3
2025-01-26 14:00:00+00:00,0.7,82,0.0,0.0,0.0,0.41,100,1527.53,2.23,4.8,3
2025-01-26 15:00:00+00:00,0.3,88,0.0,0.0,0.0,0.41,85,712.43,2.9,5.6,3
2025-01-26 16:00:00+00:00,-0.5,92,0.0,0.0,0.0,0.41,4,0.0,2.57,5.6,0
2025-01-26 17:00:00+00:00,-0.8,93,0.0,0.0,0.0,0.41,6,0.0,2.4,5.1,0
2025-01-26 18:00:00+00:00,-0.6,94,0.0,0.0,0.0,0.41,29,0.0,2.51,4.9,1
2025-01-26 19:00:00+00:00,-0.1,96,0.0,0.0,0.0,0.41,100,0.0,2.67,5.2,3
2025-01-26 20:00:00+00:00,0.8,96,0.0,0.0,0.0,0.41,100,0.0,2.77,5.5,3
2025-01-26 21:00:00+00:00,1.3,97,0.0,0.0,0.0,0.41,100,0.0,3.34,6.3,3
2025-01-26 22:00:00+00:00,1.4,97,0.0,0.0,0.0,0.41,100,0.0,3.59,7.2,3
2025-01-26 23:00:00+00:00,1.4,97,0.0,0.0,0.0,0.41,100,0.0,3.28,7.0,3
2025-01-27 00:00:00+00:00,1.3,97,0.0,0.0,0.0,0.41,100,0.0,3.07,6.4,3
2025-01-27 01:00:00+00:00,1.1,98,0.0,0.0,0.0,0.41,100,0.0,3.09,6.0,3
2025-01-27 02:00:00+00:00,0.8,99,0.0,0.0,0.0,0.41,100,0.0,3.11,6.2,3
2025-01-27 03:00:00+00:00,0.7,99,0.0,0.0,0.0,0.4,100,0.0,2.76,6.0,3
2025-01-27 04:00:00+00:00,0.6,98,0.0,0.0,0.0,0.4,100,0.0,2.97,5.7,3
2025-01-27 05:00:00+00:00,0.4,97,0.0,0.0,0.0,0.4,100,0.0,3.41,6.5,3
2025-01-27 06:00:00+00:00,0.1,98,0.0,0.0,0.0,0.4,100,0.0,3.42,6.7,3
2025-01-27 07:00:00+00:00,-0.2,98,0.0,0.0,0.0,0.4,100,0.0,3.29,6.5,3
2025-01-27 08:00:00+00:00,-0.4,97,0.0,0.0,0.0,0.4,100,0.0,2.84,6.2,3
2025-01-27 09:00:00+00:00,-0.5,97,0.0,0.0,0.0,0.4,100,0.0,3.07,6.3,3
2025-01-27 10:00:00+00:00,-0.5,96,0.0,0.0,0.0,0.4,100,0.0,3.47,7.0,3
2025-01-27 11:00:00+00:00,-0.4,94,0.0,0.0,0.0,0.4,100,0.0,4.2,8.7,3
2025-01-27 12:00:00+00:00,-0.3,92,0.0,0.0,0.0,0.4,100,0.0,4.42,9.6,3
2025-01-27 13:00:00+00:00,0.1,94,0.0,0.0,0.0,0.41,100,0.0,4.86,9.5,3
2025-01-27 14:00:00+00:00,0.0,93,0.4,0.0,0.28,0.41,100,0.0,4.52,9.5,73
2025-01-27 15:00:00+00:00,0.0,92,0.7,0.0,0.49,0.41,100,0.0,4.19,9.5,73
2025-01-27 16:00:00+00:00,-0.1,92,1.7,0.0,1.19,0.42,100,0.0,3.93,8.4,75
2025-01-27 17:00:00+00:00,-0.2,93,1.6,0.0,1.12,0.43,100,0.0,3.22,7.8,75
2025-01-27 18:00:00+00:00,-0.1,92,0.7,0.0,0.49,0.44,100,0.0,2.79,6.6,73
2025-01-27 19:00:00+00:00,-0.1,92,0.1,0.0,0.07,0.45,100,0.0,2.38,5.4,71
2025-01-27 20:00:00+00:00,-0.3,94,0.0,0.0,0.0,0.45,100,0.0,2.64,5.1,3
2025-01-27 21:00:00+00:00,-0.3,94,0.0,0.0,0.0,0.45,100,0.0,2.87,5.5,3
2025-01-27 22:00:00+00:00,-0.2,93,0.0,0.0,0.0,0.45,100,0.0,2.64,5.4,3
2025-01-27 23:00:00+00:00,-0.2,94,0.1,0.1,0.0,0.45,100,0.0,2.34,5.0,51
2025-01-28 00:00:00+00:00,0.1,94,0.1,0.1,0.0,0.45,100,0.0,1.81,4.4,51
2025-01-28 01:00:00+00:00,0.6,94,0.3,0.3,0.0,0.45,100,0.0,2.06,3.9,51
2025-01-28 02:00:00+00:00,0.9,95,1.0,0.6,0.28,0.45,100,0.0,1.91,3.8,73
2025-01-28 03:00:00+00:00,1.1,98,0.9,0.9,0.0,0.45,100,0.0,1.75,3.5,53
2025-01-28 04:00:00+00:00,1.2,98,0.6,0.6,0.0,0.45,100,0.0,1.63,3.5,53
2025-01-28 05:00:00+00:00,1.5,98,0.1,0.1,0.0,0.45,100,0.0,1.67,3.4,51
2025-01-28 06:00:00+00:00,1.6,97,0.5,0.5,0.0,0.45,100,0.0,1.57,3.4,53
2025-01-28 07:00:00+00:00,1.3,96,1.1,0.7,0.28,0.44,100,0.0,1.31,3.2,73
2025-01-28 08:00:00+00:00,1.5,95,0.6,0.6,0.0,0.44,100,0.0,1.83,3.1,53
2025-01-28 09:00:00+00:00,1.5,96,0.7,0.6,0.07,0.44,100,0.0,1.02,3.9,71
2025-01-28 10:00:00+00:00,1.7,94,0.8,0.5,0.21,0.44,100,0.0,0.96,2.1,73
2025-01-28 11:00:00+00:00,2.0,94,0.6,0.6,0.0,0.44,100,0.0,1.06,2.2,53
2025-01-28 12:00:00+00:00,2.2,94,0.2,0.2,0.0,0.44,100,0.0,1.01,2.6,51
2025-01-28 13:00:00+00:00,2.5,93,0.0,0.0,0.0,0.44,100,0.0,0.45,2.2,3
2025-01-28 14:00:00+00:00,2.2,94,0.0,0.0,0.0,0.43,100,0.0,0.56,1.2,3
2025-01-28 15:00:00+00:00,1.9,94,0.0,0.0,0.0,0.43,100,0.0,0.61,1.5,3
2025-01-28 16:00:00+00:00,1.6,96,0.0,0.0,0.0,0.43,100,0.0,1.36,2.2,3
2025-01-28 17:00:00+00:00,1.4,96,0.0,0.0,0.0,0.43,100,0.0,1.59,3.1,3
2025-01-28 18:00:00+00:00,1.3,97,0.0,0.0,0.0,0.43,100,0.0,1.56,2.8,3
2025-01-28 19:00:00+00:00,1.4,98,0.0,0.0,0.0,0.43,100,0.0,1.35,2.9,3
2025-01-28 20:00:00+00:00,1.4,98,0.0,0.0,0.0,0.43,100,0.0,0.95,2.5,3
2025-01-28 21:00:00+00:00,1.3,98,0.0,0.0,0.0,0.43,100,0.0,1.19,2.1,3
2025-01-28 22:00:00+00:00,1.0,99,0.0,0.0,0.0,0.43,100,0.0,1.49,2.8,3
2025-01-28 23:00:00+00:00,1.3,97,0.0,0.0,0.0,0.43,100,0.0,2.56,4.4,3
2025-01-29 00:00:00+00:00,1.4,96,0.0,0.0,0.0,0.43,100,0.0,3.03,5.7,3
2025-01-29 01:00:00+00:00,1.1,99,1.0,1.0,0.0,0.42,100,0.0,2.62,5.4,55
2025-01-29 02:00:00+00:00,1.3,97,0.8,0.8,0.0,0.42,100,0.0,2.93,5.7,53
2025-01-29 03:00:00+00:00,1.3,97,0.1,0.1,0.0,0.42,100,0.0,2.97,5.9,51
2025-01-29 04:00:00+00:00,1.4,96,0.1,0.1,0.0,0.42,100,0.0,2.84,5.8,51
2025-01-29 05:00:00+00:00,1.6,95,0.1,0.1,0.0,0.42,100,0.0,3.24,6.0,51
2025-01-29 06:00:00+00:00,1.7,94,0.0,0.0,0.0,0.42,100,0.0,3.5,6.6,3
2025-01-29 07:00:00+00:00,1.6,94,0.0,0.0,0.0,0.42,100,0.0,3.59,6.9,3
2025-01-29 08:00:00+00:00,1.5,94,0.0,0.0,0.0,0.42,100,0.0,3.49,6.9,3
2025-01-29 09:00:00+00:00,1.9,93,0.0,0.0,0.0,0.42,100,0.0,3.24,6.6,3
2025-01-29 10:00:00+00:00,2.2,91,0.0,0.0,0.0,0.42,100,0.0,3.38,6.4,3
2025-01-29 11:00:00+00:00,2.6,89,0.0,0.0,0.0,0.42,100,0.0,3.55,6.7,3
2025-01-29 12:00:00+00:00,3.0,86,0.0,0.0,0.0,0.41,98,0.0,3.26,6.8,3
2025-01-29 13:00:00+00:00,1.9,94,0.2,0.2,0.0,0.41,100,0.0,2.29,5.4,51
2025-01-29 14:00:00+00:00,1.7,94,0.4,0.4,0.0,0.41,100,0.0,2.17,4.6,51
2025-01-29 15:00:00+00:00,1.2,94,0.4,0.4,0.0,0.41,100,0.0,1.69,4.4,51
2025-01-29 16:00:00+00:00,0.9,93,0.3,0.3,0.0,0.41,100,0.0,1.49,3.4,51
2025-01-29 17:00:00+00:00,0.9,93,0.2,0.2,0.0,0.41,100,0.0,1.21,2.9,51
2025-01-29 18:00:00+00:00,0.9,93,0.0,0.0,0.0,0.41,100,0.0,1.19,2.4,3
2025-01-29 19:00:00+00:00,0.9,93,0.0,0.0,0.0,0.41,100,0.0,1.14,2.3,3
2025-01-29 20:00:00+00:00,1.0,92,0.0,0.0,0.0,0.41,100,0.0,0.76,2.2,3
2025-01-29 21:00:00+00:00,1.0,91,0.0,0.0,0.0,0.41,67,0.0,0.72,1.7,2
2025-01-29 22:00:00+00:00,0.7,92,0.0,0.0,0.0,0.41,53,0.0,0.6,1.6,2
2025-01-29 23:00:00+00:00,0.1,92,0.0,0.0,0.0,0.41,30,0.0,0.47,1.4,1
2025-01-30 00:00:00+00:00,-0.2,93,0.0,0.0,0.0,0.41,39,0.0,0.25,1.2,1
2025-01-30 01:00:00+00:00,0.1,94,0.0,0.0,0.0,0.41,67,0.0,0.18,0.6,2
2025-01-30 02:00:00+00:00,0.2,94,0.0,0.0,0.0,0.41,51,0.0,0.11,0.6,2
2025-01-30 03:00:00+00:00,0.2,94,0.0,0.0,0.0,0.41,88,0.0,0.1,0.5,3
2025-01-30 04:00:00+00:00,-0.1,93,0.0,0.0,0.0,0.41,97,0.0,0.18,0.5,3
2025-01-30 05:00:00+00:00,-0.5,95,0.0,0.0,0.0,0.4,98,0.0,0.76,1.2,3
2025-01-30 06:00:00+00:00,-1.1,98,0.0,0.0,0.0,0.4,98,0.0,0.83,1.4,3
2025-01-30 07:00:00+00:00,-1.4,99,0.0,0.0,0.0,0.4,100,0.0,0.74,1.3,3
2025-01-30 08:00:00+00:00,-1.3,99,0.0,0.0,0.0,0.4,99,0.0,0.53,1.2,3
2025-01-30 09:00:00+00:00,-1.4,100,0.0,0.0,0.0,0.4,100,1332.11,0.28,2.0,3
2025-01-30 10:00:00+00:00,-1.3,100,0.0,0.0,0.0,0.4,100,754.39,0.22,2.2,3
2025-01-30 11:00:00+00:00,-0.8,98,0.0,0.0,0.0,0.4,100,742.73,0.2,2.2,3
2025-01-30 12:00:00+00:00,-0.6,97,0.0,0.0,0.0,0.4,100,0.0,0.25,2.1,3
2025-01-30 13:00:00+00:00,0.9,96,0.0,0.0,0.0,0.4,100,2826.94,0.3,2.3,3
2025-01-30 14:00:00+00:00,0.4,97,0.0,0.0,0.0,0.4,100,3280.97,0.66,2.0,3
2025-01-30 15:00:00+00:00,-1.3,99,0.0,0.0,0.0,0.4,100,0.0,0.43,1.7,3
2025-01-30 16:00:00+00:00,-2.2,99,0.0,0.0,0.0,0.4,100,0.0,0.43,1.4,3
2025-01-30 17:00:00+00:00,-2.6,100,0.0,0.0,0.0,0.4,100,0.0,0.8,2.1,3
2025-01-30 18:00:00+00:00,-3.1,99,0.0,0.0,0.0,0.4,99,0.0,0.86,3.0,3
2025-01-30 19:00:00+00:00,-3.9,99,0.0,0.0,0.0,0.4,98,0.0,0.87,3.2,3
2025-01-30 20:00:00+00:00,-4.5,98,0.0,0.0,0.0,0.4,98,0.0,0.99,3.4,3
2025-01-30 21:00:00+00:00,-5.1,98,0.0,0.0,0.0,0.4,97,0.0,1.06,3.4,3
2025-01-30 22:00:00+00:00,-5.3,98,0.0,0.0,0.0,0.4,99,0.0,1.18,3.2,3
2025-01-30 23:00:00+00:00,-5.7,98,0.0,0.0,0.0,0.4,100,0.0,1.05,3.0,3
2025-01-31 00:00:00+00:00,-6.1,98,0.0,0.0,0.0,0.4,100,0.0,0.65,2.8,3
2025-01-31 01:00:00+00:00,-4.8,99,0.0,0.0,0.0,0.4,100,0.0,0.18,2.9,3
2025-01-31 02:00:00+00:00,-4.7,97,0.0,0.0,0.0,0.4,100,0.0,0.4,2.7,3
2025-01-31 03:00:00+00:00,-5.1,98,0.0,0.0,0.0,0.4,100,0.0,0.34,2.7,3
2025-01-31 04:00:00+00:00,-5.2,98,0.0,0.0,0.0,0.4,99,0.0,0.54,2.7,3
2025-01-31 05:00:00+00:00,-5.7,98,0.0,0.0,0.0,0.4,100,0.0,0.83,3.3,3
2025-01-31 06:00:00+00:00,-5.9,98,0.0,0.0,0.0,0.4,97,0.0,0.73,3.3,3
2025-01-31 07:00:00+00:00,-5.9,98,0.0,0.0,0.0,0.4,98,0.0,0.5,2.3,3
2025-01-31 08:00:00+00:00,-6.1,99,0.0,0.0,0.0,0.4,97,0.0,0.74,2.0,3
2025-01-31 09:00:00+00:00,-5.7,98,0.0,0.0,0.0,0.4,99,53.16,0.55,2.4,3
2025-01-31 10:00:00+00:00,-5.1,94,0.0,0.0,0.0,0.4,98,2208.2,0.61,2.7,3
2025-01-31 11:00:00+00:00,-4.0,93,0.0,0.0,0.0,0.4,93,3600.0,0.34,2.7,3
2025-01-31 12:00:00+00:00,-3.1,90,0.0,0.0,0.0,0.4,55,3600.0,0.73,3.0,2
2025-01-31 13:00:00+00:00,-1.9,93,0.0,0.0,0.0,0.4,29,3600.0,0.7,3.2,1
2025-01-31 14:00:00+00:00,-1.7,92,0.0,0.0,0.0,0.4,49,3600.0,0.18,2.8,1
2025-01-31 15:00:00+00:00,-2.5,95,0.0,0.0,0.0,0.39,42,3600.0,0.1,1.2,1
2025-01-31 16:00:00+00:00,-3.3,95,0.0,0.0,0.0,0.39,53,0.0,0.36,1.0,2
2025-01-31 17:00:00+00:00,-4.3,95,0.0,0.0,0.0,0.39,81,0.0,0.63,1.4,3
2025-01-31 18:00:00+00:00,-4.2,97,0.0,0.0,0.0,0.39,100,0.0,0.84,1.8,3
2025-01-31 19:00:00+00:00,-4.2,99,0.0,0.0,0.0,0.39,100,0.0,0.52,2.0,3
2025-01-31 20:00:00+00:00,-4.6,97,0.0,0.0,0.0,0.39,100,0.0,0.62,1.6,3
2025-01-31 21:00:00+00:00,-5.0,96,0.0,0.0,0.0,0.39,87,0.0,0.43,1.7,3
2025-01-31 22:00:00+00:00,-5.4,95,0.0,0.0,0.0,0.39,62,0.0,0.67,1.7,2
2025-01-31 23:00:00+00:00,-5.9,94,0.0,0.0,0.0,0.39,98,0.0,0.98,2.2,3
2025-02-01 00:00:00+00:00,-6.8,91,0.0,0.0,0.0,0.39,33,0.0,0.87,2.3,1
2025-02-01 01:00:00+00:00,-6.4,86,0.0,0.0,0.0,0.39,5,0.0,1.08,2.6,0
2025-02-01 02:00:00+00:00,-6.7,83,0.0,0.0,0.0,0.39,43,0.0,0.74,2.2,1
2025-02-01 03:00:00+00:00,-7.1,83,0.0,0.0,0.0,0.39,9,0.0,0.18,1.6,0
2025-02-01 04:00:00+00:00,-7.6,85,0.0,0.0,0.0,0.39,5,0.0,0.25,0.9,0
2025-02-01 05:00:00+00:00,-7.9,86,0.0,0.0,0.0,0.39,11,0.0,0.25,1.2,0
2025-02-01 06:00:00+00:00,-8.3,87,0.0,0.0,0.0,0.39,6,0.0,0.36,1.2,0
2025-02-01 07:00:00+00:00,-8.7,88,0.0,0.0,0.0,0.39,6,0.0,0.42,1.1,0
2025-02-01 08:00:00+00:00,-9.0,91,0.0,0.0,0.0,0.39,16,0.0,0.47,1.1,0
2025-02-01 09:00:00+00:00,-8.4,94,0.0,0.0,0.0,0.39,24,3600.0,0.68,2.2,1
2025-02-01 10:00:00+00:00,-7.4,92,0.0,0.0,0.0,0.39,28,3600.0,0.18,2.3,1
2025-02-01 11:00:00+00:00,-6.3,88,0.0,0.0,0.0,0.39,32,3600.0,0.45,2.7,1
2025-02-01 12:00:00+00:00,-5.5,84,0.0,0.0,0.0,0.39,28,3600.0,0.72,3.1,1
2025-02-01 13:00:00+00:00,-3.9,84,0.0,0.0,0.0,0.39,58,3600.0,0.81,3.0,2
2025-02-01 14:00:00+00:00,-4.3,86,0.0,0.0,0.0,0.39,92,3600.0,0.6,3.0,3
2025-02-01 15:00:00+00:00,-5.4,92,0.0,0.0,0.0,0.39,62,3346.08,0.45,2.1,2
2025-02-01 16:00:00+00:00,-6.9,93,0.0,0.0,0.0,0.39,54,0.0,0.92,1.8,2
2025-02-01 17:00:00+00:00,-7.4,92,0.0,0.0,0.0,0.39,50,0.0,0.35,1.8,2
2025-02-01 18:00:00+00:00,-7.5,92,0.0,0.0,0.0,0.39,90,0.0,0.18,1.0,3
2025-02-01 19:00:00+00:00,-8.3,96,0.0,0.0,0.0,0.39,93,0.0,0.21,0.7,3
2025-02-01 20:00:00+00:00,-8.5,97,0.0,0.0,0.0,0.39,100,0.0,0.39,1.3,3
2025-02-01 21:00:00+00:00,-9.1,95,0.0,0.0,0.0,0.39,100,0.0,0.96,2.5,3
2025-02-01 22:00:00+00:00,-9.6,93,0.0,0.0,0.0,0.39,100,0.0,1.2,3.1,3
2025-02-01 23:00:00+00:00,-9.9,93,0.0,0.0,0.0,0.39,100,0.0,1.47,3.4,3
2025-02-02 00:00:00+00:00,-10.2,92,0.0,0.0,0.0,0.39,100,0.0,1.42,3.4,3
2025-02-02 01:00:00+00:00,-9.3,92,0.0,0.0,0.0,0.39,100,0.0,1.5,3.5,3
2025-02-02 02:00:00+00:00,-9.2,91,0.0,0.0,0.0,0.39,100,0.0,1.73,3.9,3
2025-02-02 03:00:00+00:00,-9.0,91,0.0,0.0,0.0,0.39,100,0.0,1.8,4.0,3
2025-02-02 04:00:00+00:00,-8.7,90,0.0,0.0,0.0,0.39,100,0.0,1.95,4.2,3
2025-02-02 05:00:00+00:00,-8.5,88,0.0,0.0,0.0,0.39,100,0.0,2.2,4.5,3
2025-02-02 06:00:00+00:00,-8.3,84,0.0,0.0,0.0,0.39,100,0.0,2.4,5.0,3
2025-02-02 07:00:00+00:00,-8.0,84,0.0,0.0,0.0,0.39,100,0.0,1.91,4.9,3
2025-02-02 08:00:00+00:00,-7.5,82,0.0,0.0,0.0,0.39,100,0.0,1.96,4.2,3
2025-02-02 09:00:00+00:00,-6.8,80,0.0,0.0,0.0,0.39,100,0.0,2.16,4.6,3
2025-02-02 10:00:00+00:00,-5.8,76,0.0,0.0,0.0,0.39,100,0.0,2.23,5.4,3
2025-02-02 11:00:00+00:00,-5.0,74,0.0,0.0,0.0,0.39,100,0.0,2.59,5.6,3
2025-02-02 12:00:00+00:00,-4.6,73,0.0,0.0,0.0,0.39,100,0.0,2.94,6.6,3
2025-02-02 13:00:00+00:00,-4.4,82,0.0,0.0,0.0,0.39,100,0.0,2.79,6.3,3
2025-02-02 14:00:00+00:00,-4.2,81,0.0,0.0,0.0,0.39,100,0.0,2.79,5.9,3
2025-02-02 15:00:00+00:00,-4.3,82,0.0,0.0,0.0,0.39,100,0.0,3.19,6.3,3
2025-02-02 16:00:00+00:00,-4.3,82,0.0,0.0,0.0,0.39,100,0.0,2.86,6.4,3
2025-02-02 17:00:00+00:00,-4.3,81,0.0,0.0,0.0,0.39,100,0.0,3.11,6.0,3
2025-02-02 18:00:00+00:00,-4.4,80,0.0,0.0,0.0,0.39,100,0.0,3.36,6.6,3
2025-02-02 19:00:00+00:00,-4.6,81,0.0,0.0,0.0,0.39,100,0.0,2.97,6.5,3
2025-02-02 20:00:00+00:00,-4.8,84,0.1,0.0,0.07,0.39,100,0.0,2.55,5.7,71
2025-02-02 21:00:00+00:00,-4.8,85,0.1,0.0,0.07,0.39,100,0.0,1.82,5.0,71
2025-02-02 22:00:00+00:00,-4.9,86,0.1,0.0,0.07,0.39,100,0.0,2.02,4.0,71
2025-02-02 23:00:00+00:00,-4.9,87,0.1,0.0,0.07,0.39,100,0.0,1.67,4.7,71
2025-02-03 00:00:00+00:00,-4.8,88,0.2,0.0,0.14,0.4,100,0.0,1.74,4.0,71
2025-02-03 01:00:00+00:00,-4.2,92,0.8,0.0,0.56,0.4,100,0.0,1.52,3.2,73
2025-02-03 02:00:00+00:00,-4.1,93,0.8,0.0,0.56,0.4,100,0.0,0.63,3.0,73
2025-02-03 03:00:00+00:00,-4.0,92,0.2,0.0,0.14,0.41,100,0.0,0.11,1.4,71
2025-02-03 04:00:00+00:00,-3.9,92,0.0,0.0,0.0,0.41,100,0.0,0.16,0.8,3
2025-02-03 05:00:00+00:00,-3.5,92,0.1,0.1,0.0,0.42,100,0.0,0.8,1.5,51
2025-02-03 06:00:00+00:00,-3.3,93,0.0,0.0,0.0,0.42,100,0.0,0.79,1.6,3
2025-02-03 07:00:00+00:00,-3.1,94,0.0,0.0,0.0,0.42,100,0.0,0.71,1.6,3
2025-02-03 08:00:00+00:00,-2.9,94,0.0,0.0,0.0,0.42,100,0.0,0.6,1.6,3
2025-02-03 09:00:00+00:00,-2.4,94,0.0,0.0,0.0,0.42,100,0.0,0.36,1.5,3
2025-02-03 10:00:00+00:00,-1.9,93,0.0,0.0,0.0,0.42,100,0.0,0.51,1.5,3
2025-02-03 11:00:00+00:00,-1.7,93,0.0,0.0,0.0,0.42,100,0.0,0.55,1.6,3
2025-02-03 12:00:00+00:00,-1.4,93,0.0,0.0,0.0,0.42,100,0.0,0.82,2.1,3
2025-02-03 13:00:00+00:00,-1.0,94,0.0,0.0,0.0,0.42,100,0.0,0.61,2.3,3
2025-02-03 14:00:00+00:00,-0.9,96,0.0,0.0,0.0,0.42,100,0.0,0.65,2.2,3
2025-02-03 15:00:00+00:00,-0.9,96,0.0,0.0,0.0,0.42,100,0.0,0.64,1.9,3
2025-02-03 16:00:00+00:00,-0.7,97,0.0,0.0,0.0,0.42,100,0.0,1.2,2.5,3
2025-02-03 17:00:00+00:00,-0.2,96,0.0,0.0,0.0,0.42,100,0.0,1.78,3.4,3
2025-02-03 18:00:00+00:00,0.2,96,0.1,0.0,0.07,0.42,100,0.0,2.46,4.6,71
2025-02-03 19:00:00+00:00,0.4,96,0.1,0.0,0.07,0.42,100,0.0,3.06,5.8,71
2025-02-03 20:00:00+00:00,0.6,97,0.1,0.0,0.07,0.42,100,0.0,3.26,6.5,71
2025-02-03 21:00:00+00:00,0.8,97,0.1,0.1,0.0,0.42,100,0.0,3.45,6.8,51
2025-02-03 22:00:00+00:00,1.0,97,0.2,0.2,0.0,0.42,100,0.0,3.84,7.5,51
2025-02-03 23:00:00+00:00,1.3,97,0.1,0.1,0.0,0.42,100,0.0,4.43,8.7,51
2025-02-04 00:00:00+00:00,1.4,98,0.2,0.2,0.0,0.43,100,0.0,4.57,9.0,51
2025-02-04 01:00:00+00:00,1.4,98,0.0,0.0,0.0,0.42,100,0.0,4.25,8.3,3
2025-02-04 02:00:00+00:00,1.5,98,0.1,0.1,0.0,0.42,100,0.0,4.38,8.6,51
2025-02-04 03:00:00+00:00,1.4,98,0.6,0.6,0.0,0.42,100,0.0,4.34,8.7,53
2025-02-04 04:00:00+00:00,1.6,97,0.4,0.4,0.0,0.42,100,0.0,4.46,8.6,51
2025-02-04 05:00:00+00:00,1.9,97,0.1,0.1,0.0,0.42,100,0.0,4.2,8.7,51
2025-02-04 06:00:00+00:00,1.9,98,0.0,0.0,0.0,0.42,100,0.0,4.44,8.7,3
2025-02-04 07:00:00+00:00,2.0,98,0.0,0.0,0.0,0.42,100,0.0,4.61,9.1,3
2025-02-04 08:00:00+00:00,2.1,99,0.0,0.0,0.0,0.42,100,0.0,4.37,9.0,3
2025-02-04 09:00:00+00:00,2.3,99,0.0,0.0,0.0,0.42,100,0.0,4.43,8.8,3
2025-02-04 10:00:00+00:00,2.8,98,0.0,0.0,0.0,0.41,100,0.0,4.98,9.2,3
2025-02-04 11:00:00+00:00,2.8,98,0.0,0.0,0.0,0.41,100,0.0,5.3,10.1,3
2025-02-04 12:00:00+00:00,3.0,97,0.0,0.0,0.0,0.41,100,0.0,4.97,10.4,3
2025-02-04 13:00:00+00:00,3.3,98,0.0,0.0,0.0,0.41,100,0.0,5.14,10.1,3
2025-02-04 14:00:00+00:00,3.3,99,0.0,0.0,0.0,0.4,100,0.0,5.25,10.4,3
2025-02-04 15:00:00+00:00,3.2,99,0.0,0.0,0.0,0.4,100,0.0,5.44,10.7,3
2025-02-04 16:00:00+00:00,2.9,98,0.0,0.0,0.0,0.39,100,0.0,5.5,11.2,3
2025-02-04 17:00:00+00:00,3.1,99,0.0,0.0,0.0,0.39,100,0.0,5.75,11.3,3
2025-02-04 18:00:00+00:00,3.4,98,0.0,0.0,0.0,0.39,100,0.0,6.37,12.5,3
2025-02-04 19:00:00+00:00,3.5,98,0.0,0.0,0.0,0.39,100,0.0,6.71,13.2,3
2025-02-04 20:00:00+00:00,3.5,99,0.0,0.0,0.0,0.38,100,0.0,6.76,13.3,3
2025-02-04 21:00:00+00:00,3.6,99,0.0,0.0,0.0,0.38,100,0.0,6.63,13.2,3
2025-02-04 22:00:00+00:00,3.6,99,0.1,0.1,0.0,0.38,100,0.0,6.52,13.0,51
2025-02-04 23:00:00+00:00,3.8,99,0.1,0.1,0.0,0.37,100,0.0,6.65,13.1,51
2025-02-05 00:00:00+00:00,3.9,98,0.2,0.2,0.0,0.37,100,0.0,7.21,14.0,51
2025-02-05 01:00:00+00:00,4.2,99,0.3,0.3,0.0,0.37,100,0.0,7.5,14.6,51
2025-02-05 02:00:00+00:00,4.2,99,0.1,0.1,0.0,0.36,100,0.0,7.74,15.2,51
2025-02-05 03:00:00+00:00,4.3,98,0.0,0.0,0.0,0.36,100,0.0,7.01,15.2,3
2025-02-05 04:00:00+00:00,4.1,97,0.0,0.0,0.0,0.35,55,0.0,6.25,13.6,2
2025-02-05 05:00:00+00:00,3.6,95,0.0,0.0,0.0,0.35,1,0.0,6.08,12.2,0
2025-02-05 06:00:00+00:00,2.5,94,0.0,0.0,0.0,0.35,32,0.0,4.87,11.9,1
2025-02-05 07:00:00+00:00,2.0,95,0.0,0.0,0.0,0.35,0,0.0,4.77,9.5,0
2025-02-05 08:00:00+00:00,1.7,94,0.0,0.0,0.0,0.34,0,700.8,3.66,8.9,0
2025-02-05 09:00:00+00:00,2.2,92,0.0,0.0,0.0,0.34,18,3600.0,2.78,6.6,0
2025-02-05 10:00:00+00:00,3.6,83,0.0,0.0,0.0,0.34,76,3600.0,2.95,5.1,2
2025-02-05 11:00:00+00:00,4.7,73,0.0,0.0,0.0,0.34,0,3600.0,2.82,5.4,0
2025-02-05 12:00:00+00:00,5.7,65,0.0,0.0,0.0,0.34,0,3600.0,2.57,5.1,0
2025-02-05 13:00:00+00:00,5.7,66,0.0,0.0,0.0,0.34,7,3600.0,3.89,7.1,0
2025-02-05 14:00:00+00:00,5.3,61,0.0,0.0,0.0,0.34,0,3600.0,4.23,7.6,0
2025-02-05 15:00:00+00:00,4.3,66,0.0,0.0,0.0,0.34,0,3600.0,3.98,7.8,0
2025-02-05 16:00:00+00:00,2.7,74,0.0,0.0,0.0,0.34,0,1190.56,3.07,7.3,0
2025-02-05 17:00:00+00:00,1.4,78,0.0,0.0,0.0,0.34,0,0.0,2.29,5.7,0
2025-02-05 18:00:00+00:00,-0.3,81,0.0,0.0,0.0,0.34,0,0.0,1.66,4.2,0
2025-02-05 19:00:00+00:00,-0.7,79,0.0,0.0,0.0,0.34,0,0.0,1.28,3.1,0
2025-02-05 20:00:00+00:00,-0.9,77,0.0,0.0,0.0,0.34,4,0.0,1.4,2.8,0
2025-02-05 21:00:00+00:00,-1.2,75,0.0,0.0,0.0,0.34,3,0.0,1.52,3.0,0
2025-02-05 22:00:00+00:00,-1.4,74,0.0,0.0,0.0,0.33,3,0.0,1.24,3.0,0
2025-02-05 23:00:00+00:00,-1.7,74,0.0,0.0,0.0,0.33,0,0.0,1.33,2.7,0
2025-02-06 00:00:00+00:00,-1.6,71,0.0,0.0,0.0,0.33,0,0.0,0.78,2.7,0
2025-02-06 01:00:00+00:00,-3.2,76,0.0,0.0,0.0,0.33,0,0.0,1.04,2.5,0
2025-02-06 02:00:00+00:00,-3.6,76,0.0,0.0,0.0,0.33,0,0.0,0.64,2.1,0
2025-02-06 03:00:00+00:00,-4.2,78,0.0,0.0,0.0,0.33,0,0.0,0.32,1.4,0
2025-02-06 04:00:00+00:00,-4.9,81,0.0,0.0,0.0,0.33,0,0.0,0.36,0.9,0
2025-02-06 05:00:00+00:00,-5.4,84,0.0,0.0,0.0,0.33,4,0.0,0.35,0.9,0
2025-02-06 06:00:00+00:00,-5.8,85,0.0,0.0,0.0,0.33,14,0.0,0.3,1.0,0
2025-02-06 07:00:00+00:00,-5.8,85,0.0,0.0,0.0,0.33,26,0.0,0.07,0.7,1
2025-02-06 08:00:00+00:00,-6.4,88,0.0,0.0,0.0,0.33,43,1168.82,0.27,0.8,1
2025-02-06 09:00:00+00:00,-6.3,91,0.0,0.0,0.0,0.33,56,3600.0,0.07,1.1,2
2025-02-06 10:00:00+00:00,-5.0,89,0.0,0.0,0.0,0.33,22,3600.0,0.16,0.8,1
2025-02-06 11:00:00+00:00,-3.6,84,0.0,0.0,0.0,0.33,53,3600.0,0.29,1.3,2
2025-02-06 12:00:00+00:00,-2.9,82,0.0,0.0,0.0,0.33,99,3600.0,0.45,1.7,3
2025-02-06 13:00:00+00:00,-1.4,81,0.0,0.0,0.0,0.33,50,3600.0,0.4,2.0,2
2025-02-06 14:00:00+00:00,-1.5,79,0.0,0.0,0.0,0.33,36,3600.0,0.16,1.6,1
2025-02-06 15:00:00+00:00,-2.7,84,0.0,0.0,0.0,0.33,48,3600.0,0.16,1.1,1
2025-02-06 16:00:00+00:00,-3.4,84,0.0,0.0,0.0,0.33,61,1095.75,0.27,0.8,2
2025-02-06 17:00:00+00:00,-3.3,83,0.0,0.0,0.0,0.33,50,0.0,0.27,1.0,2
2025-02-06 18:00:00+00:00,-3.5,82,0.0,0.0,0.0,0.33,91,0.0,0.07,0.8,3
2025-02-06 19:00:00+00:00,-3.8,82,0.0,0.0,0.0,0.33,69,0.0,0.49,0.8,2
2025-02-06 20:00:00+00:00,-4.7,86,0.0,0.0,0.0,0.33,43,0.0,0.73,1.4,1
2025-02-06 21:00:00+00:00,-5.5,88,0.0,0.0,0.0,0.33,18,0.0,0.27,1.2,0
2025-02-06 22:00:00+00:00,-6.5,90,0.0,0.0,0.0,0.33,1,0.0,0.81,2.0,0
2025-02-06 23:00:00+00:00,-7.7,93,0.0,0.0,0.0,0.33,15,0.0,0.86,2.2,0
2025-02-07 00:00:00+00:00,-8.0,94,0.0,0.0,0.0,0.33,80,0.0,1.42,3.0,3
2025-02-07 01:00:00+00:00,-7.1,93,0.0,0.0,0.0,0.33,100,0.0,1.41,3.1,3
2025-02-07 02:00:00+00:00,-7.8,95,0.0,0.0,0.0,0.33,98,0.0,1.77,3.6,3
2025-02-07 03:00:00+00:00,-8.2,93,0.0,0.0,0.0,0.33,98,0.0,1.78,3.6,3
2025-02-07 04:00:00+00:00,-8.1,93,0.0,0.0,0.0,0.33,96,0.0,1.88,3.8,3
2025-02-07 05:00:00+00:00,-8.4,93,0.0,0.0,0.0,0.33,100,0.0,2.02,4.1,3
2025-02-07 06:00:00+00:00,-8.7,92,0.0,0.0,0.0,0.33,98,0.0,2.2,4.3,3
2025-02-07 07:00:00+00:00,-8.9,92,0.0,0.0,0.0,0.33,100,0.0,2.06,4.3,3
2025-02-07 08:00:00+00:00,-8.7,93,0.0,0.0,0.0,0.33,100,0.0,1.64,4.0,3
2025-02-07 09:00:00+00:00,-8.4,95,0.0,0.0,0.0,0.33,97,1090.47,1.77,3.4,3
2025-02-07 10:00:00+00:00,-7.1,93,0.0,0.0,0.0,0.33,87,1802.57,2.22,4.0,3
2025-02-07 11:00:00+00:00,-6.0,91,0.0,0.0,0.0,0.33,93,3600.0,1.68,4.2,3
2025-02-07 12:00:00+00:00,-5.3,90,0.0,0.0,0.0,0.33,98,3600.0,1.5,3.7,3
2025-02-07 13:00:00+00:00,-3.0,95,0.0,0.0,0.0,0.33,99,3600.0,1.61,3.7,3
2025-02-07 14:00:00+00:00,-3.3,96,0.0,0.0,0.0,0.33,100,3600.0,1.98,4.4,3
2025-02-07 15:00:00+00:00,-3.8,96,0.0,0.0,0.0,0.33,100,3600.0,2.0,4.5,3
2025-02-07 16:00:00+00:00,-4.2,95,0.0,0.0,0.0,0.33,100,0.0,2.29,4.8,3
2025-02-07 17:00:00+00:00,-4.1,95,0.0,0.0,0.0,0.33,99,0.0,2.47,5.2,3
2025-02-07 18:00:00+00:00,-5.0,94,0.0,0.0,0.0,0.33,86,0.0,2.35,5.1,3
2025-02-07 19:00:00+00:00,-5.8,95,0.0,0.0,0.0,0.33,86,0.0,2.26,4.8,3
2025-02-07 20:00:00+00:00,-6.4,95,0.0,0.0,0.0,0.33,100,0.0,2.18,4.5,3
2025-02-07 21:00:00+00:00,-6.4,94,0.0,0.0,0.0,0.33,100,0.0,2.23,4.7,3
2025-02-07 22:00:00+00:00,-5.0,92,0.0,0.0,0.0,0.33,100,0.0,2.52,5.2,3
2025-02-07 23:00:00+00:00,-4.4,91,0.0,0.0,0.0,0.33,100,0.0,2.83,5.6,3
2025-02-08 00:00:00+00:00,-4.1,91,0.0,0.0,0.0,0.33,100,0.0,3.23,6.3,3
2025-02-08 01:00:00+00:00,-1.9,92,0.1,0.0,0.07,0.33,100,0.0,3.22,6.2,71
2025-02-08 02:00:00+00:00,-1.4,94,0.1,0.1,0.0,0.33,100,0.0,3.82,7.2,51
2025-02-08 03:00:00+00:00,-1.1,92,0.1,0.1,0.0,0.33,100,0.0,4.2,8.2,51
2025-02-08 04:00:00+00:00,-0.8,92,0.1,0.1,0.0,0.34,100,0.0,3.99,8.4,51
2025-02-08 05:00:00+00:00,-0.7,90,0.0,0.0,0.0,0.34,98,0.0,3.83,7.8,3
2025-02-08 06:00:00+00:00,-0.6,89,0.2,0.0,0.14,0.34,100,0.0,4.11,8.2,71
2025-02-08 07:00:00+00:00,-0.6,87,0.1,0.0,0.07,0.34,100,0.0,3.45,7.8,71
2025-02-08 08:00:00+00:00,-0.9,89,0.2,0.0,0.14,0.34,100,0.0,3.57,6.9,71
2025-02-08 09:00:00+00:00,-1.0,88,0.3,0.0,0.21,0.34,100,0.0,3.96,8.1,73
2025-02-08 10:00:00+00:00,-0.8,83,0.0,0.0,0.0,0.35,100,0.0,3.05,7.9,3
2025-02-08 11:00:00+00:00,-0.9,85,0.2,0.0,0.14,0.35,100,0.0,2.63,6.1,71
2025-02-08 12:00:00+00:00,-1.1,86,0.4,0.0,0.28,0.35,100,0.0,2.96,6.1,73
2025-02-08 13:00:00+00:00,-0.7,86,0.1,0.0,0.07,0.35,100,0.0,2.96,6.6,71
2025-02-08 14:00:00+00:00,-1.2,84,0.4,0.0,0.28,0.35,99,0.0,3.43,6.8,73
2025-02-08 15:00:00+00:00,-1.6,86,0.1,0.0,0.07,0.36,85,0.0,3.12,6.8,71
2025-02-08 16:00:00+00:00,-3.0,89,0.0,0.0,0.0,0.36,10,907.03,2.44,6.2,0
2025-02-08 17:00:00+00:00,-4.7,89,0.0,0.0,0.0,0.36,24,0.0,1.89,4.7,1
2025-02-08 18:00:00+00:00,-6.8,91,0.0,0.0,0.0,0.36,95,0.0,1.53,3.8,3
2025-02-08 19:00:00+00:00,-5.9,90,0.0,0.0,0.0,0.36,40,0.0,1.26,2.9,1
2025-02-08 20:00:00+00:00,-6.3,90,0.0,0.0,0.0,0.36,63,0.0,1.25,2.6,2
2025-02-08 21:00:00+00:00,-5.9,92,0.0,0.0,0.0,0.36,100,0.0,1.43,2.8,3
2025-02-08 22:00:00+00:00,-6.3,93,0.0,0.0,0.0,0.36,98,0.0,1.63,3.2,3
2025-02-08 23:00:00+00:00,-6.6,92,0.0,0.0,0.0,0.36,99,0.0,1.66,3.3,3
2025-02-09 00:00:00+00:00,-6.1,92,0.0,0.0,0.0,0.36,82,0.0,1.57,3.4,3
2025-02-09 01:00:00+00:00,-7.4,93,0.0,0.0,0.0,0.36,85,0.0,1.83,3.9,3
2025-02-09 02:00:00+00:00,-7.4,94,0.0,0.0,0.0,0.36,100,0.0,1.86,3.9,3
2025-02-09 03:00:00+00:00,-6.8,92,0.0,0.0,0.0,0.36,97,0.0,1.73,4.0,3
2025-02-09 04:00:00+00:00,-6.2,93,0.0,0.0,0.0,0.36,100,0.0,1.78,3.8,3
2025-02-09 05:00:00+00:00,-5.9,92,0.0,0.0,0.0,0.36,83,0.0,1.67,3.9,3
2025-02-09 06:00:00+00:00,-7.2,92,0.0,0.0,0.0,0.36,39,0.0,1.36,3.3,1
2025-02-09 07:00:00+00:00,-9.4,94,0.0,0.0,0.0,0.36,29,0.0,1.39,2.9,1
2025-02-09 08:00:00+00:00,-9.7,93,0.0,0.0,0.0,0.36,30,1439.08,1.54,3.4,1
2025-02-09 09:00:00+00:00,-9.1,92,0.0,0.0,0.0,0.36,32,3600.0,1.37,3.6,1
2025-02-09 10:00:00+00:00,-7.5,88,0.0,0.0,0.0,0.36,40,3600.0,1.07,3.0,1
2025-02-09 11:00:00+00:00,-6.1,83,0.0,0.0,0.0,0.36,14,3600.0,0.6,2.6,0
2025-02-09 12:00:00+00:00,-5.2,80,0.0,0.0,0.0,0.36,10,3600.0,0.51,1.9,0
2025-02-09 13:00:00+00:00,-3.8,84,0.0,0.0,0.0,0.35,58,3600.0,1.12,3.2,2
2025-02-09 14:00:00+00:00,-4.6,85,0.0,0.0,0.0,0.35,40,3600.0,0.71,3.0,1
2025-02-09 15:00:00+00:00,-5.9,86,0.0,0.0,0.0,0.35,2,3600.0,0.74,2.2,0
2025-02-09 16:00:00+00:00,-7.6,89,0.0,0.0,0.0,0.35,2,2737.07,1.22,2.6,0
2025-02-09 17:00:00+00:00,-8.1,90,0.0,0.0,0.0,0.35,2,0.0,1.46,3.2,0
2025-02-09 18:00:00+00:00,-8.7,90,0.0,0.0,0.0,0.35,1,0.0,1.49,3.4,0
2025-02-09 19:00:00+00:00,-9.5,90,0.0,0.0,0.0,0.35,0,0.0,1.43,3.3,0
2025-02-09 20:00:00+00:00,-9.9,89,0.0,0.0,0.0,0.35,0,0.0,1.52,3.3,0
2025-02-09 21:00:00+00:00,-10.2,87,0.0,0.0,0.0,0.35,0,0.0,1.52,3.4,0
2025-02-09 22:00:00+00:00,-10.5,86,0.0,0.0,0.0,0.35,0,0.0,1.48,3.3,0
2025-02-09 23:00:00+00:00,-10.9,85,0.0,0.0,0.0,0.35,0,0.0,1.38,3.2,0
2025-02-10 00:00:00+00:00,-11.0,85,0.0,0.0,0.0,0.35,0,0.0,1.52,3.2,0
2025-02-10 01:00:00+00:00,-10.3,84,0.0,0.0,0.0,0.35,0,0.0,2.16,4.3,0
2025-02-10 02:00:00+00:00,-10.4,83,0.0,0.0,0.0,0.35,0,0.0,2.2,4.4,0
2025-02-10 03:00:00+00:00,-10.5,83,0.0,0.0,0.0,0.35,0,0.0,2.02,4.4,0
2025-02-10 04:00:00+00:00,-10.8,82,0.0,0.0,0.0,0.35,0,0.0,1.91,4.1,0
2025-02-10 05:00:00+00:00,-11.0,82,0.0,0.0,0.0,0.35,0,0.0,1.81,3.9,0
2025-02-10 06:00:00+00:00,-11.2,82,0.0,0.0,0.0,0.35,0,0.0,1.73,3.8,0
2025-02-10 07:00:00+00:00,-11.3,82,0.0,0.0,0.0,0.35,0,0.0,1.73,3.8,0
2025-02-10 08:00:00+00:00,-11.2,83,0.0,0.0,0.0,0.35,0,2737.59,1.67,3.6,0
2025-02-10 09:00:00+00:00,-9.9,81,0.0,0.0,0.0,0.35,20,3600.0,1.38,3.7,1
2025-02-10 10:00:00+00:00,-8.1,79,0.0,0.0,0.0,0.35,6,3600.0,1.1,3.5,0
2025-02-10 11:00:00+00:00,-6.0,74,0.0,0.0,0.0,0.35,3,3600.0,0.92,2.7,0
2025-02-10 12:00:00+00:00,-4.6,71,0.0,0.0,0.0,0.35,0,3600.0,0.82,2.6,0
2025-02-10 13:00:00+00:00,-1.4,60,0.0,0.0,0.0,0.35,0,3600.0,1.79,4.9,0
2025-02-10 14:00:00+00:00,-1.5,62,0.0,0.0,0.0,0.35,0,3600.0,2.31,4.7,0
2025-02-10 15:00:00+00:00,-2.3,69,0.0,0.0,0.0,0.35,0,3600.0,2.16,4.8,0
2025-02-10 16:00:00+00:00,-4.1,77,0.0,0.0,0.0,0.35,0,2898.34,2.02,4.1,0
2025-02-10 17:00:00+00:00,-4.7,80,0.0,0.0,0.0,0.35,0,0.0,2.3,4.5,0
2025-02-10 18:00:00+00:00,-5.4,82,0.0,0.0,0.0,0.35,0,0.0,2.16,4.5,0
2025-02-10 19:00:00+00:00,-6.1,84,0.0,0.0,0.0,0.35,0,0.0,2.02,4.2,0
2025-02-10 20:00:00+00:00,-6.6,85,0.0,0.0,0.0,0.35,1,0.0,2.2,4.3,0
2025-02-10 21:00:00+00:00,-7.1,86,0.0,0.0,0.0,0.35,1,0.0,2.16,4.3,0
2025-02-10 22:00:00+00:00,-7.5,87,0.0,0.0,0.0,0.35,1,0.0,2.09,4.2,0
2025-02-10 23:00:00+00:00,-7.8,87,0.0,0.0,0.0,0.35,1,0.0,1.91,4.1,0
2025-02-11 00:00:00+00:00,-8.2,87,0.0,0.0,0.0,0.35,0,0.0,1.98,3.8,0
2025-02-11 01:00:00+00:00,-7.7,83,0.0,0.0,0.0,0.35,0,0.0,2.26,4.3,0
2025-02-11 02:00:00+00:00,-8.2,84,0.0,0.0,0.0,0.35,0,0.0,2.33,4.5,0
2025-02-11 03:00:00+00:00,-8.5,84,0.0,0.0,0.0,0.35,0,0.0,2.41,4.6,0
2025-02-11 04:00:00+00:00,-8.7,84,0.0,0.0,0.0,0.35,0,0.0,2.23,4.6,0
2025-02-11 05:00:00+00:00,-9.1,85,0.0,0.0,0.0,0.35,0,0.0,2.05,4.3,0
2025-02-11 06:00:00+00:00,-9.6,86,0.0,0.0,0.0,0.35,0,0.0,2.21,4.2,0
2025-02-11 07:00:00+00:00,-10.0,87,0.0,0.0,0.0,0.35,0,0.0,2.41,4.6,0
2025-02-11 08:00:00+00:00,-9.8,87,0.0,0.0,0.0,0.35,0,2897.41,2.65,4.9,0
2025-02-11 09:00:00+00:00,-8.2,80,0.0,0.0,0.0,0.35,0,3600.0,2.27,5.0,0
2025-02-11 10:00:00+00:00,-6.3,74,0.0,0.0,0.0,0.35,0,3600.0,2.1,4.7,0
2025-02-11 11:00:00+00:00,-4.3,65,0.0,0.0,0.0,0.35,0,3600.0,1.35,4.6,0
2025-02-11 12:00:00+00:00,-2.8,59,0.0,0.0,0.0,0.35,0,3600.0,1.2,4.0,0
2025-02-11 13:00:00+00:00,-1.5,61,0.0,0.0,0.0,0.35,0,3600.0,1.52,4.0,0
2025-02-11 14:00:00+00:00,-1.6,62,0.0,0.0,0.0,0.35,0,3600.0,1.8,4.1,0
2025-02-11 15:00:00+00:00,-2.8,69,0.0,0.0,0.0,0.35,0,3600.0,2.23,4.2,0
2025-02-11 16:00:00+00:00,-5.0,81,0.0,0.0,0.0,0.35,0,3058.96,2.5,4.7,0
2025-02-11 17:00:00+00:00,-6.1,84,0.0,0.0,0.0,0.35,0,0.0,2.25,4.9,0
2025-02-11 18:00:00+00:00,-6.7,83,0.0,0.0,0.0,0.35,0,0.0,1.74,4.4,0
2025-02-11 19:00:00+00:00,-7.3,84,0.0,0.0,0.0,0.35,0,0.0,1.59,3.5,0
2025-02-11 20:00:00+00:00,-7.6,84,0.0,0.0,0.0,0.35,0,0.0,1.59,3.2,0
2025-02-11 21:00:00+00:00,-8.0,84,0.0,0.0,0.0,0.35,0,0.0,1.59,3.3,0
2025-02-11 22:00:00+00:00,-8.4,85,0.0,0.0,0.0,0.35,0,0.0,1.67,3.2,0
2025-02-11 23:00:00+00:00,-8.9,85,0.0,0.0,0.0,0.35,0,0.0,1.74,3.4,0
2025-02-12 00:00:00+00:00,-9.4,86,0.0,0.0,0.0,0.35,0,0.0,1.63,3.4,0
2025-02-12 01:00:00+00:00,-10.0,88,0.0,0.0,0.0,0.35,7,0.0,2.32,4.5,0
2025-02-12 02:00:00+00:00,-10.6,89,0.0,0.0,0.0,0.35,32,0.0,2.35,4.5,1
2025-02-12 03:00:00+00:00,-11.0,89,0.0,0.0,0.0,0.35,53,0.0,2.29,4.6,2
2025-02-12 04:00:00+00:00,-11.6,89,0.0,0.0,0.0,0.35,75,0.0,2.26,4.5,2
2025-02-12 05:00:00+00:00,-12.3,89,0.0,0.0,0.0,0.35,84,0.0,2.15,4.5,3
2025-02-12 06:00:00+00:00,-12.8,90,0.0,0.0,0.0,0.35,92,0.0,1.98,4.3,3
2025-02-12 07:00:00+00:00,-13.1,90,0.0,0.0,0.0,0.35,82,0.0,1.86,4.2,3
2025-02-12 08:00:00+00:00,-12.9,89,0.0,0.0,0.0,0.35,96,80.34,1.74,4.0,3
2025-02-12 09:00:00+00:00,-11.8,86,0.0,0.0,0.0,0.35,95,2261.05,1.59,4.1,3
2025-02-12 10:00:00+00:00,-10.0,80,0.0,0.0,0.0,0.35,32,3600.0,1.38,4.1,1
2025-02-12 11:00:00+00:00,-8.5,74,0.0,0.0,0.0,0.35,22,3600.0,0.96,4.1,1
2025-02-12 12:00:00+00:00,-7.2,70,0.0,0.0,0.0,0.35,21,3600.0,0.93,3.7,1
2025-02-12 13:00:00+00:00,-6.3,73,0.0,0.0,0.0,0.35,39,3600.0,1.3,4.1,1
2025-02-12 14:00:00+00:00,-5.9,69,0.0,0.0,0.0,0.35,4,3600.0,1.73,4.3,0
2025-02-12 15:00:00+00:00,-5.9,68,0.0,0.0,0.0,0.35,2,3600.0,1.98,4.3,0
2025-02-12 16:00:00+00:00,-7.7,77,0.0,0.0,0.0,0.35,3,3218.81,1.46,3.9,0
2025-02-12 17:00:00+00:00,-8.0,77,0.0,0.0,0.0,0.35,1,0.0,1.5,3.0,0
2025-02-12 18:00:00+00:00,-7.9,77,0.0,0.0,0.0,0.35,1,0.0,1.71,3.5,0
2025-02-12 19:00:00+00:00,-8.2,77,0.0,0.0,0.0,0.35,0,0.0,1.66,3.7,0
2025-02-12 20:00:00+00:00,-8.1,78,0.0,0.0,0.0,0.35,25,0.0,2.37,4.5,1
2025-02-12 21:00:00+00:00,-6.9,75,0.0,0.0,0.0,0.35,100,0.0,2.46,5.2,3
2025-02-12 22:00:00+00:00,-5.2,72,0.0,0.0,0.0,0.35,100,0.0,1.66,5.0,3
2025-02-12 23:00:00+00:00,-4.5,74,0.0,0.0,0.0,0.35,100,0.0,1.44,3.2,3
2025-02-13 00:00:00+00:00,-3.9,78,0.0,0.0,0.0,0.35,100,0.0,1.44,2.9,3
2025-02-13 01:00:00+00:00,-3.0,83,0.0,0.0,0.0,0.35,100,0.0,2.69,5.3,3
2025-02-13 02:00:00+00:00,-2.6,83,0.0,0.0,0.0,0.35,100,0.0,2.85,5.7,3
2025-02-13 03:00:00+00:00,-2.5,84,0.0,0.0,0.0,0.35,100,0.0,2.83,5.7,3
2025-02-13 04:00:00+00:00,-2.3,84,0.0,0.0,0.0,0.35,100,0.0,3.27,6.5,3
2025-02-13 05:00:00+00:00,-2.2,83,0.0,0.0,0.0,0.35,100,0.0,3.58,7.2,3
2025-02-13 06:00:00+00:00,-2.2,83,0.0,0.0,0.0,0.35,100,0.0,4.01,8.0,3
2025-02-13 07:00:00+00:00,-2.4,84,0.0,0.0,0.0,0.35,100,0.0,4.4,8.9,3
2025-02-13 08:00:00+00:00,-2.5,84,0.0,0.0,0.0,0.35,100,0.0,4.47,9.2,3
2025-02-13 09:00:00+00:00,-2.2,81,0.0,0.0,0.0,0.35,100,0.0,3.96,9.0,3
2025-02-13 10:00:00+00:00,-2.1,80,0.0,0.0,0.0,0.35,100,0.0,3.95,8.5,3
2025-02-13 11:00:00+00:00,-1.6,77,0.0,0.0,0.0,0.35,97,0.0,3.89,8.4,3
2025-02-13 12:00:00+00:00,-1.2,74,0.0,0.0,0.0,0.35,89,1297.43,3.77,8.4,3
2025-02-13 13:00:00+00:00,-0.3,70,0.0,0.0,0.0,0.35,66,3600.0,4.08,9.2,2
2025-02-13 14:00:00+00:00,-0.4,69,0.0,0.0,0.0,0.35,19,3600.0,3.67,9.0,0
2025-02-13 15:00:00+00:00,-1.0,72,0.0,0.0,0.0,0.35,3,3600.0,2.93,8.0,0
2025-02-13 16:00:00+00:00,-3.0,84,0.0,0.0,0.0,0.35,0,3377.77,2.23,5.9,0
2025-02-13 17:00:00+00:00,-4.0,85,0.0,0.0,0.0,0.35,0,0.0,2.38,4.7,0
2025-02-13 18:00:00+00:00,-4.8,85,0.0,0.0,0.0,0.35,0,0.0,2.19,4.7,0
2025-02-13 19:00:00+00:00,-5.9,86,0.0,0.0,0.0,0.35,0,0.0,1.64,4.3,0
2025-02-13 20:00:00+00:00,-7.5,88,0.0,0.0,0.0,0.35,0,0.0,1.1,3.4,0
2025-02-13 21:00:00+00:00,-8.7,91,0.0,0.0,0.0,0.35,0,0.0,0.74,2.3,0
2025-02-13 22:00:00+00:00,-9.4,93,0.0,0.0,0.0,0.35,0,0.0,0.57,1.8,0
2025-02-13 23:00:00+00:00,-9.9,94,0.0,0.0,0.0,0.35,38,0.0,0.67,2.1,1
2025-02-14 00:00:00+00:00,-11.0,92,0.0,0.0,0.0,0.35,75,0.0,0.54,2.2,2
2025-02-14 01:00:00+00:00,-11.5,95,0.0,0.0,0.0,0.35,100,0.0,1.03,2.9,3
2025-02-14 02:00:00+00:00,-11.9,93,0.0,0.0,0.0,0.35,100,0.0,0.99,2.9,3
2025-02-14 03:00:00+00:00,-12.3,91,0.0,0.0,0.0,0.35,100,0.0,1.19,3.2,3
2025-02-14 04:00:00+00:00,-12.4,91,0.0,0.0,0.0,0.35,100,0.0,1.21,3.3,3
2025-02-14 05:00:00+00:00,-12.1,90,0.0,0.0,0.0,0.35,100,0.0,1.01,3.2,3
2025-02-14 06:00:00+00:00,-11.8,90,0.0,0.0,0.0,0.35,100,0.0,1.07,2.8,3
2025-02-14 07:00:00+00:00,-11.9,91,0.0,0.0,0.0,0.35,100,0.0,0.92,2.7,3
2025-02-14 08:00:00+00:00,-11.2,90,0.0,0.0,0.0,0.35,99,0.0,0.6,2.5,3
2025-02-14 09:00:00+00:00,-10.1,88,0.0,0.0,0.0,0.35,100,977.53,0.05,2.4,3
2025-02-14 10:00:00+00:00,-9.0,85,0.0,0.0,0.0,0.35,77,1207.92,0.56,2.7,2
2025-02-14 11:00:00+00:00,-7.7,81,0.0,0.0,0.0,0.35,80,3600.0,1.11,3.9,3
2025-02-14 12:00:00+00:00,-6.9,77,0.0,0.0,0.0,0.35,59,3600.0,1.3,4.2,2
2025-02-14 13:00:00+00:00,-4.8,83,0.0,0.0,0.0,0.35,37,3600.0,1.56,4.5,1
2025-02-14 14:00:00+00:00,-4.8,81,0.0,0.0,0.0,0.35,15,3600.0,1.24,4.3,0
2025-02-14 15:00:00+00:00,-5.4,82,0.0,0.0,0.0,0.35,7,3600.0,0.92,3.5,0
2025-02-14 16:00:00+00:00,-7.5,88,0.0,0.0,0.0,0.35,3,3535.73,0.46,1.7,0
2025-02-14 17:00:00+00:00,-8.0,88,0.0,0.0,0.0,0.35,3,0.0,0.32,1.0,0
2025-02-14 18:00:00+00:00,-8.2,87,0.0,0.0,0.0,0.35,4,0.0,0.4,0.9,0
2025-02-14 19:00:00+00:00,-8.4,86,0.0,0.0,0.0,0.35,13,0.0,0.32,0.9,0
2025-02-14 20:00:00+00:00,-8.7,87,0.0,0.0,0.0,0.35,22,0.0,0.32,0.8,1
2025-02-14 21:00:00+00:00,-9.0,88,0.0,0.0,0.0,0.35,61,0.0,0.32,0.9,2
2025-02-14 22:00:00+00:00,-9.1,87,0.0,0.0,0.0,0.35,40,0.0,0.25,0.8,1
2025-02-14 23:00:00+00:00,-9.7,89,0.0,0.0,0.0,0.35,35,0.0,0.18,0.6,1
2025-02-15 00:00:00+00:00,-11.1,92,0.0,0.0,0.0,0.34,22,0.0,0.36,1.3,1
2025-02-15 01:00:00+00:00,-8.3,87,0.0,0.0,0.0,0.34,16,0.0,0.11,0.6,0
2025-02-15 02:00:00+00:00,-8.8,87,0.0,0.0,0.0,0.34,73,0.0,0.25,0.7,2
2025-02-15 03:00:00+00:00,-9.8,91,0.0,0.0,0.0,0.34,27,0.0,0.1,0.7,1
2025-02-15 04:00:00+00:00,-11.4,93,0.0,0.0,0.0,0.34,94,0.0,1.96,3.4,3
2025-02-15 05:00:00+00:00,-10.7,89,0.0,0.0,0.0,0.34,94,0.0,1.85,5.0,3
2025-02-15 06:00:00+00:00,-9.0,80,0.0,0.0,0.0,0.34,97,0.0,1.32,3.8,3
2025-02-15 07:00:00+00:00,-7.2,73,0.0,0.0,0.0,0.34,43,0.0,2.69,4.7,1
2025-02-15 08:00:00+00:00,-5.3,68,0.0,0.0,0.0,0.34,4,3541.23,6.56,12.9,0
2025-02-15 09:00:00+00:00,-5.6,68,0.0,0.0,0.0,0.34,5,3600.0,6.64,13.7,0
2025-02-15 10:00:00+00:00,-5.5,64,0.0,0.0,0.0,0.34,1,3600.0,6.06,13.5,0
2025-02-15 11:00:00+00:00,-5.2,57,0.0,0.0,0.0,0.34,0,3600.0,5.92,12.9,0
2025-02-15 12:00:00+00:00,-5.0,54,0.0,0.0,0.0,0.34,1,3600.0,5.46,12.6,0
2025-02-15 13:00:00+00:00,-3.6,51,0.0,0.0,0.0,0.34,0,3600.0,4.99,11.2,0
2025-02-15 14:00:00+00:00,-3.9,52,0.0,0.0,0.0,0.34,0,3600.0,4.54,10.8,0
2025-02-15 15:00:00+00:00,-4.8,59,0.0,0.0,0.0,0.34,0,3600.0,3.81,9.6,0
2025-02-15 16:00:00+00:00,-6.4,66,0.0,0.0,0.0,0.34,0,3600.0,3.44,7.7,0
2025-02-15 17:00:00+00:00,-7.7,70,0.0,0.0,0.0,0.34,0,0.0,3.11,6.9,0
2025-02-15 18:00:00+00:00,-8.6,73,0.0,0.0,0.0,0.34,0,0.0,3.03,6.3,0
2025-02-15 19:00:00+00:00,-9.2,72,0.0,0.0,0.0,0.34,0,0.0,3.05,6.1,0
2025-02-15 20:00:00+00:00,-9.7,72,0.0,0.0,0.0,0.34,0,0.0,2.82,6.1,0
2025-02-15 21:00:00+00:00,-10.4,73,0.0,0.0,0.0,0.34,0,0.0,2.12,5.7,0
2025-02-15 22:00:00+00:00,-11.6,76,0.0,0.0,0.0,0.34,0,0.0,1.35,4.3,0
2025-02-15 23:00:00+00:00,-12.5,78,0.0,0.0,0.0,0.34,0,0.0,1.05,3.0,0
2025-02-16 00:00:00+00:00,-13.0,79,0.0,0.0,0.0,0.34,0,0.0,0.79,2.4,0
2025-02-16 01:00:00+00:00,-13.2,78,0.0,0.0,0.0,0.34,0,0.0,0.94,2.2,0
2025-02-16 02:00:00+00:00,-13.5,77,0.0,0.0,0.0,0.34,0,0.0,0.7,2.1,0
2025-02-16 03:00:00+00:00,-13.6,76,0.0,0.0,0.0,0.34,0,0.0,0.56,1.7,0
2025-02-16 04:00:00+00:00,-14.0,77,0.0,0.0,0.0,0.34,0,0.0,0.52,1.5,0
2025-02-16 05:00:00+00:00,-14.6,81,0.0,0.0,0.0,0.34,0,0.0,0.45,1.4,0
2025-02-16 06:00:00+00:00,-15.2,82,0.0,0.0,0.0,0.34,3,0.0,0.47,1.2,0
2025-02-16 07:00:00+00:00,-15.5,84,0.0,0.0,0.0,0.34,6,0.0,0.25,1.2,0
2025-02-16 08:00:00+00:00,-14.8,85,0.0,0.0,0.0,0.34,9,3600.0,0.61,1.8,0
2025-02-16 09:00:00+00:00,-13.5,71,0.0,0.0,0.0,0.34,9,3600.0,0.75,3.0,0
2025-02-16 10:00:00+00:00,-11.9,58,0.0,0.0,0.0,0.34,0,3600.0,0.87,3.6,0
2025-02-16 11:00:00+00:00,-10.4,50,0.0,0.0,0.0,0.34,0,3600.0,0.88,3.8,0
2025-02-16 12:00:00+00:00,-9.0,42,0.0,0.0,0.0,0.34,12,3600.0,1.07,4.1,0
2025-02-16 13:00:00+00:00,-7.8,43,0.0,0.0,0.0,0.34,25,3600.0,1.07,4.1,1
2025-02-16 14:00:00+00:00,-7.3,41,0.0,0.0,0.0,0.34,22,3600.0,1.08,3.8,1
2025-02-16 15:00:00+00:00,-7.5,44,0.0,0.0,0.0,0.34,22,3600.0,1.17,3.3,1
2025-02-16 16:00:00+00:00,-9.2,52,0.0,0.0,0.0,0.34,22,3600.0,0.45,2.3,1
2025-02-16 17:00:00+00:00,-10.1,58,0.0,0.0,0.0,0.34,30,0.0,0.39,1.3,1
2025-02-16 18:00:00+00:00,-11.2,67,0.0,0.0,0.0,0.34,33,0.0,0.38,1.3,1
2025-02-16 19:00:00+00:00,-11.6,70,0.0,0.0,0.0,0.34,43,0.0,0.2,1.3,1
2025-02-16 20:00:00+00:00,-11.6,68,0.0,0.0,0.0,0.34,48,0.0,0.16,1.1,1
2025-02-16 21:00:00+00:00,-11.5,65,0.0,0.0,0.0,0.34,69,0.0,0.16,1.1,2
2025-02-16 22:00:00+00:00,-11.7,65,0.0,0.0,0.0,0.34,54,0.0,0.22,1.1,2
2025-02-16 23:00:00+00:00,-12.2,69,0.0,0.0,0.0,0.34,52,0.0,0.25,1.1,2
2025-02-17 00:00:00+00:00,-12.7,74,0.0,0.0,0.0,0.34,58,0.0,0.27,1.2,2
2025-02-17 01:00:00+00:00,-12.5,74,0.0,0.0,0.0,0.34,1,0.0,0.54,1.4,0
2025-02-17 02:00:00+00:00,-13.2,79,0.0,0.0,0.0,0.34,1,0.0,0.47,1.6,0
2025-02-17 03:00:00+00:00,-13.2,81,0.0,0.0,0.0,0.34,0,0.0,0.22,1.4,0
2025-02-17 04:00:00+00:00,-13.1,79,0.0,0.0,0.0,0.34,4,0.0,0.32,1.1,0
2025-02-17 05:00:00+00:00,-13.6,81,0.0,0.0,0.0,0.34,53,0.0,0.94,1.7,2
2025-02-17 06:00:00+00:00,-13.0,83,0.0,0.0,0.0,0.34,73,0.0,0.8,1.9,2
2025-02-17 07:00:00+00:00,-13.2,81,0.0,0.0,0.0,0.34,100,0.0,0.86,2.0,3
2025-02-17 08:00:00+00:00,-11.1,73,0.0,0.0,0.0,0.34,98,1387.98,1.66,3.2,3
2025-02-17 09:00:00+00:00,-8.8,62,0.0,0.0,0.0,0.34,98,3600.0,1.3,3.3,3
2025-02-17 10:00:00+00:00,-6.5,53,0.0,0.0,0.0,0.34,86,3600.0,1.25,3.5,3
2025-02-17 11:00:00+00:00,-4.6,47,0.0,0.0,0.0,0.34,81,3600.0,1.31,4.0,3
2025-02-17 12:00:00+00:00,-3.2,45,0.0,0.0,0.0,0.34,12,3600.0,1.55,4.4,0
2025-02-17 13:00:00+00:00,-1.4,43,0.0,0.0,0.0,0.34,4,3600.0,1.55,4.4,0
2025-02-17 14:00:00+00:00,-1.5,44,0.0,0.0,0.0,0.34,0,3600.0,1.24,4.2,0
2025-02-17 15:00:00+00:00,-2.5,49,0.0,0.0,0.0,0.34,5,3600.0,0.82,3.2,0
2025-02-17 16:00:00+00:00,-5.5,62,0.0,0.0,0.0,0.34,0,3600.0,0.94,2.0,0
2025-02-17 17:00:00+00:00,-7.6,73,0.0,0.0,0.0,0.34,0,0.0,1.09,2.2,0
2025-02-17 18:00:00+00:00,-8.2,76,0.0,0.0,0.0,0.34,0,0.0,1.15,2.4,0
2025-02-17 19:00:00+00:00,-8.0,73,0.0,0.0,0.0,0.34,10,0.0,1.25,2.5,0
2025-02-17 20:00:00+00:00,-7.7,71,0.0,0.0,0.0,0.34,2,0.0,1.16,2.5,0
2025-02-17 21:00:00+00:00,-7.8,71,0.0,0.0,0.0,0.34,1,0.0,1.03,2.3,0
2025-02-17 22:00:00+00:00,-8.4,73,0.0,0.0,0.0,0.34,0,0.0,1.14,2.4,0
2025-02-17 23:00:00+00:00,-8.6,73,0.0,0.0,0.0,0.34,0,0.0,1.01,2.3,0
2025-02-18 00:00:00+00:00,-8.6,73,0.0,0.0,0.0,0.34,0,0.0,0.54,2.1,0
2025-02-18 01:00:00+00:00,-8.1,74,0.0,0.0,0.0,0.34,55,0.0,1.01,2.3,2
2025-02-18 02:00:00+00:00,-8.9,76,0.0,0.0,0.0,0.34,28,0.0,0.76,2.0,1
2025-02-18 03:00:00+00:00,-9.9,80,0.0,0.0,0.0,0.34,10,0.0,0.81,1.7,0
2025-02-18 04:00:00+00:00,-10.7,83,0.0,0.0,0.0,0.34,0,0.0,0.76,1.7,0
2025-02-18 05:00:00+00:00,-11.5,86,0.0,0.0,0.0,0.34,0,0.0,0.61,1.6,0
2025-02-18 06:00:00+00:00,-12.1,88,0.0,0.0,0.0,0.34,0,0.0,0.4,1.3,0
2025-02-18 07:00:00+00:00,-12.5,89,0.0,0.0,0.0,0.34,2,0.0,0.56,1.5,0
2025-02-18 08:00:00+00:00,-11.3,89,0.0,0.0,0.0,0.34,6,3600.0,0.54,1.8,0
2025-02-18 09:00:00+00:00,-9.6,79,0.0,0.0,0.0,0.34,11,3600.0,0.38,2.5,0
2025-02-18 10:00:00+00:00,-7.0,67,0.0,0.0,0.0,0.34,8,3600.0,0.5,2.9,0
2025-02-18 11:00:00+00:00,-5.0,55,0.0,0.0,0.0,0.34,3,3600.0,1.1,3.9,0
2025-02-18 12:00:00+00:00,-3.6,48,0.0,0.0,0.0,0.34,0,3600.0,1.46,4.4,0
2025-02-18 13:00:00+00:00,-3.0,49,0.0,0.0,0.0,0.34,0,3600.0,1.53,4.6,0
2025-02-18 14:00:00+00:00,-3.1,50,0.0,0.0,0.0,0.34,0,3600.0,1.14,4.4,0
2025-02-18 15:00:00+00:00,-3.7,54,0.0,0.0,0.0,0.34,0,3600.0,0.71,3.4,0
2025-02-18 16:00:00+00:00,-5.5,63,0.0,0.0,0.0,0.34,0,3600.0,0.21,1.4,0
2025-02-18 17:00:00+00:00,-6.1,64,0.0,0.0,0.0,0.34,0,0.0,0.18,0.6,0
2025-02-18 18:00:00+00:00,-7.5,71,0.0,0.0,0.0,0.34,0,0.0,0.15,0.7,0
2025-02-18 19:00:00+00:00,-8.4,76,0.0,0.0,0.0,0.34,0,0.0,0.07,0.6,0
2025-02-18 20:00:00+00:00,-9.2,79,0.0,0.0,0.0,0.34,0,0.0,0.14,0.8,0
2025-02-18 21:00:00+00:00,-9.7,82,0.0,0.0,0.0,0.34,0,0.0,0.25,1.1,0
2025-02-18 22:00:00+00:00,-10.3,85,0.0,0.0,0.0,0.34,0,0.0,0.25,1.0,0
2025-02-18 23:00:00+00:00,-10.8,86,0.0,0.0,0.0,0.34,0,0.0,0.35,1.3,0
2025-02-19 00:00:00+00:00,-10.6,85,0.0,0.0,0.0,0.34,0,0.0,0.64,1.9,0
2025-02-19 01:00:00+00:00,-11.3,87,0.0,0.0,0.0,0.34,0,0.0,0.5,1.8,0
2025-02-19 02:00:00+00:00,-11.7,86,0.0,0.0,0.0,0.34,0,0.0,0.43,1.6,0
2025-02-19 03:00:00+00:00,-11.9,86,0.0,0.0,0.0,0.34,0,0.0,0.36,1.4,0
2025-02-19 04:00:00+00:00,-12.2,87,0.0,0.0,0.0,0.34,0,0.0,0.29,1.4,0
2025-02-19 05:00:00+00:00,-12.6,88,0.0,0.0,0.0,0.34,56,0.0,0.18,1.2,2
2025-02-19 06:00:00+00:00,-13.1,91,0.0,0.0,0.0,0.34,98,0.0,0.32,1.4,3
2025-02-19 07:00:00+00:00,-14.0,89,0.0,0.0,0.0,0.34,76,0.0,0.46,1.8,2
2025-02-19 08:00:00+00:00,-12.8,89,0.0,0.0,0.0,0.34,48,3600.0,0.32,2.1,1
2025-02-19 09:00:00+00:00,-10.7,81,0.0,0.0,0.0,0.34,61,3600.0,0.36,2.5,2
2025-02-19 10:00:00+00:00,-8.2,71,0.0,0.0,0.0,0.34,100,3600.0,0.3,3.0,3
2025-02-19 11:00:00+00:00,-6.3,61,0.0,0.0,0.0,0.34,19,3600.0,0.81,3.6,0
2025-02-19 12:00:00+00:00,-5.3,55,0.0,0.0,0.0,0.34,83,3600.0,1.17,4.1,3
2025-02-19 13:00:00+00:00,-5.3,58,0.0,0.0,0.0,0.34,100,3600.0,1.0,4.6,3
2025-02-19 14:00:00+00:00,-5.0,56,0.0,0.0,0.0,0.34,82,3600.0,0.49,3.8,3
2025-02-19 15:00:00+00:00,-5.4,61,0.0,0.0,0.0,0.34,42,3600.0,0.2,2.6,1
2025-02-19 16:00:00+00:00,-6.9,69,0.0,0.0,0.0,0.34,13,3600.0,0.3,1.3,0
2025-02-19 17:00:00+00:00,-7.7,72,0.0,0.0,0.0,0.34,24,0.0,0.82,2.0,1
2025-02-19 18:00:00+00:00,-8.1,82,0.0,0.0,0.0,0.34,22,0.0,1.75,3.2,1
2025-02-19 19:00:00+00:00,-7.1,87,0.0,0.0,0.0,0.34,21,0.0,2.1,4.0,1
2025-02-19 20:00:00+00:00,-6.3,89,0.0,0.0,0.0,0.34,7,0.0,2.46,4.8,0
2025-02-19 21:00:00+00:00,-6.2,91,0.0,0.0,0.0,0.34,7,0.0,2.44,4.9,0
2025-02-19 22:00:00+00:00,-6.0,92,0.0,0.0,0.0,0.34,24,0.0,2.28,4.9,1
2025-02-19 23:00:00+00:00,-5.3,93,0.0,0.0,0.0,0.34,98,0.0,1.94,4.7,3
2025-02-20 00:00:00+00:00,-4.7,94,0.0,0.0,0.0,0.34,100,0.0,1.81,4.1,3
2025-02-20 01:00:00+00:00,-5.2,96,0.0,0.0,0.0,0.34,100,0.0,1.77,3.8,3
2025-02-20 02:00:00+00:00,-4.6,96,0.0,0.0,0.0,0.34,100,0.0,1.86,3.9,3
2025-02-20 03:00:00+00:00,-4.1,95,0.0,0.0,0.0,0.34,100,0.0,1.97,4.0,3
2025-02-20 04:00:00+00:00,-4.1,95,0.0,0.0,0.0,0.34,100,0.0,1.35,3.9,3
2025-02-20 05:00:00+00:00,-3.9,96,0.0,0.0,0.0,0.34,100,0.0,1.41,2.9,3
2025-02-20 06:00:00+00:00,-3.7,93,0.0,0.0,0.0,0.34,100,0.0,2.17,4.1,3
2025-02-20 07:00:00+00:00,-3.9,91,0.0,0.0,0.0,0.34,100,0.0,2.52,4.8,3
2025-02-20 08:00:00+00:00,-3.3,88,0.0,0.0,0.0,0.34,100,0.0,3.08,5.8,3
2025-02-20 09:00:00+00:00,-2.3,86,0.0,0.0,0.0,0.34,100,0.0,3.56,7.2,3
2025-02-20 10:00:00+00:00,-1.3,83,0.0,0.0,0.0,0.34,100,0.0,3.87,8.1,3
2025-02-20 11:00:00+00:00,-0.3,75,0.0,0.0,0.0,0.34,100,1262.57,4.37,9.1,3
2025-02-20 12:00:00+00:00,0.4,71,0.0,0.0,0.0,0.34,100,3552.08,5.37,11.6,3
2025-02-20 13:00:00+00:00,0.7,71,0.0,0.0,0.0,0.34,99,3600.0,5.26,11.7,3
2025-02-20 14:00:00+00:00,0.4,73,0.0,0.0,0.0,0.34,100,3600.0,4.78,10.7,3
2025-02-20 15:00:00+00:00,0.3,69,0.0,0.0,0.0,0.34,100,0.0,5.19,10.6,3
2025-02-20 16:00:00+00:00,-0.2,66,0.0,0.0,0.0,0.34,100,0.0,4.93,10.5,3
2025-02-20 17:00:00+00:00,0.1,65,0.0,0.0,0.0,0.34,100,0.0,4.66,10.0,3
2025-02-20 18:00:00+00:00,0.4,65,0.0,0.0,0.0,0.34,100,0.0,4.8,9.7,3
2025-02-20 19:00:00+00:00,0.5,63,0.0,0.0,0.0,0.34,100,0.0,5.01,10.0,3
2025-02-20 20:00:00+00:00,0.6,62,0.0,0.0,0.0,0.34,100,0.0,5.02,10.2,3
2025-02-20 21:00:00+00:00,0.5,62,0.0,0.0,0.0,0.34,100,0.0,4.96,10.1,3
2025-02-20 22:00:00+00:00,0.5,64,0.0,0.0,0.0,0.34,100,0.0,5.23,10.4,3
2025-02-20 23:00:00+00:00,0.0,71,0.0,0.0,0.0,0.34,100,0.0,5.07,10.5,3
2025-02-21 00:00:00+00:00,-0.4,81,0.9,0.0,0.63,0.35,100,0.0,4.89,10.2,73
2025-02-21 01:00:00+00:00,-1.1,93,2.7,0.0,1.89,0.36,100,0.0,4.38,9.0,75
2025-02-21 02:00:00+00:00,-0.7,93,1.1,0.0,0.77,0.38,100,0.0,3.65,8.8,73
2025-02-21 03:00:00+00:00,-0.1,96,0.0,0.0,0.0,0.38,100,0.0,3.77,7.6,3
2025-02-21 04:00:00+00:00,0.3,97,0.0,0.0,0.0,0.38,100,0.0,3.53,7.6,3
2025-02-21 05:00:00+00:00,0.4,98,0.0,0.0,0.0,0.38,100,0.0,2.72,7.0,3
2025-02-21 06:00:00+00:00,0.5,98,0.0,0.0,0.0,0.38,100,0.0,1.66,5.4,3
2025-02-21 07:00:00+00:00,0.3,99,0.0,0.0,0.0,0.38,100,0.0,1.52,3.3,3
2025-02-21 08:00:00+00:00,0.8,98,0.0,0.0,0.0,0.38,100,0.0,1.63,3.5,3
2025-02-21 09:00:00+00:00,1.3,97,0.0,0.0,0.0,0.38,100,2593.19,2.11,4.5,3
2025-02-21 10:00:00+00:00,1.7,95,0.0,0.0,0.0,0.38,100,3202.65,2.28,5.3,3
2025-02-21 11:00:00+00:00,2.1,93,0.0,0.0,0.0,0.38,100,1956.21,2.33,5.4,3
2025-02-21 12:00:00+00:00,2.2,95,0.1,0.1,0.0,0.38,100,0.0,1.45,5.5,51
2025-02-21 13:00:00+00:00,2.0,96,0.2,0.2,0.0,0.38,100,0.0,2.13,4.1,51
2025-02-21 14:00:00+00:00,2.1,96,0.1,0.1,0.0,0.37,100,0.0,2.46,4.5,51
2025-02-21 15:00:00+00:00,1.5,98,0.1,0.1,0.0,0.37,100,0.0,1.88,4.7,51
2025-02-21 16:00:00+00:00,1.3,98,0.1,0.1,0.0,0.37,100,0.0,1.63,3.9,51
2025-02-21 17:00:00+00:00,1.1,99,0.1,0.1,0.0,0.37,100,0.0,1.68,3.9,51
2025-02-21 18:00:00+00:00,1.2,98,0.1,0.1,0.0,0.37,100,0.0,2.04,4.3,51
2025-02-21 19:00:00+00:00,1.4,98,0.1,0.1,0.0,0.37,100,0.0,1.96,4.5,51
2025-02-21 20:00:00+00:00,1.6,99,0.4,0.4,0.0,0.36,100,0.0,2.49,5.3,51
2025-02-21 21:00:00+00:00,2.1,97,0.2,0.2,0.0,0.36,100,0.0,3.1,6.5,51
2025-02-21 22:00:00+00:00,2.2,98,0.1,0.1,0.0,0.36,100,0.0,3.39,6.9,51
2025-02-21 23:00:00+00:00,2.4,98,0.1,0.1,0.0,0.36,100,0.0,4.07,8.3,51
2025-02-22 00:00:00+00:00,2.5,98,0.1,0.1,0.0,0.36,100,0.0,4.01,8.2,51
2025-02-22 01:00:00+00:00,2.9,98,0.3,0.3,0.0,0.36,100,0.0,3.83,7.7,51
2025-02-22 02:00:00+00:00,3.4,99,0.1,0.1,0.0,0.35,100,0.0,4.55,8.9,51
2025-02-22 03:00:00+00:00,3.7,99,0.0,0.0,0.0,0.35,100,0.0,4.95,9.8,3
2025-02-22 04:00:00+00:00,3.8,99,0.0,0.0,0.0,0.35,100,0.0,4.95,9.9,3
2025-02-22 05:00:00+00:00,3.8,98,0.0,0.0,0.0,0.35,100,0.0,4.81,9.9,3
2025-02-22 06:00:00+00:00,3.8,98,0.1,0.1,0.0,0.34,100,0.0,4.58,9.6,51
2025-02-22 07:00:00+00:00,3.6,99,0.1,0.1,0.0,0.34,100,0.0,4.37,9.1,51
2025-02-22 08:00:00+00:00,3.4,99,0.0,0.0,0.0,0.34,100,0.0,4.11,8.7,3
2025-02-22 09:00:00+00:00,3.3,99,0.1,0.1,0.0,0.34,100,0.0,4.05,8.2,51
2025-02-22 10:00:00+00:00,3.4,99,0.0,0.0,0.0,0.33,100,0.0,3.85,8.2,3
2025-02-22 11:00:00+00:00,3.6,99,0.1,0.1,0.0,0.33,100,0.0,3.58,7.5,51
2025-02-22 12:00:00+00:00,3.2,99,0.2,0.2,0.0,0.33,100,0.0,3.0,7.0,51
2025-02-22 13:00:00+00:00,3.2,99,0.2,0.2,0.0,0.33,100,0.0,2.75,5.6,51
2025-02-22 14:00:00+00:00,3.1,99,0.4,0.4,0.0,0.32,100,0.0,2.92,5.9,51
2025-02-22 15:00:00+00:00,3.0,99,0.2,0.2,0.0,0.32,100,0.0,3.72,7.4,51
2025-02-22 16:00:00+00:00,2.7,98,0.3,0.3,0.0,0.32,100,0.0,4.35,8.6,51
2025-02-22 17:00:00+00:00,2.4,99,0.7,0.7,0.0,0.32,100,0.0,3.85,8.7,53
2025-02-22 18:00:00+00:00,2.4,98,0.8,0.8,0.0,0.31,100,0.0,3.65,7.6,53
2025-02-22 19:00:00+00:00,2.5,98,0.6,0.6,0.0,0.31,100,0.0,3.51,7.2,53
2025-02-22 20:00:00+00:00,2.5,98,0.3,0.3,0.0,0.31,100,0.0,3.36,7.0,51
2025-02-22 21:00:00+00:00,2.5,99,0.1,0.1,0.0,0.31,100,0.0,2.89,6.7,51
2025-02-22 22:00:00+00:00,2.5,99,0.1,0.1,0.0,0.31,100,0.0,2.8,5.7,51
2025-02-22 23:00:00+00:00,2.3,100,0.0,0.0,0.0,0.31,100,0.0,1.95,5.4,3
2025-02-23 00:00:00+00:00,2.0,100,0.0,0.0,0.0,0.31,100,0.0,1.5,3.8,3
2025-02-23 01:00:00+00:00,1.7,100,0.0,0.0,0.0,0.31,100,0.0,1.43,2.7,3
2025-02-23 02:00:00+00:00,1.5,100,0.0,0.0,0.0,0.31,100,0.0,1.05,2.7,3
2025-02-23 03:00:00+00:00,1.3,100,0.0,0.0,0.0,0.3,100,0.0,1.12,2.1,3
2025-02-23 04:00:00+00:00,1.3,100,0.0,0.0,0.0,0.3,100,0.0,1.11,2.3,3
2025-02-23 05:00:00+00:00,0.9,99,0.0,0.0,0.0,0.3,100,0.0,1.22,3.0,3
2025-02-23 06:00:00+00:00,0.5,100,0.0,0.0,0.0,0.3,100,0.0,1.15,3.2,3
2025-02-23 07:00:00+00:00,0.4,99,0.0,0.0,0.0,0.3,100,0.0,1.25,3.2,3
2025-02-23 08:00:00+00:00,0.6,100,0.0,0.0,0.0,0.3,100,0.0,1.25,3.7,3
2025-02-23 09:00:00+00:00,0.7,100,0.0,0.0,0.0,0.3,100,0.0,1.15,3.7,3
2025-02-23 10:00:00+00:00,1.0,100,0.0,0.0,0.0,0.3,100,0.0,1.15,3.9,3
2025-02-23 11:00:00+00:00,1.9,97,0.0,0.0,0.0,0.3,100,913.74,1.42,4.1,3
2025-02-23 12:00:00+00:00,2.8,97,0.0,0.0,0.0,0.29,100,3600.0,1.49,4.2,3
2025-02-23 13:00:00+00:00,3.0,97,0.0,0.0,0.0,0.29,100,3600.0,1.5,4.0,3
2025-02-23 14:00:00+00:00,3.4,94,0.0,0.0,0.0,0.29,100,637.04,1.77,4.1,3
2025-02-23 15:00:00+00:00,3.7,91,0.0,0.0,0.0,0.29,98,0.0,1.53,4.0,3
2025-02-23 16:00:00+00:00,3.4,92,0.0,0.0,0.0,0.28,100,0.0,2.61,4.4,3
2025-02-23 17:00:00+00:00,2.6,97,0.0,0.0,0.0,0.28,100,0.0,4.07,7.5,3
2025-02-23 18:00:00+00:00,2.2,99,0.0,0.0,0.0,0.28,100,0.0,4.5,8.8,3
2025-02-23 19:00:00+00:00,2.3,100,0.0,0.0,0.0,0.28,100,0.0,4.4,9.0,3
2025-02-23 20:00:00+00:00,2.7,100,0.0,0.0,0.0,0.28,100,0.0,4.3,8.6,3
2025-02-23 21:00:00+00:00,2.8,99,0.0,0.0,0.0,0.28,100,0.0,4.55,9.1,3
2025-02-23 22:00:00+00:00,2.8,99,0.0,0.0,0.0,0.27,100,0.0,4.96,9.8,3
2025-02-23 23:00:00+00:00,2.8,99,0.0,0.0,0.0,0.27,100,0.0,5.96,11.6,3
2025-02-24 00:00:00+00:00,2.7,99,0.0,0.0,0.0,0.27,100,0.0,6.22,12.3,3
2025-02-24 01:00:00+00:00,2.7,99,0.1,0.1,0.0,0.27,100,0.0,6.66,12.9,51
2025-02-24 02:00:00+00:00,2.7,98,0.2,0.2,0.0,0.27,100,0.0,6.26,13.2,51
2025-02-24 03:00:00+00:00,2.8,99,0.2,0.2,0.0,0.26,100,0.0,6.05,12.6,51
2025-02-24 04:00:00+00:00,3.3,98,0.2,0.2,0.0,0.26,100,0.0,7.14,14.1,51
2025-02-24 05:00:00+00:00,3.7,98,0.4,0.4,0.0,0.26,100,0.0,7.12,14.3,51
2025-02-24 06:00:00+00:00,3.8,97,0.4,0.4,0.0,0.25,100,0.0,7.65,15.1,51
2025-02-24 07:00:00+00:00,3.8,98,0.6,0.6,0.0,0.25,100,0.0,7.65,15.2,53
2025-02-24 08:00:00+00:00,3.9,99,0.7,0.7,0.0,0.25,100,0.0,7.7,15.3,53
2025-02-24 09:00:00+00:00,3.8,98,0.4,0.4,0.0,0.25,100,0.0,7.6,15.2,51
2025-02-24 10:00:00+00:00,3.9,98,0.3,0.3,0.0,0.24,100,0.0,7.3,15.0,51
2025-02-24 11:00:00+00:00,4.0,98,0.3,0.3,0.0,0.24,100,0.0,6.95,14.2,51
2025-02-24 12:00:00+00:00,4.1,98,0.4,0.4,0.0,0.23,100,0.0,6.3,13.6,51
2025-02-24 13:00:00+00:00,4.5,98,0.2,0.2,0.0,0.23,100,0.0,5.32,10.6,51
2025-02-24 14:00:00+00:00,4.3,98,0.3,0.3,0.0,0.23,100,0.0,4.85,10.3,51
2025-02-24 15:00:00+00:00,4.2,98,0.5,0.5,0.0,0.22,100,0.0,4.77,9.6,53
2025-02-24 16:00:00+00:00,3.9,98,0.8,0.8,0.0,0.22,100,0.0,4.3,9.2,53
2025-02-24 17:00:00+00:00,3.6,98,0.9,0.9,0.0,0.22,100,0.0,3.82,8.4,53
2025-02-24 18:00:00+00:00,3.4,98,0.9,0.9,0.0,0.21,100,0.0,3.42,7.4,53
2025-02-24 19:00:00+00:00,3.3,98,1.0,1.0,0.0,0.21,100,0.0,3.32,6.7,55
2025-02-24 20:00:00+00:00,3.3,98,1.0,1.0,0.0,0.21,100,0.0,3.28,6.3,55
2025-02-24 21:00:00+00:00,3.2,98,1.1,1.1,0.0,0.21,100,0.0,3.04,6.3,55
2025-02-24 22:00:00+00:00,3.2,98,0.8,0.8,0.0,0.21,100,0.0,2.7,5.9,53
2025-02-24 23:00:00+00:00,3.0,99,0.4,0.4,0.0,0.21,100,0.0,2.21,5.2,51
2025-02-25 00:00:00+00:00,2.9,99,0.3,0.3,0.0,0.2,100,0.0,1.95,4.3,51
2025-02-25 01:00:00+00:00,3.4,99,0.1,0.1,0.0,0.2,100,0.0,2.3,4.8,51
2025-02-25 02:00:00+00:00,3.2,100,0.0,0.0,0.0,0.2,100,0.0,2.3,4.4,3
2025-02-25 03:00:00+00:00,2.9,100,0.0,0.0,0.0,0.2,100,0.0,2.38,4.5,3
2025-02-25 04:00:00+00:00,2.7,100,0.0,0.0,0.0,0.2,100,0.0,2.36,4.6,3
2025-02-25 05:00:00+00:00,2.4,100,0.0,0.0,0.0,0.2,100,0.0,2.51,4.7,3
2025-02-25 06:00:00+00:00,2.2,100,0.0,0.0,0.0,0.2,100,0.0,2.67,5.1,3
2025-02-25 07:00:00+00:00,1.9,100,0.0,0.0,0.0,0.2,100,0.0,2.75,5.2,3
2025-02-25 08:00:00+00:00,2.2,99,0.0,0.0,0.0,0.2,100,0.0,2.83,5.3,3
2025-02-25 09:00:00+00:00,2.4,98,0.0,0.0,0.0,0.19,100,0.0,2.52,5.7,3
2025-02-25 10:00:00+00:00,2.5,97,0.0,0.0,0.0,0.19,100,543.29,2.23,5.5,3
2025-02-25 11:00:00+00:00,2.8,96,0.0,0.0,0.0,0.19,100,0.0,2.83,6.4,3
2025-02-25 12:00:00+00:00,3.3,94,0.0,0.0,0.0,0.19,100,0.0,2.85,6.5,3
2025-02-25 13:00:00+00:00,4.6,84,0.0,0.0,0.0,0.18,100,466.29,3.6,7.8,3
2025-02-25 14:00:00+00:00,5.3,81,0.0,0.0,0.0,0.18,92,438.45,3.87,8.0,3
2025-02-25 15:00:00+00:00,4.5,87,0.0,0.0,0.0,0.18,97,696.17,4.51,9.0,3
2025-02-25 16:00:00+00:00,3.5,96,0.0,0.0,0.0,0.17,100,831.69,4.05,9.0,3
2025-02-25 17:00:00+00:00,3.0,98,0.0,0.0,0.0,0.17,100,0.0,4.39,8.7,3
2025-02-25 18:00:00+00:00,2.5,98,0.5,0.5,0.0,0.17,100,0.0,4.3,8.8,53
2025-02-25 19:00:00+00:00,2.4,98,0.2,0.2,0.0,0.17,100,0.0,3.77,8.4,51
2025-02-25 20:00:00+00:00,2.4,99,0.0,0.0,0.0,0.17,100,0.0,3.67,7.3,3
2025-02-25 21:00:00+00:00,2.2,99,0.0,0.0,0.0,0.17,98,0.0,3.62,7.1,3
2025-02-25 22:00:00+00:00,1.8,100,0.0,0.0,0.0,0.17,100,0.0,3.38,6.9,3
2025-02-25 23:00:00+00:00,1.3,100,0.0,0.0,0.0,0.16,100,0.0,3.04,6.4,3
2025-02-26 00:00:00+00:00,0.9,100,0.0,0.0,0.0,0.16,100,0.0,2.58,5.6,3
2025-02-26 01:00:00+00:00,1.4,100,0.0,0.0,0.0,0.16,100,0.0,2.83,5.5,3
2025-02-26 02:00:00+00:00,0.9,100,0.0,0.0,0.0,0.16,100,0.0,2.57,5.4,3
2025-02-26 03:00:00+00:00,0.3,100,0.0,0.0,0.0,0.16,100,0.0,2.35,5.2,3
2025-02-26 04:00:00+00:00,-0.1,100,0.0,0.0,0.0,0.16,100,0.0,2.16,4.9,3
2025-02-26 05:00:00+00:00,-0.4,100,0.0,0.0,0.0,0.16,100,0.0,1.66,4.3,3
2025-02-26 06:00:00+00:00,-0.3,100,0.0,0.0,0.0,0.16,100,0.0,1.72,3.6,3
2025-02-26 07:00:00+00:00,-0.4,100,0.0,0.0,0.0,0.16,100,0.0,2.06,4.3,3
2025-02-26 08:00:00+00:00,-0.3,99,0.0,0.0,0.0,0.16,100,0.0,1.96,5.3,3
2025-02-26 09:00:00+00:00,-0.4,99,0.0,0.0,0.0,0.16,100,0.0,1.22,4.8,3
2025-02-26 10:00:00+00:00,0.4,97,0.0,0.0,0.0,0.16,100,2190.51,1.91,4.9,3
2025-02-26 11:00:00+00:00,0.9,97,0.0,0.0,0.0,0.16,100,0.0,1.74,5.0,3
2025-02-26 12:00:00+00:00,1.9,95,0.0,0.0,0.0,0.16,100,0.0,1.51,4.6,3
2025-02-26 13:00:00+00:00,3.5,89,0.0,0.0,0.0,0.15,100,341.65,2.12,5.2,3
2025-02-26 14:00:00+00:00,4.7,80,0.0,0.0,0.0,0.15,100,793.7,2.52,5.4,3
2025-02-26 15:00:00+00:00,4.9,79,0.0,0.0,0.0,0.15,100,0.0,2.69,5.4,3
2025-02-26 16:00:00+00:00,4.2,86,0.0,0.0,0.0,0.15,99,207.41,4.0,7.7,3
2025-02-26 17:00:00+00:00,3.0,95,0.0,0.0,0.0,0.15,100,0.0,4.26,8.4,3
2025-02-26 18:00:00+00:00,2.7,98,0.0,0.0,0.0,0.15,100,0.0,3.63,8.4,3
2025-02-26 19:00:00+00:00,2.5,98,0.0,0.0,0.0,0.15,100,0.0,3.05,7.0,3
2025-02-26 20:00:00+00:00,2.5,99,0.0,0.0,0.0,0.15,100,0.0,3.03,6.0,3
2025-02-26 21:00:00+00:00,2.4,99,0.0,0.0,0.0,0.14,100,0.0,2.9,5.8,3
2025-02-26 22:00:00+00:00,2.4,99,0.0,0.0,0.0,0.14,100,0.0,2.8,5.5,3
2025-02-26 23:00:00+00:00,2.2,99,0.0,0.0,0.0,0.14,100,0.0,2.9,5.5,3
2025-02-27 00:00:00+00:00,2.0,99,0.0,0.0,0.0,0.14,100,0.0,2.9,5.7,3
2025-02-27 01:00:00+00:00,2.2,100,0.0,0.0,0.0,0.14,100,0.0,2.39,4.9,3
2025-02-27 02:00:00+00:00,2.1,99,0.0,0.0,0.0,0.14,100,0.0,2.61,4.7,3
2025-02-27 03:00:00+00:00,1.8,99,0.0,0.0,0.0,0.14,100,0.0,3.02,5.6,3
2025-02-27 04:00:00+00:00,1.6,99,0.0,0.0,0.0,0.14,100,0.0,2.74,5.7,3
2025-02-27 05:00:00+00:00,1.3,99,0.0,0.0,0.0,0.14,100,0.0,2.57,5.1,3
2025-02-27 06:00:00+00:00,1.0,100,0.0,0.0,0.0,0.14,100,0.0,2.42,4.7,3
2025-02-27 07:00:00+00:00,0.8,100,0.0,0.0,0.0,0.14,100,0.0,2.27,4.5,3
2025-02-27 08:00:00+00:00,0.8,95,0.0,0.0,0.0,0.14,100,0.0,1.77,4.5,3
2025-02-27 09:00:00+00:00,1.1,93,0.0,0.0,0.0,0.14,100,0.0,1.44,3.9,3
2025-02-27 10:00:00+00:00,1.1,92,0.0,0.0,0.0,0.14,100,0.0,0.96,3.8,3
2025-02-27 11:00:00+00:00,1.1,92,0.0,0.0,0.0,0.14,100,0.0,1.07,3.4,3
2025-02-27 12:00:00+00:00,1.5,88,0.0,0.0,0.0,0.13,100,0.0,0.9,3.8,3
2025-02-27 13:00:00+00:00,1.8,88,0.0,0.0,0.0,0.13,100,0.0,1.06,4.4,3
2025-02-27 14:00:00+00:00,2.2,84,0.0,0.0,0.0,0.13,88,3600.0,0.74,3.6,3
2025-02-27 15:00:00+00:00,2.3,82,0.0,0.0,0.0,0.13,2,3600.0,0.7,3.0,0
2025-02-27 16:00:00+00:00,1.4,86,0.0,0.0,0.0,0.13,1,3600.0,0.3,2.3,0
2025-02-27 17:00:00+00:00,-0.4,87,0.0,0.0,0.0,0.13,0,941.89,0.72,1.3,0
2025-02-27 18:00:00+00:00,-1.0,90,0.0,0.0,0.0,0.13,0,0.0,0.75,1.5,0
2025-02-27 19:00:00+00:00,-1.9,93,0.0,0.0,0.0,0.13,5,0.0,1.3,2.0,0
2025-02-27 20:00:00+00:00,-2.0,94,0.0,0.0,0.0,0.13,100,0.0,1.3,2.5,3
2025-02-27 21:00:00+00:00,-1.8,97,0.0,0.0,0.0,0.13,100,0.0,1.05,2.3,3
2025-02-27 22:00:00+00:00,-1.1,98,0.0,0.0,0.0,0.13,100,0.0,1.15,2.5,3
2025-02-27 23:00:00+00:00,-1.6,98,0.0,0.0,0.0,0.13,100,0.0,1.22,3.1,3
2025-02-28 00:00:00+00:00,-2.0,97,0.0,0.0,0.0,0.13,100,0.0,0.99,3.0,3
2025-02-28 01:00:00+00:00,-1.9,96,0.0,0.0,0.0,0.13,100,0.0,1.1,3.0,3
2025-02-28 02:00:00+00:00,-2.2,91,0.0,0.0,0.0,0.13,100,0.0,1.04,3.0,3
2025-02-28 03:00:00+00:00,-2.3,92,0.0,0.0,0.0,0.13,100,0.0,0.78,3.2,3
2025-02-28 04:00:00+00:00,-2.6,92,0.0,0.0,0.0,0.13,100,0.0,0.55,3.1,3
2025-02-28 05:00:00+00:00,-2.8,94,0.0,0.0,0.0,0.13,100,0.0,0.57,2.8,3
2025-02-28 06:00:00+00:00,-2.9,94,0.0,0.0,0.0,0.13,100,0.0,0.05,2.7,3
2025-02-28 07:00:00+00:00,-2.9,94,0.0,0.0,0.0,0.13,100,0.0,0.16,2.3,3
2025-02-28 08:00:00+00:00,-2.9,96,0.0,0.0,0.0,0.13,100,475.21,0.67,3.3,3
2025-02-28 09:00:00+00:00,-2.6,96,0.0,0.0,0.0,0.13,100,1908.84,0.5,3.3,3
2025-02-28 10:00:00+00:00,-2.0,95,0.0,0.0,0.0,0.13,100,3562.18,0.73,3.4,3
2025-02-28 11:00:00+00:00,-1.0,90,0.0,0.0,0.0,0.13,100,3600.0,1.06,4.0,3
2025-02-28 12:00:00+00:00,0.2,85,0.0,0.0,0.0,0.13,36,3600.0,1.05,4.3,1
2025-02-28 13:00:00+00:00,0.5,84,0.0,0.0,0.0,0.13,44,3600.0,0.87,4.3,1
2025-02-28 14:00:00+00:00,1.1,77,0.0,0.0,0.0,0.12,24,3600.0,0.78,3.8,1
2025-02-28 15:00:00+00:00,0.9,75,0.0,0.0,0.0,0.12,22,3600.0,0.59,3.3,1
2025-02-28 16:00:00+00:00,-0.5,83,0.0,0.0,0.0,0.12,34,3600.0,0.54,2.2,1
2025-02-28 17:00:00+00:00,-1.8,85,0.0,0.0,0.0,0.12,30,1338.82,0.7,1.4,1
2025-02-28 18:00:00+00:00,-2.3,88,0.0,0.0,0.0,0.12,23,0.0,0.96,1.6,1
2025-02-28 19:00:00+00:00,-2.8,92,0.0,0.0,0.0,0.12,43,0.0,1.35,2.6,1
2025-02-28 20:00:00+00:00,-2.8,95,0.0,0.0,0.0,0.12,100,0.0,1.19,2.6,3
2025-02-28 21:00:00+00:00,-2.7,97,0.0,0.0,0.0,0.12,100,0.0,0.97,2.5,3
2025-02-28 22:00:00+00:00,-3.2,97,0.0,0.0,0.0,0.12,100,0.0,0.86,2.2,3
2025-02-28 23:00:00+00:00,-3.8,97,0.0,0.0,0.0,0.12,100,0.0,0.78,2.0,3
2025-03-01 00:00:00+00:00,-3.7,97,0.0,0.0,0.0,0.12,100,0.0,0.87,2.1,3
2025-03-01 01:00:00+00:00,-2.7,97,0.0,0.0,0.0,0.12,100,0.0,0.89,2.6,3
2025-03-01 02:00:00+00:00,-2.7,98,0.0,0.0,0.0,0.12,100,0.0,0.9,2.4,3
2025-03-01 03:00:00+00:00,-2.7,98,0.0,0.0,0.0,0.12,100,0.0,0.91,2.5,3
2025-03-01 04:00:00+00:00,-2.5,98,0.0,0.0,0.0,0.12,100,0.0,0.91,2.3,3
2025-03-01 05:00:00+00:00,-2.5,98,0.0,0.0,0.0,0.12,100,0.0,1.0,2.6,3
2025-03-01 06:00:00+00:00,-2.4,97,0.0,0.0,0.0,0.12,100,0.0,0.79,2.5,3
2025-03-01 07:00:00+00:00,-1.9,98,0.0,0.0,0.0,0.12,100,0.0,1.18,2.9,3
2025-03-01 08:00:00+00:00,-1.4,96,0.0,0.0,0.0,0.12,100,588.33,1.06,3.3,3
2025-03-01 09:00:00+00:00,-1.0,97,0.0,0.0,0.0,0.12,100,3600.0,1.06,3.5,3
2025-03-01 10:00:00+00:00,-0.2,94,0.0,0.0,0.0,0.12,100,3600.0,1.42,4.3,3
2025-03-01 11:00:00+00:00,0.6,91,0.0,0.0,0.0,0.12,100,3600.0,1.68,5.0,3
2025-03-01 12:00:00+00:00,1.0,88,0.0,0.0,0.0,0.12,100,3600.0,1.03,5.0,3
2025-03-01 13:00:00+00:00,1.5,83,0.0,0.0,0.0,0.12,100,2924.22,1.76,6.0,3
2025-03-01 14:00:00+00:00,1.7,80,0.0,0.0,0.0,0.12,100,0.0,2.01,4.8,3
2025-03-01 15:00:00+00:00,1.8,77,0.0,0.0,0.0,0.12,100,1961.58,2.31,4.9,3
2025-03-01 16:00:00+00:00,1.1,82,0.0,0.0,0.0,0.12,100,0.0,2.15,4.4,3
2025-03-01 17:00:00+00:00,0.7,84,0.0,0.0,0.0,0.12,100,0.0,1.57,4.1,3
2025-03-01 18:00:00+00:00,-0.5,86,0.0,0.0,0.0,0.12,0,0.0,1.27,2.9,0
2025-03-01 19:00:00+00:00,-1.0,85,0.0,0.0,0.0,0.12,1,0.0,0.78,2.4,0
2025-03-01 20:00:00+00:00,-1.3,86,0.0,0.0,0.0,0.12,84,0.0,0.86,1.9,3
2025-03-01 21:00:00+00:00,-1.7,88,0.0,0.0,0.0,0.12,97,0.0,0.81,1.9,3
2025-03-01 22:00:00+00:00,-2.0,89,0.0,0.0,0.0,0.12,100,0.0,1.08,2.3,3
2025-03-01 23:00:00+00:00,-2.1,91,0.0,0.0,0.0,0.12,100,0.0,1.13,2.5,3
2025-03-02 00:00:00+00:00,-2.2,92,0.0,0.0,0.0,0.12,100,0.0,1.45,2.9,3
2025-03-02 01:00:00+00:00,0.1,85,0.0,0.0,0.0,0.12,92,0.0,2.73,5.0,3
2025-03-02 02:00:00+00:00,1.7,74,0.0,0.0,0.0,0.12,100,0.0,3.76,6.9,3
2025-03-02 03:00:00+00:00,2.7,71,0.0,0.0,0.0,0.12,100,0.0,4.19,7.9,3
2025-03-02 04:00:00+00:00,3.3,72,0.0,0.0,0.0,0.12,100,0.0,4.33,8.2,3
2025-03-02 05:00:00+00:00,3.3,73,0.0,0.0,0.0,0.12,100,0.0,3.72,8.2,3
2025-03-02 06:00:00+00:00,3.6,72,0.0,0.0,0.0,0.12,100,0.0,4.23,8.1,3
2025-03-02 07:00:00+00:00,3.7,73,0.0,0.0,0.0,0.12,100,0.0,4.67,9.1,3
2025-03-02 08:00:00+00:00,4.5,71,0.0,0.0,0.0,0.12,100,2559.54,4.83,9.3,3
2025-03-02 09:00:00+00:00,5.8,67,0.0,0.0,0.0,0.12,99,3600.0,5.14,10.3,3
2025-03-02 10:00:00+00:00,7.2,62,0.0,0.0,0.0,0.12,98,3600.0,5.35,11.0,3
2025-03-02 11:00:00+00:00,8.4,58,0.0,0.0,0.0,0.11,73,3600.0,5.53,11.5,2
2025-03-02 12:00:00+00:00,9.4,55,0.0,0.0,0.0,0.11,100,3600.0,5.61,11.6,3
2025-03-02 13:00:00+00:00,9.4,55,0.0,0.0,0.0,0.11,100,3600.0,5.52,12.0,3
2025-03-02 14:00:00+00:00,9.2,54,0.0,0.0,0.0,0.1,100,3600.0,5.8,11.5,3
2025-03-02 15:00:00+00:00,7.9,57,0.0,0.0,0.0,0.1,100,0.0,4.97,11.7,3
2025-03-02 16:00:00+00:00,6.9,61,0.0,0.0,0.0,0.1,100,0.0,4.38,9.7,3
2025-03-02 17:00:00+00:00,6.0,64,0.0,0.0,0.0,0.1,100,0.0,3.72,8.3,3
2025-03-02 18:00:00+00:00,5.3,67,0.0,0.0,0.0,0.1,100,0.0,4.21,7.8,3
2025-03-02 19:00:00+00:00,4.8,69,0.0,0.0,0.0,0.1,100,0.0,4.76,9.1,3
2025-03-02 20:00:00+00:00,4.2,72,0.0,0.0,0.0,0.1,100,0.0,4.45,9.2,3
2025-03-02 21:00:00+00:00,3.8,74,0.0,0.0,0.0,0.1,100,0.0,3.83,8.6,3
2025-03-02 22:00:00+00:00,3.5,76,0.0,0.0,0.0,0.1,100,0.0,3.85,7.4,3
2025-03-02 23:00:00+00:00,3.2,77,0.0,0.0,0.0,0.1,100,0.0,3.87,7.4,3
2025-03-03 00:00:00+00:00,2.9,78,0.0,0.0,0.0,0.1,100,0.0,4.25,8.2,3
2025-03-03 01:00:00+00:00,2.8,77,0.0,0.0,0.0,0.1,100,0.0,3.24,6.1,3
2025-03-03 02:00:00+00:00,3.5,72,0.0,0.0,0.0,0.1,100,0.0,3.74,7.1,3
2025-03-03 03:00:00+00:00,3.4,72,0.0,0.0,0.0,0.1,100,0.0,3.73,7.2,3
2025-03-03 04:00:00+00:00,3.1,74,0.0,0.0,0.0,0.1,100,0.0,4.63,8.9,3
2025-03-03 05:00:00+00:00,3.3,72,0.0,0.0,0.0,0.1,100,0.0,4.76,9.2,3
2025-03-03 06:00:00+00:00,2.6,76,0.0,0.0,0.0,0.1,98,0.0,5.29,10.2,3
2025-03-03 07:00:00+00:00,2.6,76,0.0,0.0,0.0,0.1,89,564.0,4.87,10.2,3
2025-03-03 08:00:00+00:00,3.6,72,0.0,0.0,0.0,0.1,41,3600.0,4.19,9.4,1
2025-03-03 09:00:00+00:00,4.6,71,0.0,0.0,0.0,0.1,8,3600.0,3.17,8.2,0
2025-03-03 10:00:00+00:00,6.1,66,0.0,0.0,0.0,0.09,21,3600.0,3.03,6.8,1
2025-03-03 11:00:00+00:00,8.2,58,0.0,0.0,0.0,0.09,94,3600.0,3.1,6.9,3
2025-03-03 12:00:00+00:00,10.6,49,0.0,0.0,0.0,0.09,94,3600.0,3.91,8.3,3
2025-03-03 13:00:00+00:00,10.6,46,0.0,0.0,0.0,0.08,86,3600.0,5.9,11.8,3
2025-03-03 14:00:00+00:00,10.1,48,0.0,0.0,0.0,0.08,76,3600.0,4.95,12.1,2
2025-03-03 15:00:00+00:00,9.4,50,0.0,0.0,0.0,0.08,100,3600.0,4.29,10.1,3
2025-03-03 16:00:00+00:00,7.7,54,0.0,0.0,0.0,0.08,97,3600.0,3.78,8.7,3
2025-03-03 17:00:00+00:00,5.1,64,0.0,0.0,0.0,0.08,99,1563.71,3.16,7.5,3
2025-03-03 18:00:00+00:00,4.2,69,0.0,0.0,0.0,0.08,100,0.0,4.26,7.9,3
2025-03-03 19:00:00+00:00,3.7,73,0.0,0.0,0.0,0.08,100,0.0,4.51,8.4,3
2025-03-03 20:00:00+00:00,2.7,79,0.0,0.0,0.0,0.08,99,0.0,3.82,8.6,3
2025-03-03 21:00:00+00:00,2.0,83,0.0,0.0,0.0,0.08,100,0.0,3.54,7.2,3
2025-03-03 22:00:00+00:00,1.9,85,0.0,0.0,0.0,0.08,100,0.0,3.78,6.9,3
2025-03-03 23:00:00+00:00,1.8,86,0.0,0.0,0.0,0.08,100,0.0,3.65,6.9,3
2025-03-04 00:00:00+00:00,1.7,87,0.0,0.0,0.0,0.08,100,0.0,3.56,6.7,3
2025-03-04 01:00:00+00:00,3.5,76,0.0,0.0,0.0,0.08,100,0.0,4.83,9.3,3
2025-03-04 02:00:00+00:00,3.9,74,0.0,0.0,0.0,0.08,100,0.0,4.7,9.4,3
2025-03-04 03:00:00+00:00,3.4,78,0.0,0.0,0.0,0.08,100,0.0,4.54,9.1,3
2025-03-04 04:00:00+00:00,3.0,82,0.0,0.0,0.0,0.08,100,0.0,4.71,9.1,3
2025-03-04 05:00:00+00:00,2.8,84,0.0,0.0,0.0,0.08,100,0.0,4.54,9.3,3
2025-03-04 06:00:00+00:00,2.9,83,0.0,0.0,0.0,0.08,100,0.0,4.76,9.3,3
2025-03-04 07:00:00+00:00,3.1,82,0.0,0.0,0.0,0.08,100,0.0,4.73,9.3,3
2025-03-04 08:00:00+00:00,4.0,78,0.0,0.0,0.0,0.08,100,1634.52,4.87,9.4,3
2025-03-04 09:00:00+00:00,5.2,72,0.0,0.0,0.0,0.08,100,3600.0,4.7,10.1,3
2025-03-04 10:00:00+00:00,6.7,67,0.0,0.0,0.0,0.07,100,3600.0,4.79,9.8,3
2025-03-04 11:00:00+00:00,7.9,62,0.0,0.0,0.0,0.07,100,3600.0,5.37,10.9,3
2025-03-04 12:00:00+00:00,8.6,59,0.0,0.0,0.0,0.07,100,3600.0,5.88,12.0,3
2025-03-04 13:00:00+00:00,9.4,55,0.0,0.0,0.0,0.07,100,3600.0,5.5,11.6,3
2025-03-04 14:00:00+00:00,9.1,57,0.0,0.0,0.0,0.06,100,3556.54,5.64,11.3,3
2025-03-04 15:00:00+00:00,8.7,60,0.0,0.0,0.0,0.06,100,3600.0,6.45,12.6,3
2025-03-04 16:00:00+00:00,7.6,66,0.0,0.0,0.0,0.06,100,0.0,7.43,14.6,3
2025-03-04 17:00:00+00:00,7.2,71,0.0,0.0,0.0,0.06,100,0.0,8.25,16.4,3
2025-03-04 18:00:00+00:00,6.4,78,0.0,0.0,0.0,0.06,100,0.0,8.44,17.0,3
2025-03-04 19:00:00+00:00,6.2,83,0.0,0.0,0.0,0.06,100,0.0,8.43,17.1,3
2025-03-04 20:00:00+00:00,5.7,85,0.0,0.0,0.0,0.06,100,0.0,8.82,17.9,3
2025-03-04 21:00:00+00:00,5.2,87,0.1,0.1,0.0,0.05,100,0.0,8.03,17.9,51
2025-03-04 22:00:00+00:00,4.9,90,0.3,0.3,0.0,0.05,100,0.0,7.96,16.2,51
2025-03-04 23:00:00+00:00,4.7,92,0.1,0.1,0.0,0.05,100,0.0,7.83,15.8,51
2025-03-05 00:00:00+00:00,4.6,91,0.0,0.0,0.0,0.05,100,0.0,7.38,15.4,3
2025-03-05 01:00:00+00:00,5.3,88,0.0,0.0,0.0,0.05,100,0.0,7.17,14.3,3
2025-03-05 02:00:00+00:00,5.2,87,0.0,0.0,0.0,0.05,100,0.0,6.97,14.3,3
2025-03-05 03:00:00+00:00,5.0,87,0.0,0.0,0.0,0.05,100,0.0,6.77,13.9,3
2025-03-05 04:00:00+00:00,4.7,89,0.0,0.0,0.0,0.05,100,0.0,6.29,13.3,3
2025-03-05 05:00:00+00:00,4.7,89,0.0,0.0,0.0,0.05,100,0.0,6.06,12.4,3
2025-03-05 06:00:00+00:00,4.7,89,0.0,0.0,0.0,0.05,100,0.0,5.65,11.9,3
2025-03-05 07:00:00+00:00,5.0,87,0.0,0.0,0.0,0.05,100,0.0,5.19,11.1,3
2025-03-05 08:00:00+00:00,5.8,84,0.0,0.0,0.0,0.05,100,2051.07,5.31,10.4,3
2025-03-05 09:00:00+00:00,7.0,79,0.0,0.0,0.0,0.04,100,3600.0,4.53,10.5,3
2025-03-05 10:00:00+00:00,8.4,75,0.0,0.0,0.0,0.04,100,3600.0,4.74,9.7,3
2025-03-05 11:00:00+00:00,9.9,68,0.0,0.0,0.0,0.04,100,3600.0,4.85,10.2,3
2025-03-05 12:00:00+00:00,10.9,65,0.0,0.0,0.0,0.04,100,3600.0,5.85,11.8,3
2025-03-05 13:00:00+00:00,10.7,68,0.0,0.0,0.0,0.04,100,3600.0,6.39,13.3,3
2025-03-05 14:00:00+00:00,11.1,67,0.0,0.0,0.0,0.04,100,3600.0,6.53,13.2,3
2025-03-05 15:00:00+00:00,10.7,69,0.0,0.0,0.0,0.04,100,3600.0,6.84,14.0,3
2025-03-05 16:00:00+00:00,10.5,69,0.0,0.0,0.0,0.03,100,3600.0,5.75,13.7,3
2025-03-05 17:00:00+00:00,10.2,68,0.0,0.0,0.0,0.03,100,1397.28,6.09,12.0,3
2025-03-05 18:00:00+00:00,9.5,71,0.0,0.0,0.0,0.03,100,0.0,6.09,12.3,3
2025-03-05 19:00:00+00:00,9.3,71,0.0,0.0,0.0,0.03,100,0.0,6.61,13.1,3
2025-03-05 20:00:00+00:00,9.4,70,0.0,0.0,0.0,0.03,100,0.0,7.31,14.5,3
2025-03-05 21:00:00+00:00,9.0,75,0.0,0.0,0.0,0.03,100,0.0,6.96,14.5,3
2025-03-05 22:00:00+00:00,8.8,77,0.0,0.0,0.0,0.03,100,0.0,6.85,13.8,3
2025-03-05 23:00:00+00:00,8.7,78,0.0,0.0,0.0,0.03,99,0.0,7.08,14.2,3
2025-03-06 00:00:00+00:00,9.0,75,0.0,0.0,0.0,0.03,100,0.0,7.27,14.8,3
2025-03-06 01:00:00+00:00,9.0,77,0.0,0.0,0.0,0.03,100,0.0,7.01,14.5,3
2025-03-06 02:00:00+00:00,9.3,75,0.0,0.0,0.0,0.03,100,0.0,6.82,14.1,3
2025-03-06 03:00:00+00:00,9.4,72,0.0,0.0,0.0,0.02,100,0.0,6.49,13.8,3
2025-03-06 04:00:00+00:00,9.6,69,0.0,0.0,0.0,0.02,100,0.0,6.75,13.4,3
2025-03-06 05:00:00+00:00,9.0,71,0.0,0.0,0.0,0.02,100,0.0,6.58,13.6,3
2025-03-06 06:00:00+00:00,8.5,72,0.0,0.0,0.0,0.02,100,0.0,5.95,13.3,3
2025-03-06 07:00:00+00:00,8.7,70,0.0,0.0,0.0,0.02,99,0.0,5.7,12.0,3
2025-03-06 08:00:00+00:00,9.4,66,0.0,0.0,0.0,0.02,99,3600.0,5.39,11.4,3
2025-03-06 09:00:00+00:00,10.5,61,0.0,0.0,0.0,0.02,100,3600.0,5.69,11.4,3
2025-03-06 10:00:00+00:00,11.6,56,0.0,0.0,0.0,0.02,96,3600.0,5.45,11.7,3
2025-03-06 11:00:00+00:00,12.7,51,0.0,0.0,0.0,0.02,86,3600.0,5.52,11.4,3
2025-03-06 12:00:00+00:00,13.5,48,0.0,0.0,0.0,0.02,79,3600.0,5.93,12.1,2
2025-03-06 13:00:00+00:00,13.7,47,0.0,0.0,0.0,0.02,51,3600.0,5.41,11.9,2
2025-03-06 14:00:00+00:00,13.7,47,0.0,0.0,0.0,0.02,40,3600.0,4.78,11.1,1
2025-03-06 15:00:00+00:00,12.9,49,0.0,0.0,0.0,0.02,91,3600.0,4.1,9.7,3
2025-03-06 16:00:00+00:00,11.7,55,0.0,0.0,0.0,0.02,12,3503.71,3.72,8.0,0
2025-03-06 17:00:00+00:00,9.8,63,0.0,0.0,0.0,0.02,3,3035.41,3.36,7.3,0
2025-03-06 18:00:00+00:00,8.4,72,0.0,0.0,0.0,0.02,2,0.0,3.07,6.3,0
2025-03-06 19:00:00+00:00,7.4,82,0.0,0.0,0.0,0.02,1,0.0,2.95,5.8,0
2025-03-06 20:00:00+00:00,6.1,89,0.0,0.0,0.0,0.02,0,0.0,2.28,5.5,0
2025-03-06 21:00:00+00:00,4.8,94,0.0,0.0,0.0,0.02,0,0.0,1.8,4.3,0
2025-03-06 22:00:00+00:00,4.4,95,0.0,0.0,0.0,0.02,0,0.0,2.02,3.9,0
2025-03-06 23:00:00+00:00,2.9,97,0.0,0.0,0.0,0.02,2,0.0,1.65,3.9,0
2025-03-07 00:00:00+00:00,2.2,98,0.0,0.0,0.0,0.02,0,0.0,1.68,3.1,0
2025-03-07 01:00:00+00:00,4.2,96,0.0,0.0,0.0,0.02,2,0.0,2.25,4.4,0
2025-03-07 02:00:00+00:00,3.6,95,0.0,0.0,0.0,0.02,1,0.0,2.0,4.4,0
2025-03-07 03:00:00+00:00,3.0,95,0.0,0.0,0.0,0.02,5,0.0,1.86,4.0,0
2025-03-07 04:00:00+00:00,2.7,95,0.0,0.0,0.0,0.02,6,0.0,1.84,3.9,0
2025-03-07 05:00:00+00:00,2.3,95,0.0,0.0,0.0,0.02,6,0.0,1.82,3.8,0
2025-03-07 06:00:00+00:00,2.3,96,0.0,0.0,0.0,0.02,9,0.0,2.16,4.4,0
2025-03-07 07:00:00+00:00,2.8,96,0.0,0.0,0.0,0.02,16,3394.66,2.96,5.7,0
2025-03-07 08:00:00+00:00,4.1,92,0.0,0.0,0.0,0.02,12,3600.0,3.54,7.4,0
2025-03-07 09:00:00+00:00,5.6,85,0.0,0.0,0.0,0.01,14,3600.0,4.01,8.7,0
2025-03-07 10:00:00+00:00,7.1,78,0.0,0.0,0.0,0.01,80,3600.0,4.23,9.2,3
2025-03-07 11:00:00+00:00,8.4,71,0.0,0.0,0.0,0.01,69,3600.0,4.63,10.0,2
2025-03-07 12:00:00+00:00,9.0,69,0.0,0.0,0.0,0.01,39,3600.0,5.07,11.1,1
2025-03-07 13:00:00+00:00,8.0,75,0.0,0.0,0.0,0.01,99,3600.0,5.1,10.9,3
2025-03-07 14:00:00+00:00,8.0,75,0.0,0.0,0.0,0.01,99,3600.0,4.61,10.9,3
2025-03-07 15:00:00+00:00,7.6,78,0.0,0.0,0.0,0.01,100,833.41,4.49,9.5,3
2025-03-07 16:00:00+00:00,6.5,83,0.0,0.0,0.0,0.01,100,0.0,4.85,10.0,3
2025-03-07 17:00:00+00:00,5.8,89,0.1,0.1,0.0,0.01,100,0.0,4.25,9.7,51
2025-03-07 18:00:00+00:00,5.2,94,0.0,0.0,0.0,0.01,100,0.0,3.66,8.3,3
2025-03-07 19:00:00+00:00,4.8,95,0.0,0.0,0.0,0.01,71,0.0,3.06,7.1,2
2025-03-07 20:00:00+00:00,3.7,98,0.0,0.0,0.0,0.01,60,0.0,1.61,5.7,2
2025-03-07 21:00:00+00:00,2.5,100,0.0,0.0,0.0,0.01,88,0.0,1.24,3.0,3
2025-03-07 22:00:00+00:00,1.8,100,0.0,0.0,0.0,0.01,100,0.0,0.76,2.3,3
2025-03-07 23:00:00+00:00,1.2,100,0.0,0.0,0.0,0.01,100,0.0,0.51,1.7,3
2025-03-08 00:00:00+00:00,0.9,99,0.0,0.0,0.0,0.01,100,0.0,0.3,1.3,3
2025-03-08 01:00:00+00:00,1.4,99,0.0,0.0,0.0,0.01,100,0.0,0.15,1.2,3
2025-03-08 02:00:00+00:00,1.0,99,0.0,0.0,0.0,0.01,100,0.0,0.07,0.8,3
2025-03-08 03:00:00+00:00,0.3,100,0.0,0.0,0.0,0.01,100,0.0,0.18,0.9,3
2025-03-08 04:00:00+00:00,0.0,100,0.0,0.0,0.0,0.01,100,0.0,0.07,0.9,3
2025-03-08 05:00:00+00:00,-0.8,100,0.0,0.0,0.0,0.01,100,0.0,0.5,1.2,3
2025-03-08 06:00:00+00:00,-0.3,99,0.0,0.0,0.0,0.01,100,0.0,0.7,2.0,3
2025-03-08 07:00:00+00:00,0.2,99,0.0,0.0,0.0,0.01,100,0.0,0.51,1.9,3
2025-03-08 08:00:00+00:00,1.0,98,0.0,0.0,0.0,0.01,100,0.0,0.69,2.6,3
2025-03-08 09:00:00+00:00,1.9,95,0.0,0.0,0.0,0.01,100,3456.53,1.07,3.3,3
2025-03-08 10:00:00+00:00,2.5,93,0.0,0.0,0.0,0.01,100,3600.0,0.6,3.9,3
2025-03-08 11:00:00+00:00,4.2,83,0.0,0.0,0.0,0.01,97,3600.0,0.32,3.2,3
2025-03-08 12:00:00+00:00,6.2,71,0.0,0.0,0.0,0.01,96,3600.0,0.71,3.5,3
2025-03-08 13:00:00+00:00,3.6,84,0.0,0.0,0.0,0.01,100,0.0,0.99,2.5,3
2025-03-08 14:00:00+00:00,3.9,83,0.0,0.0,0.0,0.01,100,0.0,0.64,2.8,3
2025-03-08 15:00:00+00:00,4.0,83,0.0,0.0,0.0,0.01,100,0.0,0.52,2.2,3
2025-03-08 16:00:00+00:00,3.2,87,0.0,0.0,0.0,0.01,100,0.0,0.52,1.8,3
2025-03-08 17:00:00+00:00,2.5,91,0.0,0.0,0.0,0.01,99,0.0,0.11,1.1,3
2025-03-08 18:00:00+00:00,2.2,93,0.0,0.0,0.0,0.01,100,0.0,0.65,1.1,3
2025-03-08 19:00:00+00:00,2.3,95,0.0,0.0,0.0,0.01,100,0.0,0.6,1.2,3
2025-03-08 20:00:00+00:00,2.4,94,0.0,0.0,0.0,0.01,100,0.0,0.3,1.1,3
2025-03-08 21:00:00+00:00,2.4,94,0.0,0.0,0.0,0.01,100,0.0,0.27,0.9,3
2025-03-08 22:00:00+00:00,1.9,96,0.0,0.0,0.0,0.01,100,0.0,0.43,1.1,3
2025-03-08 23:00:00+00:00,1.1,99,0.0,0.0,0.0,0.01,100,0.0,0.83,1.8,3
2025-03-09 00:00:00+00:00,1.0,99,0.0,0.0,0.0,0.01,100,0.0,0.88,2.0,3
2025-03-09 01:00:00+00:00,2.4,98,0.0,0.0,0.0,0.01,100,0.0,0.94,2.1,3
2025-03-09 02:00:00+00:00,2.4,99,0.0,0.0,0.0,0.01,100,0.0,0.93,2.0,3
2025-03-09 03:00:00+00:00,2.0,100,0.0,0.0,0.0,0.01,100,0.0,1.0,2.2,3
2025-03-09 04:00:00+00:00,2.2,100,0.0,0.0,0.0,0.01,100,0.0,1.07,2.3,3
2025-03-09 05:00:00+00:00,2.0,100,0.0,0.0,0.0,0.01,100,0.0,1.18,2.5,3
2025-03-09 06:00:00+00:00,2.0,100,0.0,0.0,0.0,0.01,100,0.0,1.07,2.6,3
2025-03-09 07:00:00+00:00,2.3,100,0.0,0.0,0.0,0.01,100,0.0,2.1,3.8,3
2025-03-09 08:00:00+00:00,2.6,99,0.0,0.0,0.0,0.01,100,0.0,2.17,4.7,3
2025-03-09 09:00:00+00:00,2.9,98,0.0,0.0,0.0,0.01,100,0.0,2.3,5.4,3
2025-03-09 10:00:00+00:00,3.2,97,0.0,0.0,0.0,0.01,100,0.0,2.27,5.5,3
2025-03-09 11:00:00+00:00,4.0,94,0.0,0.0,0.0,0.01,100,62.69,2.45,6.2,3
2025-03-09 12:00:00+00:00,5.3,87,0.0,0.0,0.0,0.01,86,1721.66,2.19,6.1,3
2025-03-09 13:00:00+00:00,5.0,85,0.0,0.0,0.0,0.01,63,3600.0,1.63,5.3,2
2025-03-09 14:00:00+00:00,6.3,80,0.0,0.0,0.0,0.01,7,3600.0,1.32,4.8,0
2025-03-09 15:00:00+00:00,6.6,79,0.0,0.0,0.0,0.01,11,3600.0,1.72,4.2,0
2025-03-09 16:00:00+00:00,5.9,84,0.0,0.0,0.0,0.01,3,3600.0,1.53,4.2,0
2025-03-09 17:00:00+00:00,2.8,94,0.0,0.0,0.0,0.01,2,3479.8,1.56,3.0,0
2025-03-09 18:00:00+00:00,1.5,97,0.0,0.0,0.0,0.01,6,0.0,1.28,2.7,0
2025-03-09 19:00:00+00:00,0.8,99,0.0,0.0,0.0,0.01,27,0.0,1.14,2.3,1
2025-03-09 20:00:00+00:00,0.7,100,0.0,0.0,0.0,0.01,100,0.0,1.17,2.2,3
2025-03-09 21:00:00+00:00,0.8,100,0.0,0.0,0.0,0.01,100,0.0,0.92,2.3,3
2025-03-09 22:00:00+00:00,1.0,100,0.0,0.0,0.0,0.01,100,0.0,0.58,1.9,3
2025-03-09 23:00:00+00:00,0.8,100,0.0,0.0,0.0,0.01,100,0.0,0.57,1.6,3
2025-03-10 00:00:00+00:00,0.8,100,0.0,0.0,0.0,0.01,100,0.0,0.4,1.8,3
2025-03-10 01:00:00+00:00,0.4,99,0.0,0.0,0.0,0.01,100,0.0,0.96,2.2,3
2025-03-10 02:00:00+00:00,0.6,99,0.0,0.0,0.0,0.01,100,0.0,1.44,3.3,3
2025-03-10 03:00:00+00:00,0.6,98,0.0,0.0,0.0,0.01,100,0.0,1.84,3.7,3
2025-03-10 04:00:00+00:00,0.4,98,0.0,0.0,0.0,0.01,100,0.0,2.02,4.1,3
2025-03-10 05:00:00+00:00,0.4,99,0.0,0.0,0.0,0.01,100,0.0,2.07,4.2,3
2025-03-10 06:00:00+00:00,0.9,99,0.0,0.0,0.0,0.01,100,0.0,2.24,4.3,3
2025-03-10 07:00:00+00:00,1.5,98,0.4,0.4,0.0,0.01,100,0.0,1.91,4.6,51
2025-03-10 08:00:00+00:00,1.8,97,0.4,0.4,0.0,0.01,100,0.0,4.49,8.6,51
2025-03-10 09:00:00+00:00,2.8,93,0.1,0.1,0.0,0.01,100,0.0,4.77,10.0,51
2025-03-10 10:00:00+00:00,2.8,90,0.0,0.0,0.0,0.01,100,0.0,4.67,10.1,3
2025-03-10 11:00:00+00:00,3.1,85,0.0,0.0,0.0,0.01,100,0.0,4.96,10.3,3
2025-03-10 12:00:00+00:00,2.9,82,0.1,0.1,0.0,0.01,100,0.0,4.72,10.7,51
2025-03-10 13:00:00+00:00,2.8,81,0.1,0.1,0.0,0.01,100,0.0,4.43,10.5,51
2025-03-10 14:00:00+00:00,3.0,78,0.1,0.1,0.0,0.01,100,0.0,4.81,10.4,51
2025-03-10 15:00:00+00:00,2.8,76,0.0,0.0,0.0,0.01,100,0.0,4.99,11.1,3
2025-03-10 16:00:00+00:00,2.1,80,0.1,0.1,0.0,0.01,100,0.0,4.17,11.1,51
2025-03-10 17:00:00+00:00,1.9,80,0.1,0.1,0.0,0.01,100,0.0,4.3,8.9,51
2025-03-10 18:00:00+00:00,1.7,78,0.0,0.0,0.0,0.01,100,0.0,4.1,8.9,3
2025-03-10 19:00:00+00:00,1.3,80,0.1,0.0,0.07,0.01,100,0.0,4.19,8.6,71
2025-03-10 20:00:00+00:00,1.1,80,0.1,0.0,0.14,0.01,100,0.0,4.44,9.2,71
2025-03-10 21:00:00+00:00,0.9,80,0.2,0.0,0.14,0.01,100,0.0,4.16,9.2,71
2025-03-10 22:00:00+00:00,0.8,79,0.1,0.0,0.07,0.01,100,0.0,4.02,8.6,71
2025-03-10 23:00:00+00:00,0.5,79,0.0,0.0,0.0,0.01,100,0.0,3.97,8.4,3
2025-03-11 00:00:00+00:00,0.2,79,0.0,0.0,0.0,0.01,100,0.0,3.58,8.3,3
2025-03-11 01:00:00+00:00,0.4,82,0.0,0.0,0.0,0.01,100,0.0,3.42,7.1,3
2025-03-11 02:00:00+00:00,0.1,82,0.0,0.0,0.0,0.01,100,0.0,3.31,7.1,3
2025-03-11 03:00:00+00:00,-0.3,81,0.0,0.0,0.0,0.01,100,0.0,3.34,7.0,3
2025-03-11 04:00:00+00:00,-0.6,80,0.0,0.0,0.0,0.01,100,0.0,3.05,7.0,3
2025-03-11 05:00:00+00:00,-0.6,77,0.0,0.0,0.0,0.01,100,0.0,3.07,7.1,3
2025-03-11 06:00:00+00:00,-1.0,78,0.0,0.0,0.0,0.01,100,0.0,3.02,6.6,3
2025-03-11 07:00:00+00:00,-0.8,75,0.0,0.0,0.0,0.01,100,0.0,2.81,6.2,3
2025-03-11 08:00:00+00:00,-0.3,71,0.0,0.0,0.0,0.01,100,0.0,2.7,6.3,3
2025-03-11 09:00:00+00:00,0.6,65,0.0,0.0,0.0,0.01,100,0.0,2.33,6.2,3
2025-03-11 10:00:00+00:00,1.6,59,0.0,0.0,0.0,0.01,100,1648.8,1.99,5.7,3
2025-03-11 11:00:00+00:00,2.5,49,0.0,0.0,0.0,0.01,100,3600.0,2.1,5.7,3
2025-03-11 12:00:00+00:00,2.9,45,0.0,0.0,0.0,0.02,100,1356.89,1.75,5.4,3
2025-03-11 13:00:00+00:00,1.7,61,0.1,0.0,0.07,0.02,100,0.0,3.15,7.0,71
2025-03-11 14:00:00+00:00,1.9,62,0.1,0.0,0.07,0.02,100,0.0,3.21,7.1,71
2025-03-11 15:00:00+00:00,1.5,66,0.1,0.0,0.07,0.02,100,0.0,2.8,7.2,71
2025-03-11 16:00:00+00:00,0.9,74,0.1,0.0,0.07,0.02,100,0.0,2.26,6.0,71
2025-03-11 17:00:00+00:00,0.3,80,0.2,0.0,0.14,0.02,100,0.0,1.79,4.5,71
2025-03-11 18:00:00+00:00,0.0,84,0.2,0.0,0.14,0.02,100,0.0,2.05,4.1,71
2025-03-11 19:00:00+00:00,-0.3,85,0.3,0.0,0.21,0.02,100,0.0,2.48,5.2,73
2025-03-11 20:00:00+00:00,-0.4,85,0.3,0.0,0.21,0.03,100,0.0,2.71,5.6,73
2025-03-11 21:00:00+00:00,-0.6,87,0.3,0.0,0.21,0.03,100,0.0,2.84,6.0,73
2025-03-11 22:00:00+00:00,-0.8,88,0.2,0.0,0.14,0.03,100,0.0,3.01,6.3,71
2025-03-11 23:00:00+00:00,-0.9,88,0.1,0.0,0.07,0.03,100,0.0,3.19,6.6,71
2025-03-12 00:00:00+00:00,-1.1,88,0.1,0.0,0.07,0.03,100,0.0,3.38,7.1,71
2025-03-12 01:00:00+00:00,-1.3,89,0.2,0.0,0.14,0.04,100,0.0,3.91,8.1,71
2025-03-12 02:00:00+00:00,-1.5,88,0.1,0.0,0.07,0.04,100,0.0,3.86,8.2,71
2025-03-12 03:00:00+00:00,-1.5,87,0.1,0.0,0.07,0.04,100,0.0,3.85,8.1,71
2025-03-12 04:00:00+00:00,-1.8,88,0.1,0.0,0.07,0.04,100,0.0,3.65,8.1,71
2025-03-12 05:00:00+00:00,-1.9,87,0.1,0.0,0.07,0.04,100,0.0,3.52,7.7,71
2025-03-12 06:00:00+00:00,-2.1,86,0.1,0.0,0.07,0.04,100,0.0,3.45,7.4,71
2025-03-12 07:00:00+00:00,-2.3,85,0.0,0.0,0.0,0.04,100,0.0,3.41,7.4,3
2025-03-12 08:00:00+00:00,-2.0,80,0.0,0.0,0.0,0.04,100,2086.35,3.4,7.5,3
2025-03-12 09:00:00+00:00,-1.5,76,0.0,0.0,0.0,0.04,100,2347.89,3.72,8.2,3
2025-03-12 10:00:00+00:00,-1.2,74,0.0,0.0,0.0,0.04,100,512.92,3.92,8.6,3
2025-03-12 11:00:00+00:00,-0.9,72,0.0,0.0,0.0,0.04,99,0.0,3.97,8.7,3
2025-03-12 12:00:00+00:00,-0.4,69,0.0,0.0,0.0,0.04,97,320.36,3.89,8.9,3
2025-03-12 13:00:00+00:00,-0.2,66,0.0,0.0,0.0,0.04,100,0.0,3.05,7.6,3
2025-03-12 14:00:00+00:00,-0.2,66,0.0,0.0,0.0,0.04,100,0.0,2.94,7.0,3
2025-03-12 15:00:00+00:00,-0.4,67,0.0,0.0,0.0,0.04,100,0.0,2.98,6.9,3
2025-03-12 16:00:00+00:00,-0.6,71,0.0,0.0,0.0,0.04,100,0.0,2.53,6.7,3
2025-03-12 17:00:00+00:00,-1.0,77,0.0,0.0,0.0,0.04,100,0.0,2.31,5.7,3
2025-03-12 18:00:00+00:00,-1.5,81,0.0,0.0,0.0,0.04,100,0.0,2.32,5.1,3
2025-03-12 19:00:00+00:00,-1.9,83,0.0,0.0,0.0,0.04,99,0.0,2.06,4.9,3
2025-03-12 20:00:00+00:00,-2.5,85,0.0,0.0,0.0,0.04,85,0.0,1.88,4.4,3
2025-03-12 21:00:00+00:00,-3.3,86,0.0,0.0,0.0,0.04,36,0.0,1.91,4.2,1
2025-03-12 22:00:00+00:00,-3.5,85,0.0,0.0,0.0,0.04,22,0.0,2.14,4.6,1
2025-03-12 23:00:00+00:00,-3.7,85,0.0,0.0,0.0,0.04,9,0.0,2.26,4.8,0
2025-03-13 00:00:00+00:00,-4.2,84,0.0,0.0,0.0,0.04,15,0.0,2.47,5.1,0
2025-03-13 01:00:00+00:00,-3.0,79,0.0,0.0,0.0,0.04,67,0.0,3.05,6.5,2
2025-03-13 02:00:00+00:00,-2.9,71,0.0,0.0,0.0,0.04,60,0.0,3.51,7.8,2
2025-03-13 03:00:00+00:00,-3.1,69,0.0,0.0,0.0,0.04,13,0.0,3.22,7.4,0
2025-03-13 04:00:00+00:00,-4.1,80,0.0,0.0,0.0,0.04,1,0.0,2.55,7.0,0
2025-03-13 05:00:00+00:00,-4.8,86,0.0,0.0,0.0,0.04,0,0.0,2.33,5.2,0
2025-03-13 06:00:00+00:00,-5.4,89,0.0,0.0,0.0,0.04,0,0.0,2.33,4.6,0
2025-03-13 07:00:00+00:00,-4.7,83,0.0,0.0,0.0,0.04,0,3600.0,2.37,4.9,0
2025-03-13 08:00:00+00:00,-2.9,65,0.0,0.0,0.0,0.04,0,3600.0,1.8,4.9,0
2025-03-13 09:00:00+00:00,-1.3,53,0.0,0.0,0.0,0.04,0,3600.0,1.95,5.6,0
2025-03-13 10:00:00+00:00,-0.2,47,0.0,0.0,0.0,0.04,0,3600.0,1.66,5.6,0
2025-03-13 11:00:00+00:00,0.7,41,0.0,0.0,0.0,0.04,0,3600.0,1.14,5.3,0
2025-03-13 12:00:00+00:00,1.3,38,0.0,0.0,0.0,0.04,0,3600.0,0.97,4.6,0
2025-03-13 13:00:00+00:00,2.1,40,0.0,0.0,0.0,0.04,2,3600.0,2.66,6.9,0
2025-03-13 14:00:00+00:00,2.4,39,0.0,0.0,0.0,0.04,5,3600.0,2.36,6.8,0
2025-03-13 15:00:00+00:00,2.3,39,0.0,0.0,0.0,0.04,6,3600.0,2.02,6.0,0
2025-03-13 16:00:00+00:00,1.2,52,0.0,0.0,0.0,0.04,8,3600.0,0.89,4.8,0
2025-03-13 17:00:00+00:00,-1.1,61,0.0,0.0,0.0,0.04,0,3600.0,0.38,1.9,0
2025-03-13 18:00:00+00:00,-2.5,74,0.0,0.0,0.0,0.04,0,0.0,0.54,1.6,0
2025-03-13 19:00:00+00:00,-3.3,80,0.0,0.0,0.0,0.04,0,0.0,0.81,2.0,0
2025-03-13 20:00:00+00:00,-3.8,87,0.0,0.0,0.0,0.04,0,0.0,0.56,2.0,0
2025-03-13 21:00:00+00:00,-4.4,97,0.0,0.0,0.0,0.04,0,0.0,0.2,1.6,0
2025-03-13 22:00:00+00:00,-4.7,100,0.0,0.0,0.0,0.04,98,0.0,0.21,1.0,3
2025-03-13 23:00:00+00:00,-4.7,100,0.0,0.0,0.0,0.04,99,0.0,0.18,0.9,3
2025-03-14 00:00:00+00:00,-5.0,100,0.0,0.0,0.0,0.04,99,0.0,0.2,0.8,3
2025-03-14 01:00:00+00:00,-5.8,96,0.0,0.0,0.0,0.04,82,0.0,0.21,1.2,3
2025-03-14 02:00:00+00:00,-5.8,97,0.0,0.0,0.0,0.04,100,0.0,0.14,1.0,3
2025-03-14 03:00:00+00:00,-6.0,98,0.0,0.0,0.0,0.04,100,0.0,0.57,1.6,3
2025-03-14 04:00:00+00:00,-6.1,97,0.0,0.0,0.0,0.04,100,0.0,0.5,1.7,3
2025-03-14 05:00:00+00:00,-6.8,98,0.0,0.0,0.0,0.04,97,0.0,0.45,1.6,3
2025-03-14 06:00:00+00:00,-7.4,97,0.0,0.0,0.0,0.04,97,0.0,0.43,1.4,3
2025-03-14 07:00:00+00:00,-6.3,98,0.0,0.0,0.0,0.04,98,3600.0,0.43,2.1,3
2025-03-14 08:00:00+00:00,-4.4,86,0.0,0.0,0.0,0.04,10,3600.0,0.27,2.5,0
2025-03-14 09:00:00+00:00,-2.0,68,0.0,0.0,0.0,0.04,7,3600.0,0.92,3.9,0
2025-03-14 10:00:00+00:00,0.5,51,0.0,0.0,0.0,0.04,1,3600.0,1.17,4.6,0
2025-03-14 11:00:00+00:00,2.4,42,0.0,0.0,0.0,0.04,0,3600.0,1.17,4.6,0
2025-03-14 12:00:00+00:00,3.6,38,0.0,0.0,0.0,0.04,3,3600.0,1.36,4.8,0
2025-03-14 13:00:00+00:00,4.2,41,0.0,0.0,0.0,0.04,10,3600.0,2.07,5.7,0
2025-03-14 14:00:00+00:00,3.9,44,0.0,0.0,0.0,0.04,16,3600.0,2.85,6.8,0
2025-03-14 15:00:00+00:00,3.5,45,0.0,0.0,0.0,0.04,45,3600.0,2.69,6.8,1
2025-03-14 16:00:00+00:00,2.5,52,0.0,0.0,0.0,0.04,39,3600.0,1.9,5.9,1
2025-03-14 17:00:00+00:00,-0.2,67,0.0,0.0,0.0,0.04,45,3600.0,1.57,3.5,1
2025-03-14 18:00:00+00:00,-0.9,72,0.0,0.0,0.0,0.04,21,0.0,1.7,3.1,1
2025-03-14 19:00:00+00:00,-0.2,70,0.0,0.0,0.0,0.04,4,0.0,2.15,4.3,0
2025-03-14 20:00:00+00:00,-1.2,73,0.0,0.0,0.0,0.04,8,0.0,1.75,4.4,0
2025-03-14 21:00:00+00:00,-1.2,71,0.0,0.0,0.0,0.04,4,0.0,1.66,3.6,0
2025-03-14 22:00:00+00:00,-1.6,70,0.0,0.0,0.0,0.04,38,0.0,1.55,3.5,1
2025-03-14 23:00:00+00:00,-2.4,73,0.0,0.0,0.0,0.04,0,0.0,1.17,3.3,0
2025-03-15 00:00:00+00:00,-2.9,79,0.0,0.0,0.0,0.04,0,0.0,0.9,2.6,0
2025-03-15 01:00:00+00:00,-3.1,80,0.0,0.0,0.0,0.04,30,0.0,0.96,2.2,1
2025-03-15 02:00:00+00:00,-3.3,83,0.0,0.0,0.0,0.04,21,0.0,1.1,2.5,1
2025-03-15 03:00:00+00:00,-3.5,85,0.0,0.0,0.0,0.04,20,0.0,1.15,2.6,1
2025-03-15 04:00:00+00:00,-3.7,86,0.0,0.0,0.0,0.04,5,0.0,1.05,2.6,0
2025-03-15 05:00:00+00:00,-3.9,87,0.0,0.0,0.0,0.04,58,0.0,1.0,2.5,2
2025-03-15 06:00:00+00:00,-3.9,89,0.0,0.0,0.0,0.04,84,0.0,0.83,2.4,3
2025-03-15 07:00:00+00:00,-2.7,86,0.0,0.0,0.0,0.04,88,3600.0,0.9,2.8,3
2025-03-15 08:00:00+00:00,-1.4,74,0.0,0.0,0.0,0.04,94,3600.0,0.63,3.0,3
2025-03-15 09:00:00+00:00,0.8,59,0.0,0.0,0.0,0.03,83,3600.0,1.29,4.3,3
2025-03-15 10:00:00+00:00,2.8,47,0.0,0.0,0.0,0.03,59,3600.0,1.88,5.4,2
2025-03-15 11:00:00+00:00,4.4,43,0.0,0.0,0.0,0.03,80,3600.0,2.28,6.1,3
2025-03-15 12:00:00+00:00,5.5,41,0.0,0.0,0.0,0.03,84,3600.0,2.74,6.8,3
2025-03-15 13:00:00+00:00,6.5,42,0.0,0.0,0.0,0.03,100,3600.0,3.96,8.9,3
2025-03-15 14:00:00+00:00,6.7,42,0.0,0.0,0.0,0.03,100,3600.0,4.19,9.0,3
2025-03-15 15:00:00+00:00,6.7,46,0.0,0.0,0.0,0.03,98,3600.0,4.03,9.0,3
2025-03-15 16:00:00+00:00,5.8,50,0.0,0.0,0.0,0.03,88,3600.0,4.25,8.1,3
2025-03-15 17:00:00+00:00,4.4,56,0.0,0.0,0.0,0.03,76,3600.0,4.48,8.5,2
2025-03-15 18:00:00+00:00,3.3,63,0.0,0.0,0.0,0.03,84,0.0,4.1,8.5,3
2025-03-15 19:00:00+00:00,2.7,67,0.0,0.0,0.0,0.03,91,0.0,3.67,7.8,3
2025-03-15 20:00:00+00:00,2.1,72,0.0,0.0,0.0,0.03,98,0.0,2.93,7.0,3
2025-03-15 21:00:00+00:00,0.9,79,0.0,0.0,0.0,0.03,95,0.0,1.68,5.5,3
2025-03-15 22:00:00+00:00,0.4,81,0.0,0.0,0.0,0.03,85,0.0,1.56,3.2,3
2025-03-15 23:00:00+00:00,1.4,78,0.0,0.0,0.0,0.03,80,0.0,1.89,3.7,3
2025-03-16 00:00:00+00:00,1.5,76,0.0,0.0,0.0,0.03,49,0.0,1.81,3.8,1
2025-03-16 01:00:00+00:00,2.4,73,0.0,0.0,0.0,0.03,41,0.0,2.15,4.8,1
2025-03-16 02:00:00+00:00,2.0,75,0.0,0.0,0.0,0.03,59,0.0,2.2,4.3,2
2025-03-16 03:00:00+00:00,2.4,73,0.0,0.0,0.0,0.03,27,0.0,2.49,4.8,1
2025-03-16 04:00:00+00:00,2.4,72,0.0,0.0,0.0,0.03,43,0.0,2.36,4.9,1
2025-03-16 05:00:00+00:00,1.5,78,0.0,0.0,0.0,0.03,94,0.0,1.8,4.5,3
2025-03-16 06:00:00+00:00,1.6,85,0.3,0.3,0.0,0.03,100,0.0,3.78,7.6,51
2025-03-16 07:00:00+00:00,2.1,77,0.0,0.0,0.0,0.03,96,0.0,4.25,8.2,3
2025-03-16 08:00:00+00:00,2.2,66,0.0,0.0,0.0,0.03,97,3439.58,4.88,10.0,3
2025-03-16 09:00:00+00:00,3.0,60,0.0,0.0,0.0,0.03,29,3600.0,4.34,10.1,1
2025-03-16 10:00:00+00:00,4.2,44,0.0,0.0,0.0,0.03,32,3600.0,4.9,10.7,1
2025-03-16 11:00:00+00:00,4.8,32,0.0,0.0,0.0,0.03,2,3600.0,4.5,11.1,0
2025-03-16 12:00:00+00:00,5.2,26,0.0,0.0,0.0,0.03,3,3600.0,4.96,11.0,0
2025-03-16 13:00:00+00:00,5.1,24,0.0,0.0,0.0,0.03,41,3600.0,5.2,11.8,1
2025-03-16 14:00:00+00:00,4.9,28,0.0,0.0,0.0,0.03,10,3600.0,6.1,13.3,0
2025-03-16 15:00:00+00:00,4.5,29,0.0,0.0,0.0,0.03,10,3600.0,5.35,13.3,0
2025-03-16 16:00:00+00:00,3.9,35,0.0,0.0,0.0,0.03,8,3600.0,3.96,10.7,0
2025-03-16 17:00:00+00:00,2.1,45,0.0,0.0,0.0,0.03,5,3600.0,3.16,8.0,0
2025-03-16 18:00:00+00:00,0.1,58,0.0,0.0,0.0,0.03,0,0.0,2.36,6.5,0
2025-03-16 19:00:00+00:00,-0.8,64,0.0,0.0,0.0,0.03,0,0.0,2.12,4.9,0
2025-03-16 20:00:00+00:00,-0.8,62,0.0,0.0,0.0,0.03,0,0.0,2.53,5.2,0
2025-03-16 21:00:00+00:00,-0.9,62,0.0,0.0,0.0,0.03,6,0.0,2.31,5.3,0
2025-03-16 22:00:00+00:00,-1.5,64,0.0,0.0,0.0,0.03,16,0.0,1.81,4.8,0
2025-03-16 23:00:00+00:00,-2.3,67,0.0,0.0,0.0,0.03,5,0.0,0.9,3.9,0
2025-03-17 00:00:00+00:00,-2.0,66,0.0,0.0,0.0,0.03,18,0.0,0.21,2.2,0
2025-03-17 01:00:00+00:00,-2.2,71,0.0,0.0,0.0,0.03,27,0.0,0.07,1.2,1
2025-03-17 02:00:00+00:00,-2.5,75,0.0,0.0,0.0,0.03,47,0.0,0.28,1.1,1
2025-03-17 03:00:00+00:00,-2.9,79,0.0,0.0,0.0,0.03,50,0.0,0.25,1.1,2
2025-03-17 04:00:00+00:00,-3.5,84,0.0,0.0,0.0,0.03,98,0.0,0.74,1.7,3
2025-03-17 05:00:00+00:00,-3.4,83,0.0,0.0,0.0,0.03,73,0.0,0.74,2.0,2
2025-03-17 06:00:00+00:00,-3.0,81,0.0,0.0,0.0,0.03,56,0.0,0.25,1.9,2
2025-03-17 07:00:00+00:00,-1.5,69,0.0,0.0,0.0,0.03,81,3600.0,0.81,2.4,3
2025-03-17 08:00:00+00:00,0.0,57,0.0,0.0,0.0,0.03,82,3600.0,0.67,2.9,3
2025-03-17 09:00:00+00:00,1.2,47,0.0,0.0,0.0,0.03,94,3600.0,1.46,4.5,3
2025-03-17 10:00:00+00:00,2.4,39,0.0,0.0,0.0,0.03,95,3600.0,1.99,5.6,3
2025-03-17 11:00:00+00:00,3.6,33,0.0,0.0,0.0,0.03,100,3600.0,2.22,6.1,3
2025-03-17 12:00:00+00:00,4.5,31,0.0,0.0,0.0,0.03,98,3600.0,2.23,6.2,3
2025-03-17 13:00:00+00:00,5.4,33,0.0,0.0,0.0,0.02,100,3600.0,2.68,6.8,3
2025-03-17 14:00:00+00:00,6.4,33,0.0,0.0,0.0,0.02,98,3600.0,3.31,7.5,3
2025-03-17 15:00:00+00:00,6.4,35,0.0,0.0,0.0,0.02,99,3600.0,3.64,7.8,3
2025-03-17 16:00:00+00:00,5.6,42,0.0,0.0,0.0,0.02,99,3600.0,3.76,7.4,3
2025-03-17 17:00:00+00:00,4.3,50,0.0,0.0,0.0,0.02,100,3600.0,2.73,7.0,3
2025-03-17 18:00:00+00:00,3.5,57,0.0,0.0,0.0,0.02,100,0.0,2.69,5.0,3
2025-03-17 19:00:00+00:00,3.2,60,0.0,0.0,0.0,0.02,98,0.0,2.72,5.4,3
2025-03-17 20:00:00+00:00,1.9,66,0.0,0.0,0.0,0.02,98,0.0,2.12,5.0,3
2025-03-17 21:00:00+00:00,0.3,75,0.0,0.0,0.0,0.02,100,0.0,1.66,4.0,3
2025-03-17 22:00:00+00:00,-0.6,80,0.0,0.0,0.0,0.02,100,0.0,1.46,3.2,3
2025-03-17 23:00:00+00:00,-1.1,83,0.0,0.0,0.0,0.02,100,0.0,1.15,2.8,3
2025-03-18 00:00:00+00:00,-1.2,85,0.0,0.0,0.0,0.02,100,0.0,0.86,2.4,3
2025-03-18 01:00:00+00:00,-1.0,84,0.0,0.0,0.0,0.02,98,0.0,0.39,1.5,3
2025-03-18 02:00:00+00:00,-1.3,87,0.0,0.0,0.0,0.02,83,0.0,0.5,1.3,3
2025-03-18 03:00:00+00:00,-1.5,88,0.0,0.0,0.0,0.02,36,0.0,0.45,1.5,1
2025-03-18 04:00:00+00:00,-1.3,87,0.0,0.0,0.0,0.02,18,0.0,0.34,1.3,0
2025-03-18 05:00:00+00:00,-0.7,82,0.0,0.0,0.0,0.02,56,0.0,0.27,1.2,2
2025-03-18 06:00:00+00:00,-0.9,84,0.0,0.0,0.0,0.02,53,490.63,0.81,1.5,2
2025-03-18 07:00:00+00:00,0.5,82,0.0,0.0,0.0,0.02,23,3600.0,1.03,2.6,1
2025-03-18 08:00:00+00:00,2.8,69,0.0,0.0,0.0,0.02,17,3600.0,0.28,2.6,0
2025-03-18 09:00:00+00:00,5.2,58,0.0,0.0,0.0,0.02,30,3600.0,0.84,3.4,1
2025-03-18 10:00:00+00:00,7.0,51,0.0,0.0,0.0,0.02,96,3600.0,1.39,4.5,3
2025-03-18 11:00:00+00:00,8.3,47,0.0,0.0,0.0,0.02,78,3600.0,1.64,5.0,2
2025-03-18 12:00:00+00:00,9.5,44,0.0,0.0,0.0,0.02,49,3600.0,2.14,5.8,1
2025-03-18 13:00:00+00:00,10.7,39,0.0,0.0,0.0,0.02,53,3600.0,3.15,7.5,2
2025-03-18 14:00:00+00:00,11.4,37,0.0,0.0,0.0,0.02,37,3600.0,3.09,7.4,1
2025-03-18 15:00:00+00:00,11.3,38,0.0,0.0,0.0,0.02,54,3600.0,3.15,7.0,2
2025-03-18 16:00:00+00:00,10.2,42,0.0,0.0,0.0,0.02,9,3600.0,3.02,6.4,0
2025-03-18 17:00:00+00:00,7.7,50,0.0,0.0,0.0,0.02,6,3600.0,2.9,5.8,0
2025-03-18 18:00:00+00:00,6.0,55,0.0,0.0,0.0,0.02,1,0.0,3.25,6.0,0
2025-03-18 19:00:00+00:00,3.5,66,0.0,0.0,0.0,0.02,29,0.0,1.95,5.9,1
2025-03-18 20:00:00+00:00,1.9,72,0.0,0.0,0.0,0.02,38,0.0,1.8,3.8,1
2025-03-18 21:00:00+00:00,1.4,71,0.0,0.0,0.0,0.02,46,0.0,1.1,3.4,1
2025-03-18 22:00:00+00:00,1.3,70,0.0,0.0,0.0,0.02,71,0.0,0.86,2.4,2
2025-03-18 23:00:00+00:00,0.6,73,0.0,0.0,0.0,0.02,48,0.0,1.14,2.4,1
2025-03-19 00:00:00+00:00,-0.3,79,0.0,0.0,0.0,0.02,31,0.0,1.4,2.7,1
2025-03-19 01:00:00+00:00,0.0,74,0.0,0.0,0.0,0.02,84,0.0,0.7,1.7,3
2025-03-19 02:00:00+00:00,-1.0,81,0.0,0.0,0.0,0.02,83,0.0,0.9,2.0,3
2025-03-19 03:00:00+00:00,-1.4,85,0.0,0.0,0.0,0.02,91,0.0,0.86,2.0,3
2025-03-19 04:00:00+00:00,-1.4,86,0.0,0.0,0.0,0.02,93,0.0,0.55,1.9,3
2025-03-19 05:00:00+00:00,-1.2,84,0.0,0.0,0.0,0.02,95,0.0,0.43,1.6,3
2025-03-19 06:00:00+00:00,-0.4,82,0.0,0.0,0.0,0.02,91,398.47,0.25,1.3,3
2025-03-19 07:00:00+00:00,1.4,76,0.0,0.0,0.0,0.02,65,3600.0,0.83,1.9,2
2025-03-19 08:00:00+00:00,3.1,66,0.0,0.0,0.0,0.02,1,3600.0,1.1,3.4,0
2025-03-19 09:00:00+00:00,4.6,59,0.0,0.0,0.0,0.01,0,3600.0,1.17,4.1,0
2025-03-19 10:00:00+00:00,6.0,53,0.0,0.0,0.0,0.01,0,3600.0,1.41,4.6,0
2025-03-19 11:00:00+00:00,7.1,49,0.0,0.0,0.0,0.01,0,3600.0,1.5,4.8,0
2025-03-19 12:00:00+00:00,8.2,45,0.0,0.0,0.0,0.01,0,3600.0,1.36,4.9,0
2025-03-19 13:00:00+00:00,10.0,38,0.0,0.0,0.0,0.01,0,3600.0,1.63,5.1,0
2025-03-19 14:00:00+00:00,10.3,36,0.0,0.0,0.0,0.01,0,3600.0,1.67,4.9,0
2025-03-19 15:00:00+00:00,10.4,35,0.0,0.0,0.0,0.01,0,3600.0,2.17,4.9,0
2025-03-19 16:00:00+00:00,8.2,49,0.0,0.0,0.0,0.01,0,3600.0,3.9,7.3,0
2025-03-19 17:00:00+00:00,5.2,58,0.0,0.0,0.0,0.01,0,3600.0,2.79,7.6,0
2025-03-19 18:00:00+00:00,2.9,68,0.0,0.0,0.0,0.01,0,0.0,2.15,5.2,0
2025-03-19 19:00:00+00:00,1.3,76,0.0,0.0,0.0,0.01,0,0.0,1.81,4.1,0
2025-03-19 20:00:00+00:00,-0.1,81,0.0,0.0,0.0,0.01,21,0.0,1.63,3.5,1
2025-03-19 21:00:00+00:00,-0.7,85,0.0,0.0,0.0,0.01,69,0.0,1.43,3.1,2
2025-03-19 22:00:00+00:00,-1.0,88,0.0,0.0,0.0,0.01,100,0.0,1.23,2.7,3
2025-03-19 23:00:00+00:00,-1.3,92,0.0,0.0,0.0,0.01,99,0.0,1.1,2.4,3
2025-03-20 00:00:00+00:00,-1.4,95,0.0,0.0,0.0,0.01,99,0.0,0.65,2.1,3
2025-03-20 01:00:00+00:00,-2.0,96,0.0,0.0,0.0,0.01,100,0.0,1.19,2.3,3
2025-03-20 02:00:00+00:00,-2.0,97,0.0,0.0,0.0,0.01,100,0.0,0.59,2.3,3
2025-03-20 03:00:00+00:00,-1.8,97,0.0,0.0,0.0,0.01,100,0.0,0.45,1.5,3
2025-03-20 04:00:00+00:00,-1.8,98,0.0,0.0,0.0,0.01,100,0.0,0.91,2.0,3
2025-03-20 05:00:00+00:00,-1.5,99,0.0,0.0,0.0,0.01,100,0.0,0.85,2.1,3
2025-03-20 06:00:00+00:00,-0.9,99,0.0,0.0,0.0,0.01,100,0.0,0.6,2.1,3
2025-03-20 07:00:00+00:00,-0.6,96,0.0,0.0,0.0,0.01,100,1593.44,0.5,2.4,3
2025-03-20 08:00:00+00:00,0.2,91,0.0,0.0,0.0,0.01,97,3600.0,0.32,2.8,3
2025-03-20 09:00:00+00:00,2.1,74,0.0,0.0,0.0,0.01,25,3600.0,0.65,3.5,1
2025-03-20 10:00:00+00:00,4.2,55,0.0,0.0,0.0,0.01,1,3600.0,1.23,4.5,0
2025-03-20 11:00:00+00:00,6.1,47,0.0,0.0,0.0,0.01,1,3600.0,1.39,4.8,0
2025-03-20 12:00:00+00:00,7.9,43,0.0,0.0,0.0,0.01,1,3600.0,1.37,4.8,0
2025-03-20 13:00:00+00:00,8.9,40,0.0,0.0,0.0,0.01,5,3600.0,1.75,5.4,0
2025-03-20 14:00:00+00:00,9.9,37,0.0,0.0,0.0,0.01,3,3600.0,1.8,5.3,0
2025-03-20 15:00:00+00:00,10.1,34,0.0,0.0,0.0,0.01,1,3600.0,1.52,5.0,0
2025-03-20 16:00:00+00:00,9.1,40,0.0,0.0,0.0,0.01,2,3600.0,1.26,4.0,0
2025-03-20 17:00:00+00:00,6.2,51,0.0,0.0,0.0,0.01,6,3600.0,0.5,2.4,0
2025-03-20 18:00:00+00:00,3.2,60,0.0,0.0,0.0,0.01,1,160.53,1.06,1.6,0
2025-03-20 19:00:00+00:00,1.7,72,0.0,0.0,0.0,0.01,1,0.0,1.59,3.2,0
2025-03-20 20:00:00+00:00,0.3,78,0.0,0.0,0.0,0.01,1,0.0,1.1,3.0,0
2025-03-20 21:00:00+00:00,-0.6,83,0.0,0.0,0.0,0.01,0,0.0,1.05,2.4,0
2025-03-20 22:00:00+00:00,-1.3,87,0.0,0.0,0.0,0.01,0,0.0,1.06,2.2,0
2025-03-20 23:00:00+00:00,-1.4,89,0.0,0.0,0.0,0.01,0,0.0,1.39,2.8,0
2025-03-21 00:00:00+00:00,-0.8,87,0.0,0.0,0.0,0.01,0,0.0,1.77,3.6,0
2025-03-21 01:00:00+00:00,-1.7,86,0.0,0.0,0.0,0.01,0,0.0,1.41,3.1,0
2025-03-21 02:00:00+00:00,-2.0,87,0.0,0.0,0.0,0.01,0,0.0,1.24,2.9,0
2025-03-21 03:00:00+00:00,-2.0,87,0.0,0.0,0.0,0.01,0,0.0,1.38,2.8,0
2025-03-21 04:00:00+00:00,-1.9,87,0.0,0.0,0.0,0.01,0,0.0,1.46,3.0,0
2025-03-21 05:00:00+00:00,-2.4,88,0.0,0.0,0.0,0.01,0,0.0,1.28,3.0,0
2025-03-21 06:00:00+00:00,-1.6,89,0.0,0.0,0.0,0.01,0,1586.59,1.18,2.6,0
2025-03-21 07:00:00+00:00,0.5,78,0.0,0.0,0.0,0.01,2,3600.0,1.35,3.3,0
2025-03-21 08:00:00+00:00,2.9,65,0.0,0.0,0.0,0.01,0,3600.0,0.78,3.3,0
2025-03-21 09:00:00+00:00,5.1,54,0.0,0.0,0.0,0.01,0,3600.0,0.32,3.1,0
2025-03-21 10:00:00+00:00,6.4,51,0.0,0.0,0.0,0.01,2,3600.0,0.51,3.4,0
2025-03-21 11:00:00+00:00,7.5,49,0.0,0.0,0.0,0.01,0,3600.0,0.9,4.1,0
2025-03-21 12:00:00+00:00,8.2,49,0.0,0.0,0.0,0.01,0,3600.0,1.25,4.6,0
2025-03-21 13:00:00+00:00,9.1,46,0.0,0.0,0.0,0.01,0,3600.0,1.13,4.4,0
2025-03-21 14:00:00+00:00,9.3,47,0.0,0.0,0.0,0.01,1,3600.0,0.79,4.2,0
2025-03-21 15:00:00+00:00,9.3,47,0.0,0.0,0.0,0.01,0,3600.0,0.28,3.4,0
2025-03-21 16:00:00+00:00,8.4,64,0.0,0.0,0.0,0.01,0,3600.0,0.38,2.2,0
2025-03-21 17:00:00+00:00,5.1,64,0.0,0.0,0.0,0.01,0,3600.0,1.45,2.3,0
2025-03-21 18:00:00+00:00,4.0,65,0.0,0.0,0.0,0.01,0,87.48,2.37,4.4,0
2025-03-21 19:00:00+00:00,3.1,70,0.0,0.0,0.0,0.01,0,0.0,2.57,5.2,0
2025-03-21 20:00:00+00:00,1.3,79,0.0,0.0,0.0,0.01,0,0.0,1.83,4.9,0
2025-03-21 21:00:00+00:00,0.4,81,0.0,0.0,0.0,0.01,0,0.0,1.66,3.7,0
2025-03-21 22:00:00+00:00,0.2,80,0.0,0.0,0.0,0.01,0,0.0,1.46,3.4,0
2025-03-21 23:00:00+00:00,0.1,80,0.0,0.0,0.0,0.01,10,0.0,1.2,3.0,0
2025-03-22 00:00:00+00:00,-0.2,83,0.0,0.0,0.0,0.01,11,0.0,1.2,2.6,0
2025-03-22 01:00:00+00:00,-0.5,84,0.0,0.0,0.0,0.01,2,0.0,1.09,2.5,0
2025-03-22 02:00:00+00:00,-1.1,88,0.0,0.0,0.0,0.01,0,0.0,1.22,2.4,0
2025-03-22 03:00:00+00:00,-1.4,91,0.0,0.0,0.0,0.01,0,0.0,1.37,2.7,0
2025-03-22 04:00:00+00:00,-1.8,92,0.0,0.0,0.0,0.01,0,0.0,1.36,2.7,0
2025-03-22 05:00:00+00:00,-2.0,92,0.0,0.0,0.0,0.01,0,0.0,1.37,2.7,0
2025-03-22 06:00:00+00:00,-0.9,91,0.0,0.0,0.0,0.01,0,2409.52,1.4,2.8,0
2025-03-22 07:00:00+00:00,1.1,82,0.0,0.0,0.0,0.01,0,3600.0,1.74,3.7,0
2025-03-22 08:00:00+00:00,2.8,73,0.0,0.0,0.0,0.01,0,3600.0,1.07,3.8,0
2025-03-22 09:00:00+00:00,4.2,67,0.0,0.0,0.0,0.0,1,3600.0,0.45,3.6,0
2025-03-22 10:00:00+00:00,5.4,62,0.0,0.0,0.0,0.0,2,3600.0,1.17,4.3,0
2025-03-22 11:00:00+00:00,6.4,57,0.0,0.0,0.0,0.0,1,3600.0,1.79,5.3,0
2025-03-22 12:00:00+00:00,7.1,54,0.0,0.0,0.0,0.0,0,3600.0,1.76,5.5,0
2025-03-22 13:00:00+00:00,7.8,49,0.0,0.0,0.0,0.0,0,3600.0,2.29,6.3,0
2025-03-22 14:00:00+00:00,8.1,47,0.0,0.0,0.0,0.0,0,3600.0,2.28,6.0,0
2025-03-22 15:00:00+00:00,7.9,46,0.0,0.0,0.0,0.0,0,3600.0,2.62,6.0,0
2025-03-22 16:00:00+00:00,7.2,50,0.0,0.0,0.0,0.0,0,3600.0,2.37,6.0,0
2025-03-22 17:00:00+00:00,4.9,60,0.0,0.0,0.0,0.0,0,3600.0,1.86,4.5,0
2025-03-22 18:00:00+00:00,2.5,72,0.0,0.0,0.0,0.0,0,471.42,2.11,4.1,0
2025-03-22 19:00:00+00:00,1.3,79,0.0,0.0,0.0,0.0,0,0.0,2.07,4.2,0
2025-03-22 20:00:00+00:00,-0.1,82,0.0,0.0,0.0,0.0,0,0.0,1.72,4.1,0
2025-03-22 21:00:00+00:00,-0.6,84,0.0,0.0,0.0,0.0,0,0.0,1.64,3.4,0
2025-03-22 22:00:00+00:00,-0.6,85,0.0,0.0,0.0,0.0,0,0.0,1.64,3.3,0
2025-03-22 23:00:00+00:00,-0.5,86,0.0,0.0,0.0,0.0,0,0.0,1.74,3.5,0
2025-03-23 00:00:00+00:00,-0.4,87,0.0,0.0,0.0,0.0,0,0.0,2.13,4.1,0
2025-03-23 01:00:00+00:00,-0.2,87,0.0,0.0,0.0,0.0,0,0.0,2.48,4.9,0
2025-03-23 02:00:00+00:00,-0.6,89,0.0,0.0,0.0,0.0,0,0.0,2.8,5.4,0
2025-03-23 03:00:00+00:00,-1.0,90,0.0,0.0,0.0,0.0,0,0.0,3.19,6.2,0
2025-03-23 04:00:00+00:00,-1.2,90,0.0,0.0,0.0,0.0,0,0.0,3.54,7.1,0
2025-03-23 05:00:00+00:00,-1.3,90,0.0,0.0,0.0,0.0,0,0.0,3.52,7.3,0
2025-03-23 06:00:00+00:00,-1.1,88,0.0,0.0,0.0,0.0,0,2678.29,3.54,7.2,0
2025-03-23 07:00:00+00:00,0.3,81,0.0,0.0,0.0,0.0,0,3600.0,3.24,7.2,0
2025-03-23 08:00:00+00:00,2.2,73,0.0,0.0,0.0,0.0,0,3600.0,3.38,7.7,0
2025-03-23 09:00:00+00:00,4.2,66,0.0,0.0,0.0,0.0,0,3600.0,3.26,7.7,0
2025-03-23 10:00:00+00:00,6.2,59,0.0,0.0,0.0,0.0,0,3600.0,3.78,8.7,0
2025-03-23 11:00:00+00:00,7.9,53,0.0,0.0,0.0,0.0,0,3600.0,3.86,8.9,0
2025-03-23 12:00:00+00:00,9.1,48,0.0,0.0,0.0,0.0,0,3600.0,3.96,9.1,0
2025-03-23 13:00:00+00:00,9.8,44,0.0,0.0,0.0,0.0,0,3600.0,4.28,9.8,0
2025-03-23 14:00:00+00:00,9.8,43,0.0,0.0,0.0,0.0,0,3600.0,3.93,9.5,0
2025-03-23 15:00:00+00:00,9.5,44,0.0,0.0,0.0,0.0,0,3600.0,3.6,8.7,0
2025-03-23 16:00:00+00:00,8.8,46,0.0,0.0,0.0,0.0,0,3600.0,3.01,7.7,0
2025-03-23 17:00:00+00:00,6.9,53,0.0,0.0,0.0,0.0,0,3600.0,2.16,5.9,0
2025-03-23 18:00:00+00:00,4.1,65,0.0,0.0,0.0,0.0,0,855.82,2.06,4.1,0
2025-03-23 19:00:00+00:00,3.3,68,0.0,0.0,0.0,0.0,0,0.0,2.28,4.4,0
2025-03-23 20:00:00+00:00,2.5,72,0.0,0.0,0.0,0.0,0,0.0,2.34,4.6,0
2025-03-23 21:00:00+00:00,1.3,76,0.0,0.0,0.0,0.0,0,0.0,2.09,4.6,0
2025-03-23 22:00:00+00:00,0.2,81,0.0,0.0,0.0,0.0,0,0.0,1.85,4.2,0
2025-03-23 23:00:00+00:00,-0.7,85,0.0,0.0,0.0,0.0,0,0.0,1.61,3.7,0
2025-03-24 00:00:00+00:00,-1.4,88,0.0,0.0,0.0,0.0,0,0.0,1.48,3.2,0
2025-03-24 01:00:00+00:00,-1.3,88,0.0,0.0,0.0,0.0,0,0.0,1.58,3.3,0
2025-03-24 02:00:00+00:00,-1.5,90,0.0,0.0,0.0,0.0,0,0.0,1.66,3.5,0
2025-03-24 03:00:00+00:00,-2.0,91,0.0,0.0,0.0,0.0,0,0.0,1.49,3.6,0
2025-03-24 04:00:00+00:00,-2.6,93,0.0,0.0,0.0,0.0,1,0.0,1.28,3.1,0
2025-03-24 05:00:00+00:00,-2.9,94,0.0,0.0,0.0,0.0,0,0.0,1.24,2.7,0
2025-03-24 06:00:00+00:00,-1.9,93,0.0,0.0,0.0,0.0,93,2859.48,1.21,2.6,3
2025-03-24 07:00:00+00:00,-0.5,84,0.0,0.0,0.0,0.0,99,3600.0,0.49,2.9,3
2025-03-24 08:00:00+00:00,1.0,75,0.0,0.0,0.0,0.0,100,3600.0,0.45,2.9,3
2025-03-24 09:00:00+00:00,2.2,68,0.0,0.0,0.0,0.0,100,3600.0,1.1,4.2,3
2025-03-24 10:00:00+00:00,3.3,63,0.0,0.0,0.0,0.0,100,3600.0,1.38,4.9,3
2025-03-24 11:00:00+00:00,4.2,60,0.0,0.0,0.0,0.0,100,3600.0,1.79,5.4,3
2025-03-24 12:00:00+00:00,5.3,56,0.0,0.0,0.0,0.0,100,3514.43,2.39,6.1,3
2025-03-24 13:00:00+00:00,5.5,56,0.0,0.0,0.0,0.0,100,3600.0,3.21,7.3,3
2025-03-24 14:00:00+00:00,5.8,56,0.0,0.0,0.0,0.0,100,3600.0,3.94,8.7,3
2025-03-24 15:00:00+00:00,5.2,61,0.0,0.0,0.0,0.0,100,318.62,3.6,8.7,3
2025-03-24 16:00:00+00:00,4.4,65,0.0,0.0,0.0,0.0,100,0.0,4.55,9.2,3
2025-03-24 17:00:00+00:00,3.5,70,0.0,0.0,0.0,0.0,100,0.0,4.85,9.6,3
2025-03-24 18:00:00+00:00,3.0,76,0.0,0.0,0.0,0.0,100,0.0,5.02,10.1,3
2025-03-24 19:00:00+00:00,3.0,81,0.0,0.0,0.0,0.0,100,0.0,4.88,10.1,3
2025-03-24 20:00:00+00:00,3.1,84,0.0,0.0,0.0,0.0,100,0.0,4.24,9.7,3
2025-03-24 21:00:00+00:00,3.1,87,0.0,0.0,0.0,0.0,100,0.0,3.41,8.3,3
2025-03-24 22:00:00+00:00,3.2,87,0.0,0.0,0.0,0.0,100,0.0,2.55,6.6,3
2025-03-24 23:00:00+00:00,3.3,87,0.0,0.0,0.0,0.0,100,0.0,2.46,4.8,3
2025-03-25 00:00:00+00:00,3.4,86,0.0,0.0,0.0,0.0,100,0.0,2.35,4.8,3
2025-03-25 01:00:00+00:00,3.4,95,0.0,0.0,0.0,0.0,100,0.0,2.46,4.5,3
2025-03-25 02:00:00+00:00,3.4,95,0.0,0.0,0.0,0.0,100,0.0,2.76,5.3,3
2025-03-25 03:00:00+00:00,3.3,95,0.2,0.2,0.0,0.0,100,0.0,2.35,5.2,51
2025-03-25 04:00:00+00:00,3.1,97,0.4,0.4,0.0,0.0,100,0.0,1.92,4.2,51
2025-03-25 05:00:00+00:00,3.2,95,0.0,0.0,0.0,0.0,100,0.0,2.18,3.9,3
2025-03-25 06:00:00+00:00,3.3,94,0.0,0.0,0.0,0.0,100,0.0,1.8,3.7,3
2025-03-25 07:00:00+00:00,4.1,92,0.0,0.0,0.0,0.0,100,0.0,1.65,3.2,3
2025-03-25 08:00:00+00:00,4.8,91,0.0,0.0,0.0,0.0,100,0.0,1.02,3.4,3
2025-03-25 09:00:00+00:00,5.6,90,0.0,0.0,0.0,0.0,94,3600.0,0.75,3.1,3
2025-03-25 10:00:00+00:00,7.2,82,0.0,0.0,0.0,0.0,99,3600.0,0.9,3.8,3
2025-03-25 11:00:00+00:00,8.8,69,0.0,0.0,0.0,0.0,100,3600.0,1.1,4.4,3
2025-03-25 12:00:00+00:00,10.4,61,0.0,0.0,0.0,0.0,32,3600.0,1.12,4.6,1
2025-03-25 13:00:00+00:00,11.8,56,0.0,0.0,0.0,0.0,23,3600.0,1.43,4.9,1
2025-03-25 14:00:00+00:00,13.1,52,0.0,0.0,0.0,0.0,15,3600.0,1.77,4.9,0
2025-03-25 15:00:00+00:00,13.5,51,0.0,0.0,0.0,0.0,18,3600.0,1.79,5.0,0
2025-03-25 16:00:00+00:00,12.7,57,0.0,0.0,0.0,0.0,18,3600.0,1.9,4.5,0
2025-03-25 17:00:00+00:00,11.2,64,0.0,0.0,0.0,0.0,5,3600.0,2.14,3.8,0
2025-03-25 18:00:00+00:00,8.0,79,0.0,0.0,0.0,0.0,2,255.27,1.21,3.9,0
2025-03-25 19:00:00+00:00,5.4,88,0.0,0.0,0.0,0.0,4,0.0,1.2,2.3,0
2025-03-25 20:00:00+00:00,4.6,91,0.0,0.0,0.0,0.0,9,0.0,3.0,5.0,0
2025-03-25 21:00:00+00:00,4.2,87,0.0,0.0,0.0,0.0,3,0.0,4.65,9.3,0
2025-03-25 22:00:00+00:00,4.2,84,0.0,0.0,0.0,0.0,36,0.0,4.5,9.2,1
2025-03-25 23:00:00+00:00,3.5,84,0.0,0.0,0.0,0.0,99,0.0,3.59,9.0,3
2025-03-26 00:00:00+00:00,2.9,84,0.0,0.0,0.0,0.0,100,0.0,2.47,7.2,3
2025-03-26 01:00:00+00:00,2.0,86,0.0,0.0,0.0,0.0,95,0.0,1.57,4.0,3
2025-03-26 02:00:00+00:00,1.4,87,0.0,0.0,0.0,0.0,94,0.0,1.14,3.2,3
2025-03-26 03:00:00+00:00,0.8,88,0.0,0.0,0.0,0.0,12,0.0,0.72,2.3,0
2025-03-26 04:00:00+00:00,-0.1,91,0.0,0.0,0.0,0.0,3,0.0,0.27,1.7,0
2025-03-26 05:00:00+00:00,-0.6,95,0.0,0.0,0.0,0.0,2,0.0,0.11,1.0,0
2025-03-26 06:00:00+00:00,0.3,96,0.0,0.0,0.0,0.0,0,3219.25,0.07,0.8,0
2025-03-26 07:00:00+00:00,2.4,86,0.0,0.0,0.0,0.0,3,3600.0,0.51,2.1,0
2025-03-26 08:00:00+00:00,4.2,73,0.0,0.0,0.0,0.0,79,3600.0,0.68,3.0,2
2025-03-26 09:00:00+00:00,5.9,65,0.0,0.0,0.0,0.0,94,3600.0,1.43,4.5,3
2025-03-26 10:00:00+00:00,7.5,60,0.0,0.0,0.0,0.0,92,3600.0,1.63,5.0,3
2025-03-26 11:00:00+00:00,8.9,52,0.0,0.0,0.0,0.0,73,3600.0,2.11,5.9,2
2025-03-26 12:00:00+00:00,10.2,48,0.0,0.0,0.0,0.0,94,3600.0,2.29,6.3,3
2025-03-26 13:00:00+00:00,11.1,43,0.0,0.0,0.0,0.0,99,3600.0,2.16,6.3,3
2025-03-26 14:00:00+00:00,11.7,41,0.0,0.0,0.0,0.0,100,3600.0,2.74,6.6,3
2025-03-26 15:00:00+00:00,10.9,47,0.0,0.0,0.0,0.0,100,3600.0,4.15,8.3,3
2025-03-26 16:00:00+00:00,9.1,57,0.0,0.0,0.0,0.0,98,3600.0,4.61,9.5,3
2025-03-26 17:00:00+00:00,7.9,61,0.0,0.0,0.0,0.0,99,3600.0,3.78,9.1,3
2025-03-26 18:00:00+00:00,6.3,68,0.0,0.0,0.0,0.0,98,183.97,3.0,7.2,3
2025-03-26 19:00:00+00:00,5.6,71,0.0,0.0,0.0,0.0,89,0.0,2.91,5.8,3
2025-03-26 20:00:00+00:00,4.7,74,0.0,0.0,0.0,0.0,64,0.0,2.86,5.6,2
2025-03-26 21:00:00+00:00,3.9,78,0.0,0.0,0.0,0.0,99,0.0,2.78,5.6,3
2025-03-26 22:00:00+00:00,3.9,78,0.0,0.0,0.0,0.0,98,0.0,2.48,5.4,3
2025-03-26 23:00:00+00:00,4.6,78,0.0,0.0,0.0,0.0,90,0.0,2.6,5.2,3
2025-03-27 00:00:00+00:00,3.5,85,0.0,0.0,0.0,0.0,100,0.0,2.31,5.2,3
2025-03-27 01:00:00+00:00,3.3,86,0.0,0.0,0.0,0.0,100,0.0,2.55,5.4,3
2025-03-27 02:00:00+00:00,3.0,87,0.0,0.0,0.0,0.0,100,0.0,2.45,5.2,3
2025-03-27 03:00:00+00:00,2.7,88,0.0,0.0,0.0,0.0,100,0.0,2.65,5.2,3
2025-03-27 04:00:00+00:00,2.3,90,0.0,0.0,0.0,0.0,100,0.0,2.4,5.2,3
2025-03-27 05:00:00+00:00,2.6,86,0.0,0.0,0.0,0.0,100,0.0,2.28,4.9,3
2025-03-27 06:00:00+00:00,3.1,84,0.0,0.0,0.0,0.0,100,0.0,2.65,5.2,3
2025-03-27 07:00:00+00:00,4.0,83,0.0,0.0,0.0,0.0,99,0.0,2.47,5.3,3
2025-03-27 08:00:00+00:00,5.1,81,0.0,0.0,0.0,0.0,31,0.0,2.29,5.2,1
2025-03-27 09:00:00+00:00,7.2,69,0.0,0.0,0.0,0.0,96,3600.0,2.62,6.8,3
2025-03-27 10:00:00+00:00,8.9,61,0.0,0.0,0.0,0.0,73,3600.0,2.99,7.4,2
2025-03-27 11:00:00+00:00,10.4,56,0.0,0.0,0.0,0.0,97,3600.0,3.04,7.6,3
2025-03-27 12:00:00+00:00,11.8,53,0.0,0.0,0.0,0.0,95,3600.0,3.68,8.5,3
2025-03-27 13:00:00+00:00,11.5,56,0.0,0.0,0.0,0.0,95,3600.0,4.28,9.5,3
2025-03-27 14:00:00+00:00,11.9,59,0.0,0.0,0.0,0.0,98,3600.0,4.83,10.4,3
2025-03-27 15:00:00+00:00,12.0,62,0.0,0.0,0.0,0.0,99,3600.0,4.9,10.4,3
2025-03-27 16:00:00+00:00,10.1,71,0.0,0.0,0.0,0.0,98,1221.3,4.75,10.1,3
2025-03-27 17:00:00+00:00,9.6,73,0.0,0.0,0.0,0.0,99,1085.37,3.99,9.3,3
2025-03-27 18:00:00+00:00,9.2,66,0.0,0.0,0.0,0.0,100,0.0,3.8,7.6,3
2025-03-27 19:00:00+00:00,8.6,67,0.0,0.0,0.0,0.0,100,0.0,4.11,8.0,3
2025-03-27 20:00:00+00:00,7.3,80,0.0,0.0,0.0,0.0,100,0.0,4.0,7.9,3
2025-03-27 21:00:00+00:00,7.0,86,0.0,0.0,0.0,0.0,100,0.0,4.29,8.5,3
2025-03-27 22:00:00+00:00,6.9,90,0.0,0.0,0.0,0.0,100,0.0,3.85,8.4,3
2025-03-27 23:00:00+00:00,6.2,95,0.0,0.0,0.0,0.0,100,0.0,4.31,8.4,3
2025-03-28 00:00:00+00:00,6.3,95,0.0,0.0,0.0,0.0,100,0.0,5.2,10.3,3
2025-03-28 01:00:00+00:00,6.3,98,0.0,0.0,0.0,0.0,100,0.0,6.42,13.0,3
2025-03-28 02:00:00+00:00,6.1,98,0.0,0.0,0.0,0.0,100,0.0,6.38,13.6,3
2025-03-28 03:00:00+00:00,6.0,98,0.0,0.0,0.0,0.0,100,0.0,6.62,13.5,3
2025-03-28 04:00:00+00:00,5.6,99,0.0,0.0,0.0,0.0,100,0.0,6.54,13.6,3
2025-03-28 05:00:00+00:00,4.9,99,0.0,0.0,0.0,0.0,100,0.0,7.03,14.3,3
2025-03-28 06:00:00+00:00,4.6,100,0.0,0.0,0.0,0.0,100,0.0,7.16,14.7,3
2025-03-28 07:00:00+00:00,4.7,99,0.0,0.0,0.0,0.0,100,0.0,6.81,14.7,3
2025-03-28 08:00:00+00:00,5.3,97,0.0,0.0,0.0,0.0,100,0.0,6.75,14.3,3
2025-03-28 09:00:00+00:00,6.5,91,0.0,0.0,0.0,0.0,100,0.0,6.61,14.3,3
2025-03-28 10:00:00+00:00,7.4,88,0.0,0.0,0.0,0.0,100,161.86,6.46,14.4,3
2025-03-28 11:00:00+00:00,8.1,83,0.0,0.0,0.0,0.0,96,0.0,6.64,14.0,3
2025-03-28 12:00:00+00:00,8.5,82,0.0,0.0,0.0,0.0,100,0.0,7.16,15.1,3
2025-03-28 13:00:00+00:00,7.4,87,0.0,0.0,0.0,0.0,100,0.0,6.0,13.8,3
2025-03-28 14:00:00+00:00,7.7,86,0.0,0.0,0.0,0.0,100,0.0,5.96,13.0,3
2025-03-28 15:00:00+00:00,6.9,91,0.0,0.0,0.0,0.0,100,0.0,6.31,13.0,3
2025-03-28 16:00:00+00:00,6.2,95,0.1,0.1,0.0,0.0,100,0.0,6.01,13.0,51
2025-03-28 17:00:00+00:00,5.9,97,0.1,0.1,0.0,0.0,100,0.0,6.27,12.5,51
2025-03-28 18:00:00+00:00,5.7,97,0.0,0.0,0.0,0.0,98,0.0,6.15,12.9,3
2025-03-28 19:00:00+00:00,5.5,97,0.0,0.0,0.0,0.0,96,0.0,5.87,12.3,3
2025-03-28 20:00:00+00:00,5.2,98,0.0,0.0,0.0,0.0,95,0.0,5.71,11.8,3
2025-03-28 21:00:00+00:00,5.0,98,0.0,0.0,0.0,0.0,100,0.0,5.39,11.4,3
2025-03-28 22:00:00+00:00,4.8,98,0.0,0.0,0.0,0.0,100,0.0,5.12,10.9,3
2025-03-28 23:00:00+00:00,4.5,99,0.0,0.0,0.0,0.0,100,0.0,4.88,10.4,3
2025-03-29 00:00:00+00:00,4.2,99,0.0,0.0,0.0,0.0,99,0.0,4.68,9.7,3
2025-03-29 01:00:00+00:00,4.7,98,0.0,0.0,0.0,0.0,100,0.0,4.99,10.5,3
2025-03-29 02:00:00+00:00,4.7,96,0.0,0.0,0.0,0.0,72,0.0,4.67,10.0,2
2025-03-29 03:00:00+00:00,4.3,95,0.0,0.0,0.0,0.0,34,0.0,4.12,9.4,1
2025-03-29 04:00:00+00:00,3.6,95,0.0,0.0,0.0,0.0,50,0.0,4.22,8.5,2
2025-03-29 05:00:00+00:00,2.8,95,0.0,0.0,0.0,0.0,38,0.0,4.43,8.9,1
2025-03-29 06:00:00+00:00,3.0,94,0.0,0.0,0.0,0.0,37,1580.71,4.79,9.5,1
2025-03-29 07:00:00+00:00,4.0,90,0.0,0.0,0.0,0.0,71,3600.0,5.06,10.5,2
2025-03-29 08:00:00+00:00,5.5,81,0.0,0.0,0.0,0.0,33,3600.0,5.15,11.4,1
2025-03-29 09:00:00+00:00,7.2,70,0.0,0.0,0.0,0.0,16,3600.0,4.83,11.1,0
2025-03-29 10:00:00+00:00,8.7,62,0.0,0.0,0.0,0.0,6,3600.0,4.63,10.7,0
2025-03-29 11:00:00+00:00,9.6,53,0.0,0.0,0.0,0.0,39,3600.0,4.84,10.8,1
2025-03-29 12:00:00+00:00,10.7,45,0.0,0.0,0.0,0.0,22,3600.0,4.72,11.0,1
2025-03-29 13:00:00+00:00,10.9,41,0.0,0.0,0.0,0.0,62,3600.0,4.24,9.6,2
2025-03-29 14:00:00+00:00,11.1,39,0.0,0.0,0.0,0.0,35,3600.0,4.21,9.9,1
2025-03-29 15:00:00+00:00,11.2,37,0.0,0.0,0.0,0.0,17,3600.0,3.96,9.3,0
2025-03-29 16:00:00+00:00,10.8,38,0.0,0.0,0.0,0.0,69,3600.0,4.4,8.6,2
2025-03-29 17:00:00+00:00,9.3,44,0.0,0.0,0.0,0.0,14,3600.0,4.39,9.4,0
2025-03-29 18:00:00+00:00,7.5,49,0.0,0.0,0.0,0.0,2,1346.91,2.94,8.7,0
2025-03-29 19:00:00+00:00,5.5,60,0.0,0.0,0.0,0.0,0,0.0,3.15,5.8,0
2025-03-29 20:00:00+00:00,4.8,59,0.0,0.0,0.0,0.0,21,0.0,3.19,6.7,1
2025-03-29 21:00:00+00:00,3.9,65,0.0,0.0,0.0,0.0,100,0.0,2.88,6.2,3
2025-03-29 22:00:00+00:00,3.5,67,0.0,0.0,0.0,0.0,100,0.0,2.94,6.1,3
2025-03-29 23:00:00+00:00,3.1,71,0.0,0.0,0.0,0.0,100,0.0,3.25,6.3,3
2025-03-30 00:00:00+00:00,3.0,73,0.0,0.0,0.0,0.0,100,0.0,3.47,6.9,3
2025-03-30 01:00:00+00:00,3.8,77,0.0,0.0,0.0,0.0,100,0.0,4.14,8.4,3
2025-03-30 02:00:00+00:00,3.2,93,0.5,0.5,0.0,0.0,100,0.0,4.0,8.3,53
2025-03-30 03:00:00+00:00,2.4,100,1.1,1.1,0.0,0.0,100,0.0,3.54,7.9,55
2025-03-30 04:00:00+00:00,1.9,100,1.1,1.1,0.0,0.0,100,0.0,3.5,6.9,55
2025-03-30 05:00:00+00:00,2.0,99,0.8,0.8,0.0,0.0,100,0.0,3.29,6.6,53
2025-03-30 06:00:00+00:00,2.7,98,0.2,0.2,0.0,0.0,100,0.0,3.11,6.0,51
2025-03-30 07:00:00+00:00,3.1,98,0.1,0.1,0.0,0.0,100,0.0,2.76,6.1,51
2025-03-30 08:00:00+00:00,2.9,99,0.5,0.5,0.0,0.0,100,0.0,2.49,5.3,53
2025-03-30 09:00:00+00:00,2.7,98,0.5,0.5,0.0,0.0,100,0.0,2.47,4.9,53
2025-03-30 10:00:00+00:00,3.0,97,0.4,0.4,0.0,0.0,100,0.0,2.75,5.8,51
2025-03-30 11:00:00+00:00,3.4,96,0.3,0.3,0.0,0.0,100,0.0,2.43,5.8,51
2025-03-30 12:00:00+00:00,4.1,92,0.3,0.3,0.0,0.0,100,0.0,2.16,5.4,51
2025-03-30 13:00:00+00:00,6.0,79,0.1,0.1,0.0,0.0,100,0.0,2.55,5.9,51
2025-03-30 14:00:00+00:00,6.3,72,0.1,0.1,0.0,0.0,99,0.0,3.18,6.8,51
2025-03-30 15:00:00+00:00,5.2,84,0.4,0.4,0.0,0.0,66,1652.48,3.48,7.7,51
2025-03-30 16:00:00+00:00,5.8,77,0.0,0.0,0.0,0.0,66,3600.0,2.95,7.5,2
2025-03-30 17:00:00+00:00,5.6,78,0.0,0.0,0.0,0.0,19,2750.82,1.6,6.2,0
2025-03-30 18:00:00+00:00,3.3,86,0.0,0.0,0.0,0.0,1,2195.2,1.61,3.3,0
2025-03-30 19:00:00+00:00,2.4,88,0.0,0.0,0.0,0.0,11,0.0,1.6,3.5,0
2025-03-30 20:00:00+00:00,1.1,91,0.0,0.0,0.0,0.0,0,0.0,1.45,3.4,0
2025-03-30 21:00:00+00:00,0.3,92,0.0,0.0,0.0,0.0,7,0.0,1.36,3.1,0
2025-03-30 22:00:00+00:00,0.3,90,0.0,0.0,0.0,0.0,16,0.0,1.5,3.1,0
2025-03-30 23:00:00+00:00,1.8,83,0.0,0.0,0.0,0.0,0,0.0,2.21,4.4,0
2025-03-31 00:00:00+00:00,1.9,81,0.0,0.0,0.0,0.0,1,0.0,2.4,5.0,0
2025-03-31 01:00:00+00:00,2.0,80,0.0,0.0,0.0,0.0,1,0.0,2.47,5.5,0
2025-03-31 02:00:00+00:00,1.9,79,0.0,0.0,0.0,0.0,1,0.0,2.49,5.1,0
2025-03-31 03:00:00+00:00,1.6,79,0.0,0.0,0.0,0.0,3,0.0,2.36,5.2,0
2025-03-31 04:00:00+00:00,1.0,80,0.0,0.0,0.0,0.0,4,0.0,1.98,4.9,0
2025-03-31 05:00:00+00:00,0.5,79,0.0,0.0,0.0,0.0,0,0.0,1.78,4.2,0
2025-03-31 06:00:00+00:00,2.1,73,0.0,0.0,0.0,0.0,1,3600.0,1.65,3.9,0
2025-03-31 07:00:00+00:00,4.0,65,0.0,0.0,0.0,0.0,14,3600.0,1.51,3.9,0
2025-03-31 08:00:00+00:00,6.0,53,0.0,0.0,0.0,0.0,0,3600.0,1.85,4.7,0
2025-03-31 09:00:00+00:00,7.5,44,0.0,0.0,0.0,0.0,14,3600.0,1.7,5.3,0
2025-03-31 10:00:00+00:00,8.7,40,0.0,0.0,0.0,0.0,45,3600.0,1.03,5.1,1
2025-03-31 11:00:00+00:00,9.7,37,0.0,0.0,0.0,0.0,58,3600.0,1.42,5.0,2
2025-03-31 12:00:00+00:00,10.2,35,0.0,0.0,0.0,0.0,69,3600.0,2.11,6.1,2
2025-03-31 13:00:00+00:00,10.5,34,0.0,0.0,0.0,0.0,52,3600.0,2.48,6.7,2
2025-03-31 14:00:00+00:00,10.6,31,0.0,0.0,0.0,0.0,55,3600.0,2.69,6.8,2
2025-03-31 15:00:00+00:00,10.5,29,0.0,0.0,0.0,0.0,68,3600.0,2.37,6.8,2
2025-03-31 16:00:00+00:00,10.0,30,0.0,0.0,0.0,0.0,73,3600.0,1.43,5.7,2
2025-03-31 17:00:00+00:00,8.0,40,0.0,0.0,0.0,0.0,96,3600.0,1.46,3.3,3
2025-03-31 18:00:00+00:00,5.7,50,0.0,0.0,0.0,0.0,92,1208.66,1.35,3.2,3
2025-03-31 19:00:00+00:00,4.9,57,0.0,0.0,0.0,0.0,81,0.0,1.88,3.3,3
2025-03-31 20:00:00+00:00,3.9,66,0.0,0.0,0.0,0.0,95,0.0,1.77,3.8,3
2025-03-31 21:00:00+00:00,2.6,77,0.0,0.0,0.0,0.0,100,0.0,1.45,3.4,3
2025-03-31 22:00:00+00:00,2.2,79,0.0,0.0,0.0,0.0,92,0.0,1.17,2.7,3
2025-03-31 23:00:00+00:00,1.8,81,0.0,0.0,0.0,0.0,96,0.0,1.11,2.3,3
2025-04-01 00:00:00+00:00,1.8,82,0.0,0.0,0.0,0.0,64,0.0,0.68,2.0,2
2025-04-01 01:00:00+00:00,1.9,82,0.0,0.0,0.0,0.0,60,0.0,0.18,0.8,2
2025-04-01 02:00:00+00:00,1.7,83,0.0,0.0,0.0,0.0,96,0.0,0.25,0.8,3
2025-04-01 03:00:00+00:00,1.5,84,0.0,0.0,0.0,0.0,38,0.0,0.21,0.9,1
2025-04-01 04:00:00+00:00,1.2,87,0.0,0.0,0.0,0.0,35,0.0,0.15,0.8,1
2025-04-01 05:00:00+00:00,1.0,90,0.0,0.0,0.0,0.0,50,0.0,0.14,0.6,2
2025-04-01 06:00:00+00:00,2.3,91,0.0,0.0,0.0,0.0,44,3600.0,0.0,0.6,1
2025-04-01 07:00:00+00:00,3.8,78,0.0,0.0,0.0,0.0,15,3600.0,0.5,2.3,0
2025-04-01 08:00:00+00:00,5.6,66,0.0,0.0,0.0,0.0,26,3600.0,0.76,3.3,1
2025-04-01 09:00:00+00:00,7.4,57,0.0,0.0,0.0,0.0,94,3600.0,0.99,4.0,3
2025-04-01 10:00:00+00:00,9.3,52,0.0,0.0,0.0,0.0,93,3600.0,1.03,4.3,3
2025-04-01 11:00:00+00:00,11.1,50,0.0,0.0,0.0,0.0,77,3600.0,1.03,4.4,2
2025-04-01 12:00:00+00:00,12.6,48,0.0,0.0,0.0,0.0,36,3600.0,1.03,4.5,1
2025-04-01 13:00:00+00:00,12.7,48,0.0,0.0,0.0,0.0,100,3600.0,0.95,3.8,3
2025-04-01 14:00:00+00:00,13.3,46,0.0,0.0,0.0,0.0,100,3600.0,1.31,3.9,3
2025-04-01 15:00:00+00:00,13.0,48,0.0,0.0,0.0,0.0,99,3600.0,1.68,4.1,3
2025-04-01 16:00:00+00:00,12.6,50,0.0,0.0,0.0,0.0,100,3600.0,1.58,4.3,3
2025-04-01 17:00:00+00:00,10.0,65,0.0,0.0,0.0,0.0,99,3600.0,1.15,3.2,3
2025-04-01 18:00:00+00:00,7.3,71,0.0,0.0,0.0,0.0,99,1599.66,1.16,2.0,3
2025-04-01 19:00:00+00:00,5.3,78,0.0,0.0,0.0,0.0,86,0.0,1.45,2.4,3
2025-04-01 20:00:00+00:00,4.2,82,0.0,0.0,0.0,0.0,32,0.0,1.26,2.7,1
2025-04-01 21:00:00+00:00,3.5,84,0.0,0.0,0.0,0.0,7,0.0,0.99,2.3,0
2025-04-01 22:00:00+00:00,3.0,85,0.0,0.0,0.0,0.0,2,0.0,0.89,2.0,0
2025-04-01 23:00:00+00:00,2.7,86,0.0,0.0,0.0,0.0,7,0.0,0.76,1.8,0
2025-04-02 00:00:00+00:00,2.3,88,0.0,0.0,0.0,0.0,6,0.0,0.57,1.6,0
2025-04-02 01:00:00+00:00,1.6,91,0.0,0.0,0.0,0.0,100,0.0,0.47,1.5,3
2025-04-02 02:00:00+00:00,1.4,93,0.0,0.0,0.0,0.0,99,0.0,0.43,1.4,3
2025-04-02 03:00:00+00:00,1.2,95,0.0,0.0,0.0,0.0,97,0.0,0.45,1.3,3
2025-04-02 04:00:00+00:00,1.0,96,0.0,0.0,0.0,0.0,91,0.0,0.47,1.4,3
2025-04-02 05:00:00+00:00,0.8,98,0.0,0.0,0.0,0.0,98,0.0,0.56,1.5,3
2025-04-02 06:00:00+00:00,2.3,99,0.0,0.0,0.0,0.0,100,3600.0,1.0,1.8,3
2025-04-02 07:00:00+00:00,3.8,88,0.0,0.0,0.0,0.0,99,3600.0,0.76,2.9,3
2025-04-02 08:00:00+00:00,5.3,81,0.0,0.0,0.0,0.0,100,3600.0,0.65,3.2,3
2025-04-02 09:00:00+00:00,7.1,73,0.0,0.0,0.0,0.0,100,3600.0,0.83,3.8,3
2025-04-02 10:00:00+00:00,9.1,65,0.0,0.0,0.0,0.0,100,3600.0,1.08,4.5,3
2025-04-02 11:00:00+00:00,10.9,58,0.0,0.0,0.0,0.0,100,3600.0,1.13,4.6,3
2025-04-02 12:00:00+00:00,12.4,54,0.0,0.0,0.0,0.0,100,3600.0,1.35,4.9,3
2025-04-02 13:00:00+00:00,13.1,52,0.0,0.0,0.0,0.0,98,3600.0,1.2,4.4,3
2025-04-02 14:00:00+00:00,13.9,50,0.0,0.0,0.0,0.0,99,3600.0,1.63,4.5,3
2025-04-02 15:00:00+00:00,13.6,50,0.0,0.0,0.0,0.0,82,3600.0,2.07,4.9,3
2025-04-02 16:00:00+00:00,12.8,51,0.0,0.0,0.0,0.0,4,3600.0,2.09,5.0,0
2025-04-02 17:00:00+00:00,10.4,58,0.0,0.0,0.0,0.0,0,3600.0,1.59,4.3,0
2025-04-02 18:00:00+00:00,6.4,71,0.0,0.0,0.0,0.0,3,3382.5,1.23,2.8,0
2025-04-02 19:00:00+00:00,4.8,78,0.0,0.0,0.0,0.0,23,0.0,1.47,2.7,1
2025-04-02 20:00:00+00:00,3.9,82,0.0,0.0,0.0,0.0,12,0.0,1.4,2.7,0
2025-04-02 21:00:00+00:00,3.2,84,0.0,0.0,0.0,0.0,6,0.0,1.37,2.7,0
2025-04-02 22:00:00+00:00,2.6,86,0.0,0.0,0.0,0.0,1,0.0,0.97,2.6,0
2025-04-02 23:00:00+00:00,2.3,87,0.0,0.0,0.0,0.0,0,0.0,0.72,1.9,0
2025-04-03 00:00:00+00:00,1.9,89,0.0,0.0,0.0,0.0,0,0.0,0.72,1.6,0
2025-04-03 01:00:00+00:00,1.5,91,0.0,0.0,0.0,0.0,0,0.0,0.76,1.7,0
2025-04-03 02:00:00+00:00,1.2,93,0.0,0.0,0.0,0.0,0,0.0,0.68,1.7,0
2025-04-03 03:00:00+00:00,1.0,94,0.0,0.0,0.0,0.0,0,0.0,0.73,1.8,0
2025-04-03 04:00:00+00:00,0.7,95,0.0,0.0,0.0,0.0,0,0.0,0.91,2.0,0
2025-04-03 05:00:00+00:00,0.6,96,0.0,0.0,0.0,0.0,0,0.0,1.17,2.4,0
2025-04-03 06:00:00+00:00,2.8,93,0.0,0.0,0.0,0.0,0,3600.0,1.46,2.6,0
2025-04-03 07:00:00+00:00,4.3,84,0.0,0.0,0.0,0.0,0,3600.0,1.18,3.5,0
2025-04-03 08:00:00+00:00,5.8,78,0.0,0.0,0.0,0.0,1,3600.0,1.16,4.1,0
2025-04-03 09:00:00+00:00,7.7,69,0.0,0.0,0.0,0.0,0,3600.0,0.89,4.2,0
2025-04-03 10:00:00+00:00,9.9,60,0.0,0.0,0.0,0.0,0,3600.0,1.41,5.1,0
2025-04-03 11:00:00+00:00,12.1,51,0.0,0.0,0.0,0.0,0,3600.0,1.52,5.3,0
2025-04-03 12:00:00+00:00,14.1,45,0.0,0.0,0.0,0.0,0,3600.0,1.54,5.3,0
2025-04-03 13:00:00+00:00,15.5,41,0.0,0.0,0.0,0.0,0,3600.0,1.9,5.3,0
2025-04-03 14:00:00+00:00,16.0,40,0.0,0.0,0.0,0.0,0,3600.0,2.6,6.2,0
2025-04-03 15:00:00+00:00,15.3,46,0.0,0.0,0.0,0.0,0,3600.0,2.8,6.4,0
2025-04-03 16:00:00+00:00,14.1,53,0.0,0.0,0.0,0.0,0,3600.0,2.04,6.2,0
2025-04-03 17:00:00+00:00,11.4,66,0.0,0.0,0.0,0.0,0,3600.0,1.25,4.2,0
2025-04-03 18:00:00+00:00,8.7,74,0.0,0.0,0.0,0.0,0,3527.17,0.38,2.3,0
2025-04-03 19:00:00+00:00,7.0,80,0.0,0.0,0.0,0.0,0,0.0,1.75,3.1,0
2025-04-03 20:00:00+00:00,9.1,53,0.0,0.0,0.0,0.0,21,0.0,4.07,7.5,1
2025-04-03 21:00:00+00:00,8.2,57,0.0,0.0,0.0,0.0,94,0.0,4.67,9.4,3
2025-04-03 22:00:00+00:00,6.7,63,0.0,0.0,0.0,0.0,98,0.0,4.53,9.6,3
2025-04-03 23:00:00+00:00,5.4,64,0.0,0.0,0.0,0.0,99,0.0,3.71,9.3,3
2025-04-04 00:00:00+00:00,4.5,64,0.0,0.0,0.0,0.0,100,0.0,3.22,7.7,3
2025-04-04 01:00:00+00:00,5.7,54,0.0,0.0,0.0,0.0,100,0.0,3.51,7.2,3
2025-04-04 02:00:00+00:00,5.5,50,0.0,0.0,0.0,0.0,0,0.0,3.75,8.1,0
2025-04-04 03:00:00+00:00,3.8,56,0.0,0.0,0.0,0.0,0,0.0,3.5,8.1,0
2025-04-04 04:00:00+00:00,2.6,61,0.0,0.0,0.0,0.0,0,0.0,2.79,7.4,0
2025-04-04 05:00:00+00:00,1.4,69,0.0,0.0,0.0,0.0,0,0.0,1.7,6.0,0
2025-04-04 06:00:00+00:00,2.2,66,0.0,0.0,0.0,0.0,0,3600.0,1.59,3.9,0
2025-04-04 07:00:00+00:00,3.4,56,0.0,0.0,0.0,0.0,16,3600.0,1.06,3.7,0
2025-04-04 08:00:00+00:00,5.0,47,0.0,0.0,0.0,0.0,18,3600.0,1.57,4.9,0
2025-04-04 09:00:00+00:00,6.4,39,0.0,0.0,0.0,0.0,0,3600.0,1.48,5.3,0
2025-04-04 10:00:00+00:00,7.6,35,0.0,0.0,0.0,0.0,0,3600.0,1.38,5.2,0
2025-04-04 11:00:00+00:00,8.6,31,0.0,0.0,0.0,0.0,0,3600.0,1.27,5.2,0
2025-04-04 12:00:00+00:00,9.5,28,0.0,0.0,0.0,0.0,0,3600.0,1.25,5.2,0
2025-04-04 13:00:00+00:00,10.1,27,0.0,0.0,0.0,0.0,0,3600.0,2.16,6.8,0
2025-04-04 14:00:00+00:00,10.5,26,0.0,0.0,0.0,0.0,32,3600.0,2.25,6.4,1
2025-04-04 15:00:00+00:00,10.6,25,0.0,0.0,0.0,0.0,48,3600.0,2.53,6.5,1
2025-04-04 16:00:00+00:00,10.1,25,0.0,0.0,0.0,0.0,98,3600.0,3.06,7.0,3
2025-04-04 17:00:00+00:00,8.9,30,0.0,0.0,0.0,0.0,86,3600.0,3.16,7.1,3
2025-04-04 18:00:00+00:00,7.3,37,0.0,0.0,0.0,0.0,100,2196.41,3.32,6.8,3
2025-04-04 19:00:00+00:00,5.9,42,0.0,0.0,0.0,0.0,89,0.0,4.18,8.6,3
2025-04-04 20:00:00+00:00,4.6,46,0.0,0.0,0.0,0.0,99,0.0,3.58,8.8,3
2025-04-04 21:00:00+00:00,3.4,52,0.0,0.0,0.0,0.0,15,0.0,2.37,7.6,0
2025-04-04 22:00:00+00:00,1.5,66,0.0,0.0,0.0,0.0,100,0.0,1.37,5.1,3
2025-04-04 23:00:00+00:00,0.4,79,0.0,0.0,0.0,0.0,100,0.0,1.04,3.3,3
2025-04-05 00:00:00+00:00,0.3,82,0.0,0.0,0.0,0.0,98,0.0,1.21,2.8,3
2025-04-05 01:00:00+00:00,2.0,64,0.0,0.0,0.0,0.0,95,0.0,1.78,3.9,3
2025-04-05 02:00:00+00:00,2.2,62,0.0,0.0,0.0,0.0,99,0.0,2.36,5.0,3
2025-04-05 03:00:00+00:00,2.1,63,0.0,0.0,0.0,0.0,92,0.0,2.4,5.2,3
2025-04-05 04:00:00+00:00,1.8,67,0.0,0.0,0.0,0.0,50,0.0,1.77,5.0,2
2025-04-05 05:00:00+00:00,1.3,73,0.0,0.0,0.0,0.0,47,0.0,1.66,4.0,1
2025-04-05 06:00:00+00:00,2.8,63,0.0,0.0,0.0,0.0,73,3600.0,2.96,5.9,2
2025-04-05 07:00:00+00:00,4.2,52,0.0,0.0,0.0,0.0,13,3600.0,3.8,8.1,0
2025-04-05 08:00:00+00:00,5.0,46,0.0,0.0,0.0,0.0,7,3600.0,4.67,10.7,0
2025-04-05 09:00:00+00:00,6.1,41,0.0,0.0,0.0,0.0,54,3600.0,4.92,11.1,2
2025-04-05 10:00:00+00:00,7.0,37,0.0,0.0,0.0,0.0,68,3600.0,5.06,11.5,2
2025-04-05 11:00:00+00:00,7.6,36,0.0,0.0,0.0,0.0,69,3600.0,4.99,11.7,2
2025-04-05 12:00:00+00:00,7.9,36,0.0,0.0,0.0,0.0,65,3600.0,4.81,11.5,2
2025-04-05 13:00:00+00:00,8.4,33,0.0,0.0,0.0,0.0,68,3600.0,4.92,11.6,2
2025-04-05 14:00:00+00:00,8.3,34,0.0,0.0,0.0,0.0,2,3600.0,5.16,11.7,0
2025-04-05 15:00:00+00:00,7.7,37,0.0,0.0,0.0,0.0,1,3600.0,5.2,11.7,0
2025-04-05 16:00:00+00:00,7.8,37,0.0,0.0,0.0,0.0,1,3600.0,4.68,11.4,0
2025-04-05 17:00:00+00:00,6.9,41,0.0,0.0,0.0,0.0,1,3600.0,4.21,10.2,0
2025-04-05 18:00:00+00:00,5.6,47,0.0,0.0,0.0,0.0,1,3600.0,3.33,8.5,0
2025-04-05 19:00:00+00:00,4.4,54,0.0,0.0,0.0,0.0,0,0.0,2.63,6.8,0
2025-04-05 20:00:00+00:00,3.6,60,0.0,0.0,0.0,0.0,0,0.0,2.02,5.4,0
2025-04-05 21:00:00+00:00,2.3,67,0.0,0.0,0.0,0.0,3,0.0,1.39,4.3,0
2025-04-05 22:00:00+00:00,1.4,75,0.0,0.0,0.0,0.0,7,0.0,0.75,3.2,0
2025-04-05 23:00:00+00:00,0.6,83,0.0,0.0,0.0,0.0,4,0.0,0.39,2.0,0
2025-04-06 00:00:00+00:00,-0.1,93,0.0,0.0,0.0,0.0,3,0.0,0.29,1.3,0
2025-04-06 01:00:00+00:00,0.0,85,0.0,0.0,0.0,0.0,2,0.0,0.57,1.5,0
2025-04-06 02:00:00+00:00,-0.4,87,0.0,0.0,0.0,0.0,6,0.0,0.46,1.5,0
2025-04-06 03:00:00+00:00,-0.6,89,0.0,0.0,0.0,0.0,3,0.0,0.4,1.5,0
2025-04-06 04:00:00+00:00,-0.6,90,0.0,0.0,0.0,0.0,1,0.0,0.28,1.3,0
2025-04-06 05:00:00+00:00,-0.3,91,0.0,0.0,0.0,0.0,0,0.0,0.14,1.0,0
2025-04-06 06:00:00+00:00,1.1,89,0.0,0.0,0.0,0.0,0,3600.0,0.32,1.1,0
2025-04-06 07:00:00+00:00,2.9,72,0.0,0.0,0.0,0.0,0,3600.0,0.57,2.7,0
2025-04-06 08:00:00+00:00,4.9,57,0.0,0.0,0.0,0.0,0,3600.0,0.96,3.8,0
2025-04-06 09:00:00+00:00,6.9,46,0.0,0.0,0.0,0.0,0,3600.0,1.31,4.7,0
2025-04-06 10:00:00+00:00,8.9,39,0.0,0.0,0.0,0.0,0,3600.0,1.73,5.5,0
2025-04-06 11:00:00+00:00,10.5,36,0.0,0.0,0.0,0.0,0,3600.0,2.13,6.4,0
2025-04-06 12:00:00+00:00,11.8,33,0.0,0.0,0.0,0.0,0,3600.0,2.48,7.0,0
2025-04-06 13:00:00+00:00,13.0,30,0.0,0.0,0.0,0.0,0,3600.0,2.8,7.5,0
2025-04-06 14:00:00+00:00,13.9,27,0.0,0.0,0.0,0.0,0,3600.0,2.5,7.4,0
2025-04-06 15:00:00+00:00,14.3,26,0.0,0.0,0.0,0.0,0,3600.0,1.93,6.7,0
2025-04-06 16:00:00+00:00,13.9,27,0.0,0.0,0.0,0.0,0,3600.0,1.11,5.5,0
2025-04-06 17:00:00+00:00,12.4,42,0.0,0.0,0.0,0.0,0,3600.0,0.62,3.4,0
2025-04-06 18:00:00+00:00,10.1,38,0.0,0.0,0.0,0.0,0,3600.0,2.15,3.8,0
2025-04-06 19:00:00+00:00,8.7,45,0.0,0.0,0.0,0.0,0,0.0,1.91,4.8,0
2025-04-06 20:00:00+00:00,7.3,53,0.0,0.0,0.0,0.0,0,0.0,2.94,5.1,0
2025-04-06 21:00:00+00:00,6.4,56,0.0,0.0,0.0,0.0,0,0.0,3.82,7.5,0
2025-04-06 22:00:00+00:00,5.4,60,0.0,0.0,0.0,0.0,0,0.0,3.5,7.5,0
2025-04-06 23:00:00+00:00,4.4,65,0.0,0.0,0.0,0.0,0,0.0,3.04,6.9,0
2025-04-07 00:00:00+00:00,3.6,70,0.0,0.0,0.0,0.0,8,0.0,2.47,6.1,0
2025-04-07 01:00:00+00:00,3.3,69,0.0,0.0,0.0,0.0,93,0.0,1.77,4.5,3
2025-04-07 02:00:00+00:00,2.9,72,0.0,0.0,0.0,0.0,12,0.0,1.48,3.9,0
2025-04-07 03:00:00+00:00,1.4,80,0.0,0.0,0.0,0.0,0,0.0,1.35,3.3,0
2025-04-07 04:00:00+00:00,0.8,84,0.0,0.0,0.0,0.0,2,0.0,1.36,3.0,0
2025-04-07 05:00:00+00:00,1.3,85,0.0,0.0,0.0,0.0,9,52.22,1.6,3.5,0
2025-04-07 06:00:00+00:00,3.4,73,0.0,0.0,0.0,0.0,13,3600.0,2.29,4.5,0
2025-04-07 07:00:00+00:00,5.9,59,0.0,0.0,0.0,0.0,4,3600.0,2.45,5.5,0
2025-04-07 08:00:00+00:00,7.7,50,0.0,0.0,0.0,0.0,16,3600.0,3.24,7.7,0
2025-04-07 09:00:00+00:00,8.9,45,0.0,0.0,0.0,0.0,14,3600.0,3.8,8.8,0
2025-04-07 10:00:00+00:00,10.0,40,0.0,0.0,0.0,0.0,22,3600.0,3.8,9.5,1
2025-04-07 11:00:00+00:00,10.1,38,0.0,0.0,0.0,0.0,37,3600.0,3.62,9.2,1
2025-04-07 12:00:00+00:00,10.7,37,0.0,0.0,0.0,0.0,92,3600.0,3.38,8.8,3
2025-04-07 13:00:00+00:00,11.6,34,0.0,0.0,0.0,0.0,93,3600.0,3.11,7.9,3
2025-04-07 14:00:00+00:00,11.6,35,0.0,0.0,0.0,0.0,45,3600.0,2.98,7.8,1
2025-04-07 15:00:00+00:00,11.8,34,0.0,0.0,0.0,0.0,48,3600.0,2.76,7.4,1
2025-04-07 16:00:00+00:00,11.4,35,0.0,0.0,0.0,0.0,9,3600.0,2.7,6.8,0
2025-04-07 17:00:00+00:00,10.9,36,0.0,0.0,0.0,0.0,35,3600.0,2.35,6.3,1
2025-04-07 18:00:00+00:00,8.6,45,0.0,0.0,0.0,0.0,83,3600.0,1.4,4.4,3
2025-04-07 19:00:00+00:00,7.0,52,0.0,0.0,0.0,0.0,100,0.0,1.38,2.6,3
2025-04-07 20:00:00+00:00,5.8,59,0.0,0.0,0.0,0.0,85,0.0,1.3,2.4,3
2025-04-07 21:00:00+00:00,5.1,65,0.0,0.0,0.0,0.0,81,0.0,1.2,2.3,3
2025-04-07 22:00:00+00:00,4.5,71,0.0,0.0,0.0,0.0,100,0.0,0.97,2.1,3
2025-04-07 23:00:00+00:00,4.4,74,0.0,0.0,0.0,0.0,99,0.0,0.83,1.9,3
2025-04-08 00:00:00+00:00,4.1,77,0.0,0.0,0.0,0.0,100,0.0,0.4,1.7,3
2025-04-08 01:00:00+00:00,3.7,83,0.0,0.0,0.0,0.0,100,0.0,0.1,0.8,3
2025-04-08 02:00:00+00:00,3.5,85,0.0,0.0,0.0,0.0,100,0.0,0.16,0.6,3
2025-04-08 03:00:00+00:00,3.3,88,0.0,0.0,0.0,0.0,100,0.0,0.27,0.8,3
2025-04-08 04:00:00+00:00,2.8,91,0.0,0.0,0.0,0.0,100,0.0,0.46,1.2,3
2025-04-08 05:00:00+00:00,2.4,92,0.0,0.0,0.0,0.0,30,0.0,0.43,1.2,1
2025-04-08 06:00:00+00:00,4.1,87,0.1,0.1,0.0,0.0,80,3600.0,1.15,1.8,51
2025-04-08 07:00:00+00:00,5.3,73,0.0,0.0,0.0,0.0,66,3600.0,0.92,3.0,2
2025-04-08 08:00:00+00:00,7.0,61,0.0,0.0,0.0,0.0,69,3600.0,1.01,4.1,2
2025-04-08 09:00:00+00:00,8.8,51,0.0,0.0,0.0,0.0,53,3600.0,1.47,5.0,2
2025-04-08 10:00:00+00:00,10.6,45,0.0,0.0,0.0,0.0,0,3600.0,2.16,6.3,0
2025-04-08 11:00:00+00:00,11.9,38,0.0,0.0,0.0,0.0,0,3600.0,2.8,7.5,0
2025-04-08 12:00:00+00:00,12.7,37,0.0,0.0,0.0,0.0,0,3600.0,3.0,7.9,0
2025-04-08 13:00:00+00:00,12.9,37,0.0,0.0,0.0,0.0,0,3600.0,3.02,8.0,0
2025-04-08 14:00:00+00:00,12.8,38,0.0,0.0,0.0,0.0,0,3600.0,3.12,7.8,0
2025-04-08 15:00:00+00:00,12.2,41,0.0,0.0,0.0,0.0,0,3600.0,3.13,7.8,0
2025-04-08 16:00:00+00:00,11.9,45,0.0,0.0,0.0,0.0,0,3600.0,2.37,7.5,0
2025-04-08 17:00:00+00:00,10.9,50,0.0,0.0,0.0,0.0,0,3600.0,2.01,5.6,0
2025-04-08 18:00:00+00:00,8.4,60,0.0,0.0,0.0,0.0,19,3600.0,1.63,4.2,0
2025-04-08 19:00:00+00:00,6.3,71,0.0,0.0,0.0,0.0,73,0.0,1.49,3.1,2
2025-04-08 20:00:00+00:00,4.8,81,0.0,0.0,0.0,0.0,96,0.0,1.26,2.8,3
2025-04-08 21:00:00+00:00,4.1,84,0.0,0.0,0.0,0.0,97,0.0,0.74,2.2,3
2025-04-08 22:00:00+00:00,3.8,86,0.0,0.0,0.0,0.0,32,0.0,0.39,1.4,1
2025-04-08 23:00:00+00:00,2.6,90,0.0,0.0,0.0,0.0,58,0.0,0.81,1.7,2
2025-04-09 00:00:00+00:00,3.3,88,0.0,0.0,0.0,0.0,5,0.0,2.23,4.5,0
2025-04-09 01:00:00+00:00,4.2,76,0.0,0.0,0.0,0.0,12,0.0,2.45,5.0,0
2025-04-09 02:00:00+00:00,3.6,79,0.0,0.0,0.0,0.0,80,0.0,2.05,5.2,3
2025-04-09 03:00:00+00:00,2.7,86,0.0,0.0,0.0,0.0,30,0.0,1.12,4.3,1
2025-04-09 04:00:00+00:00,1.3,91,0.0,0.0,0.0,0.0,89,0.0,0.76,2.6,3
2025-04-09 05:00:00+00:00,1.4,95,0.0,0.0,0.0,0.0,100,0.0,0.65,2.1,3
2025-04-09 06:00:00+00:00,3.4,88,0.0,0.0,0.0,0.0,100,3600.0,1.23,2.8,3
2025-04-09 07:00:00+00:00,5.4,73,0.0,0.0,0.0,0.0,100,3002.11,0.4,2.9,3
2025-04-09 08:00:00+00:00,8.2,58,0.0,0.0,0.0,0.0,100,3600.0,0.5,2.9,3
2025-04-09 09:00:00+00:00,10.0,49,0.0,0.0,0.0,0.0,99,3600.0,1.28,4.2,3
2025-04-09 10:00:00+00:00,11.2,38,0.0,0.0,0.0,0.0,99,3600.0,2.74,6.9,3
2025-04-09 11:00:00+00:00,11.7,35,0.0,0.0,0.0,0.0,98,3600.0,3.04,7.9,3
2025-04-09 12:00:00+00:00,12.4,33,0.0,0.0,0.0,0.0,94,3600.0,2.43,7.7,3
2025-04-09 13:00:00+00:00,11.2,42,0.0,0.0,0.0,0.0,79,3600.0,4.3,10.0,2
2025-04-09 14:00:00+00:00,9.6,45,0.0,0.0,0.0,0.0,86,3600.0,5.16,11.6,3
2025-04-09 15:00:00+00:00,10.0,33,0.0,0.0,0.0,0.0,84,3600.0,5.08,11.5,3
2025-04-09 16:00:00+00:00,9.3,31,0.0,0.0,0.0,0.0,50,3600.0,5.34,11.7,2
2025-04-09 17:00:00+00:00,7.9,34,0.0,0.0,0.0,0.0,19,3600.0,4.88,11.6,0
2025-04-09 18:00:00+00:00,6.3,39,0.0,0.0,0.0,0.0,33,3600.0,4.3,10.3,1
2025-04-09 19:00:00+00:00,4.9,44,0.0,0.0,0.0,0.0,8,0.0,3.87,8.9,0
2025-04-09 20:00:00+00:00,3.7,49,0.0,0.0,0.0,0.0,18,0.0,3.19,8.0,0
2025-04-09 21:00:00+00:00,2.6,54,0.0,0.0,0.0,0.0,21,0.0,2.3,6.8,1
2025-04-09 22:00:00+00:00,1.2,63,0.0,0.0,0.0,0.0,62,0.0,0.46,5.0,2
2025-04-09 23:00:00+00:00,1.2,66,0.0,0.0,0.0,0.0,23,0.0,0.05,1.7,1
2025-04-10 00:00:00+00:00,0.9,70,0.0,0.0,0.0,0.0,97,0.0,0.11,0.9,3
2025-04-10 01:00:00+00:00,0.5,67,0.0,0.0,0.0,0.0,99,0.0,0.3,1.5,3
2025-04-10 02:00:00+00:00,0.7,71,0.0,0.0,0.0,0.0,100,0.0,0.9,2.1,3
2025-04-10 03:00:00+00:00,1.0,73,0.0,0.0,0.0,0.0,45,0.0,1.05,2.4,1
2025-04-10 04:00:00+00:00,-0.4,83,0.0,0.0,0.0,0.0,1,0.0,1.43,3.1,0
2025-04-10 05:00:00+00:00,0.2,87,0.0,0.0,0.0,0.0,32,729.78,2.2,4.0,1
2025-04-10 06:00:00+00:00,1.6,70,0.0,0.0,0.0,0.0,82,3600.0,3.1,6.2,3
2025-04-10 07:00:00+00:00,3.2,61,0.0,0.0,0.0,0.0,98,3600.0,4.4,9.5,3
2025-04-10 08:00:00+00:00,4.4,61,0.0,0.0,0.0,0.0,100,2795.51,3.88,9.8,3
2025-04-10 09:00:00+00:00,5.0,63,0.0,0.0,0.0,0.0,100,0.0,3.72,8.8,3
2025-04-10 10:00:00+00:00,6.3,60,0.0,0.0,0.0,0.0,89,3600.0,3.73,8.5,3
2025-04-10 11:00:00+00:00,8.9,51,0.0,0.0,0.0,0.0,99,3600.0,3.62,9.3,3
2025-04-10 12:00:00+00:00,11.2,44,0.0,0.0,0.0,0.0,100,3600.0,3.67,9.0,3
2025-04-10 13:00:00+00:00,11.0,44,0.0,0.0,0.0,0.0,98,3600.0,4.07,9.5,3
2025-04-10 14:00:00+00:00,12.5,41,0.0,0.0,0.0,0.0,100,3600.0,4.44,9.9,3
2025-04-10 15:00:00+00:00,13.8,40,0.0,0.0,0.0,0.0,100,3600.0,4.49,10.1,3
2025-04-10 16:00:00+00:00,13.1,42,0.0,0.0,0.0,0.0,99,955.62,4.75,10.4,3
2025-04-10 17:00:00+00:00,12.0,45,0.0,0.0,0.0,0.0,99,0.0,2.67,9.5,3
2025-04-10 18:00:00+00:00,10.5,51,0.0,0.0,0.0,0.0,84,0.0,1.61,5.2,3
2025-04-10 19:00:00+00:00,9.3,56,0.0,0.0,0.0,0.0,73,0.0,1.94,3.8,2
2025-04-10 20:00:00+00:00,8.3,60,0.0,0.0,0.0,0.0,41,0.0,2.39,4.5,1
2025-04-10 21:00:00+00:00,7.7,62,0.0,0.0,0.0,0.0,15,0.0,2.53,5.2,0
2025-04-10 22:00:00+00:00,6.2,69,0.0,0.0,0.0,0.0,31,0.0,1.45,4.8,1
2025-04-10 23:00:00+00:00,4.9,76,0.0,0.0,0.0,0.0,13,0.0,0.85,2.9,0
2025-04-11 00:00:00+00:00,4.6,78,0.0,0.0,0.0,0.0,36,0.0,0.72,1.9,1
2025-04-11 01:00:00+00:00,5.3,75,0.1,0.1,0.0,0.0,73,0.0,0.99,1.8,51
2025-04-11 02:00:00+00:00,5.2,75,0.0,0.0,0.0,0.0,62,0.0,0.54,1.6,2
2025-04-11 03:00:00+00:00,4.7,74,0.0,0.0,0.0,0.0,99,0.0,0.18,1.3,3
2025-04-11 04:00:00+00:00,4.1,81,0.0,0.0,0.0,0.0,100,0.0,0.57,1.4,3
2025-04-11 05:00:00+00:00,4.7,82,0.0,0.0,0.0,0.0,100,0.0,0.21,1.5,3
2025-04-11 06:00:00+00:00,5.4,78,0.0,0.0,0.0,0.0,97,1920.05,0.71,1.7,3
2025-04-11 07:00:00+00:00,6.0,77,0.0,0.0,0.0,0.0,34,2049.25,0.42,2.3,1
2025-04-11 08:00:00+00:00,9.2,58,0.0,0.0,0.0,0.0,3,3600.0,0.62,3.5,0
2025-04-11 09:00:00+00:00,12.0,47,0.0,0.0,0.0,0.0,14,3600.0,1.27,4.7,0
2025-04-11 10:00:00+00:00,14.1,41,0.0,0.0,0.0,0.0,8,3600.0,1.88,5.9,0
2025-04-11 11:00:00+00:00,15.5,40,0.0,0.0,0.0,0.0,9,3600.0,1.8,6.1,0
2025-04-11 12:00:00+00:00,16.4,39,0.0,0.0,0.0,0.0,53,3600.0,2.04,6.0,2
2025-04-11 13:00:00+00:00,16.6,38,0.0,0.0,0.0,0.0,100,1655.31,2.46,6.4,3
2025-04-11 14:00:00+00:00,17.4,35,0.0,0.0,0.0,0.0,100,3278.5,3.04,7.0,3
2025-04-11 15:00:00+00:00,16.8,38,0.0,0.0,0.0,0.0,99,1724.96,4.16,9.1,3
2025-04-11 16:00:00+00:00,15.5,44,0.0,0.0,0.0,0.0,78,0.0,4.58,9.5,2
2025-04-11 17:00:00+00:00,14.3,50,0.0,0.0,0.0,0.0,38,3600.0,4.03,10.1,1
2025-04-11 18:00:00+00:00,12.6,56,0.0,0.0,0.0,0.0,86,3600.0,2.6,8.1,3
2025-04-11 19:00:00+00:00,10.8,63,0.0,0.0,0.0,0.0,98,0.0,1.66,5.0,3
2025-04-11 20:00:00+00:00,10.1,67,0.0,0.0,0.0,0.0,98,0.0,2.52,4.6,3
2025-04-11 21:00:00+00:00,9.7,69,0.0,0.0,0.0,0.0,100,0.0,2.42,5.3,3
2025-04-11 22:00:00+00:00,8.9,72,0.0,0.0,0.0,0.0,100,0.0,1.68,4.6,3
2025-04-11 23:00:00+00:00,8.7,73,0.0,0.0,0.0,0.0,100,0.0,2.02,3.9,3
2025-04-12 00:00:00+00:00,8.7,71,0.0,0.0,0.0,0.0,100,0.0,1.96,3.9,3
2025-04-12 01:00:00+00:00,9.5,65,0.0,0.0,0.0,0.0,100,0.0,3.04,5.7,3
2025-04-12 02:00:00+00:00,9.9,61,0.0,0.0,0.0,0.0,100,0.0,2.67,6.1,3
2025-04-12 03:00:00+00:00,9.3,63,0.0,0.0,0.0,0.0,100,0.0,2.66,5.1,3
2025-04-12 04:00:00+00:00,8.5,69,0.0,0.0,0.0,0.0,99,0.0,2.01,4.9,3
2025-04-12 05:00:00+00:00,8.2,72,0.0,0.0,0.0,0.0,11,0.0,1.81,3.7,0
2025-04-12 06:00:00+00:00,9.1,66,0.0,0.0,0.0,0.0,0,3600.0,2.21,4.1,0
2025-04-12 07:00:00+00:00,11.4,53,0.0,0.0,0.0,0.0,0,3600.0,2.21,5.1,0
2025-04-12 08:00:00+00:00,12.9,43,0.0,0.0,0.0,0.0,0,3600.0,2.42,6.6,0
2025-04-12 09:00:00+00:00,14.0,38,0.0,0.0,0.0,0.0,0,3600.0,1.77,6.3,0
2025-04-12 10:00:00+00:00,14.6,35,0.0,0.0,0.0,0.0,0,3600.0,1.92,6.1,0
2025-04-12 11:00:00+00:00,15.1,32,0.0,0.0,0.0,0.0,0,3600.0,2.29,6.8,0
2025-04-12 12:00:00+00:00,15.7,28,0.0,0.0,0.0,0.0,0,3600.0,2.58,7.3,0
2025-04-12 13:00:00+00:00,16.0,23,0.0,0.0,0.0,0.0,0,3600.0,2.18,7.2,0
2025-04-12 14:00:00+00:00,16.5,22,0.0,0.0,0.0,0.0,0,3600.0,2.1,6.5,0
2025-04-12 15:00:00+00:00,16.6,23,0.0,0.0,0.0,0.0,0,3600.0,1.68,6.2,0
2025-04-12 16:00:00+00:00,16.2,25,0.0,0.0,0.0,0.0,1,3600.0,1.22,5.1,0
2025-04-12 17:00:00+00:00,15.5,29,0.0,0.0,0.0,0.0,0,3600.0,1.87,3.8,0
2025-04-12 18:00:00+00:00,13.3,41,0.0,0.0,0.0,0.0,0,3600.0,2.87,5.2,0
2025-04-12 19:00:00+00:00,10.6,64,0.0,0.0,0.0,0.0,0,0.0,2.78,5.4,0
2025-04-12 20:00:00+00:00,9.2,74,0.0,0.0,0.0,0.0,0,0.0,2.51,5.2,0
2025-04-12 21:00:00+00:00,7.8,83,0.0,0.0,0.0,0.0,20,0.0,1.75,4.6,1
2025-04-12 22:00:00+00:00,6.3,90,0.0,0.0,0.0,0.0,36,0.0,1.42,3.3,1
2025-04-12 23:00:00+00:00,5.2,94,0.0,0.0,0.0,0.0,22,0.0,1.21,2.8,1
2025-04-13 00:00:00+00:00,4.5,96,0.0,0.0,0.0,0.0,22,0.0,1.31,2.6,1
2025-04-13 01:00:00+00:00,3.5,99,0.0,0.0,0.0,0.0,38,0.0,1.41,2.9,1
2025-04-13 02:00:00+00:00,4.1,98,0.0,0.0,0.0,0.0,100,0.0,1.32,3.1,3
2025-04-13 03:00:00+00:00,4.7,98,0.0,0.0,0.0,0.0,100,0.0,1.68,3.5,3
2025-04-13 04:00:00+00:00,5.2,99,0.0,0.0,0.0,0.0,100,0.0,2.01,3.8,3
2025-04-13 05:00:00+00:00,5.4,99,0.0,0.0,0.0,0.0,100,0.0,2.38,5.0,3
2025-04-13 06:00:00+00:00,5.7,97,0.0,0.0,0.0,0.0,100,0.0,2.4,5.5,3
2025-04-13 07:00:00+00:00,6.2,94,0.0,0.0,0.0,0.0,100,0.0,2.25,5.6,3
2025-04-13 08:00:00+00:00,7.1,87,0.0,0.0,0.0,0.0,100,328.53,1.87,5.5,3
2025-04-13 09:00:00+00:00,9.0,71,0.0,0.0,0.0,0.0,98,3600.0,0.79,5.3,3
2025-04-13 10:00:00+00:00,10.3,65,0.0,0.0,0.0,0.0,100,3600.0,0.21,4.0,3
2025-04-13 11:00:00+00:00,12.8,53,0.0,0.0,0.0,0.0,100,3600.0,1.6,5.0,3
2025-04-13 12:00:00+00:00,14.4,50,0.0,0.0,0.0,0.0,100,3600.0,2.97,7.0,3
2025-04-13 13:00:00+00:00,16.1,38,0.0,0.0,0.0,0.0,100,2340.28,3.21,7.4,3
2025-04-13 14:00:00+00:00,16.0,44,0.0,0.0,0.0,0.0,100,2920.68,3.49,7.8,3
2025-04-13 15:00:00+00:00,14.1,56,0.0,0.0,0.0,0.0,100,0.0,2.25,7.9,3
2025-04-13 16:00:00+00:00,13.2,60,0.0,0.0,0.0,0.0,100,0.0,2.59,5.1,3
2025-04-13 17:00:00+00:00,12.5,62,0.0,0.0,0.0,0.0,100,0.0,3.52,7.1,3
2025-04-13 18:00:00+00:00,11.8,67,0.0,0.0,0.0,0.0,100,0.0,3.75,7.4,3
2025-04-13 19:00:00+00:00,10.4,84,0.3,0.3,0.0,0.0,100,0.0,4.79,9.2,51
2025-04-13 20:00:00+00:00,9.1,96,0.4,0.4,0.0,0.0,99,0.0,4.37,9.4,51
2025-04-13 21:00:00+00:00,8.5,98,0.0,0.0,0.0,0.0,100,0.0,4.56,9.2,3
2025-04-13 22:00:00+00:00,7.8,99,0.0,0.0,0.0,0.0,100,0.0,5.39,10.6,3
2025-04-13 23:00:00+00:00,7.4,98,0.0,0.0,0.0,0.0,47,0.0,4.41,10.3,1
2025-04-14 00:00:00+00:00,7.0,98,0.0,0.0,0.0,0.0,2,0.0,4.06,8.6,0
2025-04-14 01:00:00+00:00,6.9,98,0.0,0.0,0.0,0.0,0,0.0,4.47,9.0,0
2025-04-14 02:00:00+00:00,6.4,98,0.0,0.0,0.0,0.0,0,0.0,3.79,8.5,0
2025-04-14 03:00:00+00:00,5.9,97,0.0,0.0,0.0,0.0,2,0.0,3.08,7.3,0
2025-04-14 04:00:00+00:00,5.5,98,0.0,0.0,0.0,0.0,91,0.0,3.08,6.0,3
2025-04-14 05:00:00+00:00,5.9,96,0.0,0.0,0.0,0.0,55,0.0,3.26,6.3,2
2025-04-14 06:00:00+00:00,6.4,94,0.0,0.0,0.0,0.0,49,2584.76,3.03,6.2,1
2025-04-14 07:00:00+00:00,7.9,82,0.0,0.0,0.0,0.0,0,3600.0,2.37,5.8,0
2025-04-14 08:00:00+00:00,9.9,63,0.0,0.0,0.0,0.0,40,3600.0,2.9,7.1,1
2025-04-14 09:00:00+00:00,11.5,49,0.0,0.0,0.0,0.0,99,3600.0,3.58,8.7,3
2025-04-14 10:00:00+00:00,12.6,40,0.0,0.0,0.0,0.0,100,3600.0,3.33,8.8,3
2025-04-14 11:00:00+00:00,13.3,36,0.0,0.0,0.0,0.0,6,3600.0,3.29,8.5,0
2025-04-14 12:00:00+00:00,14.2,31,0.0,0.0,0.0,0.0,9,3600.0,3.3,8.5,0
2025-04-14 13:00:00+00:00,14.4,28,0.0,0.0,0.0,0.0,18,3600.0,3.37,8.4,0
2025-04-14 14:00:00+00:00,14.8,25,0.0,0.0,0.0,0.0,1,3600.0,3.78,8.9,0
2025-04-14 15:00:00+00:00,14.6,24,0.0,0.0,0.0,0.0,3,3600.0,4.16,9.5,0
2025-04-14 16:00:00+00:00,14.4,24,0.0,0.0,0.0,0.0,5,3600.0,4.7,10.1,0
2025-04-14 17:00:00+00:00,11.7,54,0.0,0.0,0.0,0.0,0,3600.0,5.36,10.7,0
2025-04-14 18:00:00+00:00,8.9,67,0.0,0.0,0.0,0.0,0,3600.0,5.17,11.5,0
2025-04-14 19:00:00+00:00,7.7,76,0.0,0.0,0.0,0.0,9,0.0,4.45,10.2,0
2025-04-14 20:00:00+00:00,6.8,81,0.0,0.0,0.0,0.0,0,0.0,3.7,8.6,0
2025-04-14 21:00:00+00:00,6.0,87,0.0,0.0,0.0,0.0,0,0.0,2.59,7.2,0
2025-04-14 22:00:00+00:00,5.4,90,0.0,0.0,0.0,0.0,0,0.0,2.2,5.1,0
2025-04-14 23:00:00+00:00,5.1,91,0.0,0.0,0.0,0.0,59,0.0,2.28,4.5,2
2025-04-15 00:00:00+00:00,4.6,93,0.0,0.0,0.0,0.0,99,0.0,2.03,4.5,3
2025-04-15 01:00:00+00:00,2.5,99,0.0,0.0,0.0,0.0,96,0.0,1.32,2.9,3
2025-04-15 02:00:00+00:00,2.8,100,0.0,0.0,0.0,0.0,100,0.0,1.24,2.9,3
2025-04-15 03:00:00+00:00,4.0,100,0.0,0.0,0.0,0.0,100,0.0,1.44,3.1,3
2025-04-15 04:00:00+00:00,4.1,100,0.0,0.0,0.0,0.0,100,0.0,1.62,3.3,3
2025-04-15 05:00:00+00:00,4.2,100,0.0,0.0,0.0,0.0,100,0.0,1.84,3.8,3
2025-04-15 06:00:00+00:00,4.8,96,0.0,0.0,0.0,0.0,100,0.0,1.94,4.5,3
2025-04-15 07:00:00+00:00,5.6,92,0.0,0.0,0.0,0.0,100,0.0,2.04,4.8,3
2025-04-15 08:00:00+00:00,7.2,77,0.0,0.0,0.0,0.0,100,2703.48,1.62,5.1,3
2025-04-15 09:00:00+00:00,8.7,63,0.0,0.0,0.0,0.0,66,3600.0,1.21,4.7,2
2025-04-15 10:00:00+00:00,10.5,50,0.0,0.0,0.0,0.0,1,3600.0,1.25,4.9,0
2025-04-15 11:00:00+00:00,12.5,41,0.0,0.0,0.0,0.0,100,3600.0,1.86,5.5,3
2025-04-15 12:00:00+00:00,14.1,33,0.0,0.0,0.0,0.0,52,3600.0,1.87,6.4,2
2025-04-15 13:00:00+00:00,14.7,33,0.0,0.0,0.0,0.0,94,3600.0,1.96,5.5,3
2025-04-15 14:00:00+00:00,14.8,36,0.0,0.0,0.0,0.0,100,3600.0,3.18,7.4,3
2025-04-15 15:00:00+00:00,14.1,43,0.0,0.0,0.0,0.0,91,3600.0,3.25,7.8,3
2025-04-15 16:00:00+00:00,14.0,45,0.0,0.0,0.0,0.0,100,3600.0,3.51,7.9,3
2025-04-15 17:00:00+00:00,13.5,46,0.0,0.0,0.0,0.0,92,3600.0,3.42,7.9,3
2025-04-15 18:00:00+00:00,12.1,52,0.0,0.0,0.0,0.0,93,3600.0,2.07,6.6,3
2025-04-15 19:00:00+00:00,10.7,57,0.0,0.0,0.0,0.0,92,0.0,2.84,5.2,3
2025-04-15 20:00:00+00:00,10.2,59,0.0,0.0,0.0,0.0,100,0.0,3.02,6.2,3
2025-04-15 21:00:00+00:00,8.4,88,2.9,2.9,0.0,0.0,100,0.0,2.04,5.8,63
2025-04-15 22:00:00+00:00,8.3,88,0.2,0.2,0.0,0.0,100,0.0,3.5,6.3,51
2025-04-15 23:00:00+00:00,8.3,84,0.1,0.1,0.0,0.0,100,0.0,3.71,6.6,51
2025-04-16 00:00:00+00:00,8.1,83,0.0,0.0,0.0,0.0,100,0.0,4.08,7.8,3
2025-04-16 01:00:00+00:00,9.3,78,1.4,1.4,0.0,0.0,100,0.0,4.07,9.3,61
2025-04-16 02:00:00+00:00,8.7,82,0.0,0.0,0.0,0.0,99,0.0,4.04,9.5,3
2025-04-16 03:00:00+00:00,8.1,81,0.0,0.0,0.0,0.0,54,0.0,4.03,8.3,2
2025-04-16 04:00:00+00:00,7.5,84,0.0,0.0,0.0,0.0,98,0.0,3.65,7.7,3
2025-04-16 05:00:00+00:00,7.6,83,0.0,0.0,0.0,0.0,100,714.87,3.75,7.3,3
2025-04-16 06:00:00+00:00,8.6,78,0.0,0.0,0.0,0.0,98,1158.87,3.33,7.3,3
2025-04-16 07:00:00+00:00,9.6,75,0.0,0.0,0.0,0.0,99,2276.98,1.39,6.5,3
2025-04-16 08:00:00+00:00,9.7,83,1.0,1.0,0.0,0.0,100,1023.5,2.2,4.8,55
2025-04-16 09:00:00+00:00,10.8,78,0.0,0.0,0.0,0.0,100,0.0,2.34,5.9,3
2025-04-16 10:00:00+00:00,11.2,77,0.1,0.1,0.0,0.0,100,0.0,2.32,5.5,51
2025-04-16 11:00:00+00:00,12.0,78,0.1,0.1,0.0,0.0,100,0.0,2.14,5.7,51
2025-04-16 12:00:00+00:00,12.7,81,0.4,0.4,0.0,0.0,100,0.0,2.26,6.0,51
2025-04-16 13:00:00+00:00,11.8,94,1.6,1.6,0.0,0.0,100,0.0,1.6,4.2,61
2025-04-16 14:00:00+00:00,11.4,99,0.2,0.2,0.0,0.0,100,0.0,0.4,3.9,51
2025-04-16 15:00:00+00:00,11.2,99,0.2,0.2,0.0,0.0,100,0.0,0.74,2.1,51
2025-04-16 16:00:00+00:00,11.5,98,0.1,0.1,0.0,0.0,100,0.0,0.43,1.9,51
2025-04-16 17:00:00+00:00,10.8,100,0.0,0.0,0.0,0.0,100,0.0,0.65,1.6,3
2025-04-16 18:00:00+00:00,10.3,100,0.0,0.0,0.0,0.0,100,0.0,0.76,1.8,3
2025-04-16 19:00:00+00:00,10.0,100,0.0,0.0,0.0,0.0,100,0.0,0.16,1.5,3
2025-04-16 20:00:00+00:00,9.7,100,0.0,0.0,0.0,0.0,100,0.0,0.46,1.0,3
2025-04-16 21:00:00+00:00,9.3,100,0.0,0.0,0.0,0.0,100,0.0,0.46,1.2,3
2025-04-16 22:00:00+00:00,9.0,100,0.0,0.0,0.0,0.0,100,0.0,0.43,1.1,3
2025-04-16 23:00:00+00:00,8.8,100,0.0,0.0,0.0,0.0,100,0.0,0.45,1.1,3
2025-04-17 00:00:00+00:00,8.8,100,0.0,0.0,0.0,0.0,100,0.0,0.25,1.0,3
2025-04-17 01:00:00+00:00,9.7,100,0.0,0.0,0.0,0.0,100,0.0,0.39,1.0,3
2025-04-17 02:00:00+00:00,9.1,100,0.0,0.0,0.0,0.0,100,0.0,0.71,1.1,3
2025-04-17 03:00:00+00:00,9.0,100,0.0,0.0,0.0,0.0,100,0.0,0.45,1.1,3
2025-04-17 04:00:00+00:00,9.1,100,0.0,0.0,0.0,0.0,100,0.0,0.75,1.7,3
2025-04-17 05:00:00+00:00,9.3,100,0.0,0.0,0.0,0.0,100,0.0,1.07,2.1,3
2025-04-17 06:00:00+00:00,9.8,99,0.0,0.0,0.0,0.0,100,0.0,1.19,2.5,3
2025-04-17 07:00:00+00:00,11.0,98,0.0,0.0,0.0,0.0,100,0.0,1.27,3.3,3
2025-04-17 08:00:00+00:00,12.4,93,0.0,0.0,0.0,0.0,100,0.0,1.9,4.4,3
2025-04-17 09:00:00+00:00,13.4,89,0.0,0.0,0.0,0.0,100,0.0,2.3,5.3,3
2025-04-17 10:00:00+00:00,13.7,86,0.1,0.1,0.0,0.0,100,0.95,1.62,5.3,51
2025-04-17 11:00:00+00:00,13.5,89,0.2,0.2,0.0,0.0,100,0.0,0.8,4.4,51
2025-04-17 12:00:00+00:00,14.3,86,0.1,0.1,0.0,0.0,100,0.0,1.13,3.7,51
2025-04-17 13:00:00+00:00,13.4,95,0.0,0.0,0.0,0.0,100,0.0,0.56,3.1,3
2025-04-17 14:00:00+00:00,14.0,91,0.1,0.1,0.0,0.0,86,0.0,0.32,2.8,51
2025-04-17 15:00:00+00:00,14.5,90,0.0,0.0,0.0,0.0,98,0.0,0.45,2.5,3
2025-04-17 16:00:00+00:00,14.5,89,0.1,0.1,0.0,0.0,100,327.35,1.07,3.1,51
2025-04-17 17:00:00+00:00,13.3,96,0.0,0.0,0.0,0.0,97,0.0,1.29,3.1,3
2025-04-17 18:00:00+00:00,12.2,100,0.1,0.1,0.0,0.0,100,0.0,1.82,3.2,51
2025-04-17 19:00:00+00:00,11.4,100,0.1,0.1,0.0,0.0,100,0.0,1.36,3.3,51
2025-04-17 20:00:00+00:00,10.3,100,0.1,0.1,0.0,0.0,100,0.0,0.72,2.6,51
2025-04-17 21:00:00+00:00,10.2,98,0.4,0.4,0.0,0.0,100,0.0,1.86,3.6,51
2025-04-17 22:00:00+00:00,9.4,98,1.1,1.1,0.0,0.0,100,0.0,0.76,3.2,55
2025-04-17 23:00:00+00:00,9.1,99,0.2,0.2,0.0,0.0,100,0.0,1.5,2.5,51
2025-04-18 00:00:00+00:00,8.3,97,0.0,0.0,0.0,0.0,100,0.0,1.93,3.9,3
2025-04-18 01:00:00+00:00,7.5,99,0.3,0.3,0.0,0.0,100,0.0,1.1,2.5,51
2025-04-18 02:00:00+00:00,6.9,98,0.1,0.1,0.0,0.0,85,0.0,0.7,2.0,51
2025-04-18 03:00:00+00:00,6.2,99,0.0,0.0,0.0,0.0,100,0.0,0.76,1.5,3
2025-04-18 04:00:00+00:00,5.7,100,0.0,0.0,0.0,0.0,64,0.0,0.72,1.9,2
2025-04-18 05:00:00+00:00,5.8,99,0.0,0.0,0.0,0.0,88,2331.16,0.54,1.5,3
2025-04-18 06:00:00+00:00,6.6,96,0.0,0.0,0.0,0.0,29,3600.0,0.5,2.3,1
2025-04-18 07:00:00+00:00,8.0,92,0.0,0.0,0.0,0.0,16,3600.0,0.6,3.1,0
2025-04-18 08:00:00+00:00,10.0,77,0.0,0.0,0.0,0.0,14,3600.0,0.76,3.8,0
2025-04-18 09:00:00+00:00,12.1,63,0.0,0.0,0.0,0.0,100,3600.0,1.04,4.4,3
2025-04-18 10:00:00+00:00,13.9,56,0.0,0.0,0.0,0.0,81,3600.0,1.28,4.9,3
2025-04-18 11:00:00+00:00,15.2,50,0.0,0.0,0.0,0.0,55,3600.0,1.72,5.7,2
2025-04-18 12:00:00+00:00,16.0,45,0.0,0.0,0.0,0.0,52,3600.0,1.88,6.0,2
2025-04-18 13:00:00+00:00,15.8,40,0.0,0.0,0.0,0.0,100,3600.0,1.62,5.4,3
2025-04-18 14:00:00+00:00,15.6,39,0.0,0.0,0.0,0.0,99,3600.0,1.95,5.4,3
2025-04-18 15:00:00+00:00,15.6,38,0.0,0.0,0.0,0.0,99,3600.0,1.97,5.5,3
2025-04-18 16:00:00+00:00,14.9,38,0.0,0.0,0.0,0.0,100,3600.0,2.13,5.3,3
2025-04-18 17:00:00+00:00,14.0,42,0.0,0.0,0.0,0.0,100,3600.0,1.84,4.8,3
2025-04-18 18:00:00+00:00,11.5,54,0.0,0.0,0.0,0.0,100,2820.91,0.67,3.3,3
2025-04-18 19:00:00+00:00,10.8,48,0.0,0.0,0.0,0.0,100,0.0,0.16,1.1,3
2025-04-18 20:00:00+00:00,10.0,50,0.0,0.0,0.0,0.0,100,0.0,0.36,0.7,3
2025-04-18 21:00:00+00:00,8.5,64,0.0,0.0,0.0,0.0,100,0.0,0.72,1.5,3
2025-04-18 22:00:00+00:00,7.8,78,0.0,0.0,0.0,0.0,100,0.0,1.23,2.5,3
2025-04-18 23:00:00+00:00,7.7,79,0.0,0.0,0.0,0.0,100,0.0,2.03,3.8,3
2025-04-19 00:00:00+00:00,7.9,68,0.0,0.0,0.0,0.0,97,0.0,1.93,3.9,3
2025-04-19 01:00:00+00:00,6.6,74,0.0,0.0,0.0,0.0,100,0.0,1.65,3.7,3
2025-04-19 02:00:00+00:00,5.9,77,0.0,0.0,0.0,0.0,100,0.0,1.7,3.4,3
2025-04-19 03:00:00+00:00,5.9,76,0.0,0.0,0.0,0.0,100,0.0,1.78,3.8,3
2025-04-19 04:00:00+00:00,6.7,71,0.0,0.0,0.0,0.0,100,0.0,2.42,4.8,3
2025-04-19 05:00:00+00:00,7.8,69,0.0,0.0,0.0,0.0,100,0.0,3.1,6.0,3
2025-04-19 06:00:00+00:00,9.5,71,0.0,0.0,0.0,0.0,100,0.0,3.85,7.5,3
2025-04-19 07:00:00+00:00,9.6,77,0.2,0.2,0.0,0.0,100,0.0,4.62,8.8,51
2025-04-19 08:00:00+00:00,9.2,81,0.3,0.3,0.0,0.0,100,0.0,5.09,10.1,51
2025-04-19 09:00:00+00:00,9.8,80,0.2,0.2,0.0,0.0,100,0.0,5.02,10.1,51
2025-04-19 10:00:00+00:00,10.1,78,0.1,0.1,0.0,0.0,100,0.0,4.61,10.0,51
2025-04-19 11:00:00+00:00,10.9,72,0.0,0.0,0.0,0.0,100,0.0,4.27,9.2,3
2025-04-19 12:00:00+00:00,12.1,63,0.0,0.0,0.0,0.0,100,0.0,4.49,9.7,3
2025-04-19 13:00:00+00:00,11.2,74,0.1,0.1,0.0,0.0,100,0.0,3.82,7.9,51
2025-04-19 14:00:00+00:00,10.9,70,0.1,0.1,0.0,0.0,100,0.0,4.48,9.2,51
2025-04-19 15:00:00+00:00,10.4,71,0.1,0.1,0.0,0.0,100,0.0,5.12,10.5,51
2025-04-19 16:00:00+00:00,9.4,76,0.2,0.2,0.0,0.0,100,0.0,4.93,10.6,51
2025-04-19 17:00:00+00:00,8.6,82,0.3,0.3,0.0,0.0,100,0.0,4.48,10.1,51
2025-04-19 18:00:00+00:00,8.0,86,0.3,0.3,0.0,0.0,100,0.0,4.22,8.9,51
2025-04-19 19:00:00+00:00,7.5,90,0.8,0.8,0.0,0.0,100,0.0,4.08,8.4,53
2025-04-19 20:00:00+00:00,7.0,94,0.8,0.8,0.0,0.0,100,0.0,3.3,8.0,53
2025-04-19 21:00:00+00:00,6.8,95,0.9,0.9,0.0,0.0,100,0.0,3.13,6.8,53
2025-04-19 22:00:00+00:00,6.7,95,0.5,0.5,0.0,0.0,100,0.0,3.03,6.5,53
2025-04-19 23:00:00+00:00,6.6,95,0.6,0.6,0.0,0.0,100,0.0,3.0,6.3,53
2025-04-20 00:00:00+00:00,6.5,95,0.2,0.2,0.0,0.0,100,0.0,3.19,6.6,51
2025-04-20 01:00:00+00:00,6.6,95,1.0,1.0,0.0,0.0,100,0.0,1.89,5.5,55
2025-04-20 02:00:00+00:00,6.6,96,0.9,0.9,0.0,0.0,100,0.0,2.26,4.5,53
2025-04-20 03:00:00+00:00,6.6,94,0.4,0.4,0.0,0.0,100,0.0,4.14,8.3,51
2025-04-20 04:00:00+00:00,6.5,90,0.1,0.1,0.0,0.0,100,0.0,4.75,9.3,51
2025-04-20 05:00:00+00:00,6.4,89,0.0,0.0,0.0,0.0,100,0.0,4.81,9.5,3
2025-04-20 06:00:00+00:00,6.4,86,0.0,0.0,0.0,0.0,100,0.0,4.74,9.6,3
2025-04-20 07:00:00+00:00,6.9,80,0.0,0.0,0.0,0.0,100,0.0,4.54,10.0,3
2025-04-20 08:00:00+00:00,7.3,75,0.0,0.0,0.0,0.0,100,0.0,4.52,10.3,3
2025-04-20 09:00:00+00:00,7.5,73,0.1,0.1,0.0,0.0,100,0.0,5.06,10.6,51
2025-04-20 10:00:00+00:00,7.6,72,0.1,0.1,0.0,0.0,100,0.0,4.95,10.8,51
2025-04-20 11:00:00+00:00,7.7,72,0.2,0.2,0.0,0.0,100,0.0,4.53,10.6,51
2025-04-20 12:00:00+00:00,8.1,70,0.1,0.1,0.0,0.0,100,0.0,4.31,9.7,51
2025-04-20 13:00:00+00:00,8.3,73,0.1,0.1,0.0,0.0,100,0.0,4.49,9.8,51
2025-04-20 14:00:00+00:00,8.1,73,0.1,0.1,0.0,0.0,100,0.0,4.56,10.0,51
2025-04-20 15:00:00+00:00,7.8,78,0.2,0.2,0.0,0.0,100,0.0,3.5,9.8,51
2025-04-20 16:00:00+00:00,7.5,82,0.2,0.2,0.0,0.0,100,0.0,3.29,7.3,51
2025-04-20 17:00:00+00:00,7.6,81,0.0,0.0,0.0,0.0,100,0.0,2.9,6.9,3
2025-04-20 18:00:00+00:00,7.3,82,0.0,0.0,0.0,0.0,100,0.0,2.45,6.0,3
2025-04-20 19:00:00+00:00,6.1,88,0.0,0.0,0.0,0.0,100,0.0,1.59,5.1,3
2025-04-20 20:00:00+00:00,5.2,92,0.0,0.0,0.0,0.0,100,0.0,1.18,3.5,3
2025-04-20 21:00:00+00:00,4.7,93,0.0,0.0,0.0,0.0,44,0.0,0.89,2.6,1
2025-04-20 22:00:00+00:00,3.9,95,0.0,0.0,0.0,0.0,10,0.0,0.73,2.1,0
2025-04-20 23:00:00+00:00,3.3,96,0.0,0.0,0.0,0.0,16,0.0,0.9,2.1,0
2025-04-21 00:00:00+00:00,2.6,97,0.0,0.0,0.0,0.0,6,0.0,1.11,2.4,0
2025-04-21 01:00:00+00:00,4.2,94,0.0,0.0,0.0,0.0,97,0.0,1.05,2.5,3
2025-04-21 02:00:00+00:00,4.1,95,0.0,0.0,0.0,0.0,92,0.0,1.01,2.4,3
2025-04-21 03:00:00+00:00,3.5,96,0.0,0.0,0.0,0.0,26,0.0,1.11,2.4,1
2025-04-21 04:00:00+00:00,3.2,97,0.0,0.0,0.0,0.0,0,0.0,1.2,2.6,0
2025-04-21 05:00:00+00:00,4.5,94,0.0,0.0,0.0,0.0,0,3600.0,1.56,3.0,0
2025-04-21 06:00:00+00:00,6.0,86,0.0,0.0,0.0,0.0,2,3600.0,1.58,4.1,0
2025-04-21 07:00:00+00:00,7.6,77,0.0,0.0,0.0,0.0,0,3600.0,1.54,4.5,0
2025-04-21 08:00:00+00:00,9.1,62,0.0,0.0,0.0,0.0,0,3600.0,2.02,5.6,0
2025-04-21 09:00:00+00:00,10.5,47,0.0,0.0,0.0,0.0,2,3600.0,2.26,6.3,0
2025-04-21 10:00:00+00:00,11.6,40,0.0,0.0,0.0,0.0,0,3600.0,2.3,6.5,0
2025-04-21 11:00:00+00:00,12.7,36,0.0,0.0,0.0,0.0,46,3600.0,2.43,6.8,1
2025-04-21 12:00:00+00:00,13.1,37,0.0,0.0,0.0,0.0,100,3600.0,2.52,6.8,3
2025-04-21 13:00:00+00:00,12.0,47,0.0,0.0,0.0,0.0,100,2669.27,2.75,6.6,3
2025-04-21 14:00:00+00:00,11.6,49,0.0,0.0,0.0,0.0,100,0.0,2.58,6.7,3
2025-04-21 15:00:00+00:00,11.6,49,0.0,0.0,0.0,0.0,100,0.0,2.3,5.9,3
2025-04-21 16:00:00+00:00,11.5,49,0.0,0.0,0.0,0.0,100,0.0,2.09,5.4,3
2025-04-21 17:00:00+00:00,10.6,54,0.0,0.0,0.0,0.0,100,0.0,1.67,4.3,3
2025-04-21 18:00:00+00:00,9.6,60,0.0,0.0,0.0,0.0,100,0.0,2.55,4.9,3
2025-04-21 19:00:00+00:00,8.7,66,0.0,0.0,0.0,0.0,100,0.0,1.96,5.0,3
2025-04-21 20:00:00+00:00,7.7,75,0.0,0.0,0.0,0.0,100,0.0,1.04,3.6,3
2025-04-21 21:00:00+00:00,7.3,80,0.0,0.0,0.0,0.0,100,0.0,0.41,1.9,3
2025-04-21 22:00:00+00:00,6.7,87,0.0,0.0,0.0,0.0,100,0.0,0.82,1.6,3
2025-04-21 23:00:00+00:00,6.6,88,0.0,0.0,0.0,0.0,100,0.0,1.1,2.2,3
2025-04-22 00:00:00+00:00,6.4,90,0.1,0.1,0.0,0.0,100,0.0,1.04,2.3,51
2025-04-22 01:00:00+00:00,6.0,96,0.3,0.3,0.0,0.0,100,0.0,1.62,3.3,51
2025-04-22 02:00:00+00:00,5.8,97,0.2,0.2,0.0,0.0,100,0.0,1.68,3.4,51
2025-04-22 03:00:00+00:00,5.7,97,0.1,0.1,0.0,0.0,100,0.0,1.8,3.7,51
2025-04-22 04:00:00+00:00,5.6,97,0.1,0.1,0.0,0.0,100,0.0,1.78,3.7,51
2025-04-22 05:00:00+00:00,5.7,98,0.1,0.1,0.0,0.0,100,0.0,1.7,3.6,51
2025-04-22 06:00:00+00:00,5.8,96,0.0,0.0,0.0,0.0,100,0.0,2.27,4.4,3
2025-04-22 07:00:00+00:00,5.9,94,0.1,0.1,0.0,0.0,100,0.0,2.84,5.5,51
2025-04-22 08:00:00+00:00,6.1,93,0.1,0.1,0.0,0.0,100,0.0,3.02,6.6,51
2025-04-22 09:00:00+00:00,6.3,91,0.1,0.1,0.0,0.0,100,0.0,3.01,6.5,51
2025-04-22 10:00:00+00:00,6.6,88,0.1,0.1,0.0,0.0,100,0.0,3.17,6.7,51
2025-04-22 11:00:00+00:00,6.5,89,0.3,0.3,0.0,0.0,100,0.0,2.91,6.7,51
2025-04-22 12:00:00+00:00,6.7,90,0.4,0.4,0.0,0.0,100,0.0,2.62,6.0,51
2025-04-22 13:00:00+00:00,6.8,96,0.5,0.5,0.0,0.0,100,0.0,2.31,5.0,53
2025-04-22 14:00:00+00:00,6.9,94,0.1,0.1,0.0,0.0,100,0.0,2.2,4.8,51
2025-04-22 15:00:00+00:00,7.2,90,0.0,0.0,0.0,0.0,100,0.0,2.12,4.9,3
2025-04-22 16:00:00+00:00,7.4,88,0.0,0.0,0.0,0.0,98,0.0,2.02,4.7,3
2025-04-22 17:00:00+00:00,7.4,87,0.0,0.0,0.0,0.0,99,0.0,1.68,4.3,3
2025-04-22 18:00:00+00:00,7.1,88,0.0,0.0,0.0,0.0,79,0.0,1.17,3.6,2
2025-04-22 19:00:00+00:00,6.2,93,0.0,0.0,0.0,0.0,76,0.0,1.01,2.3,2
2025-04-22 20:00:00+00:00,4.7,97,0.0,0.0,0.0,0.0,52,0.0,0.86,2.1,2
2025-04-22 21:00:00+00:00,4.2,99,0.0,0.0,0.0,0.0,15,0.0,1.08,2.2,0
2025-04-22 22:00:00+00:00,3.6,100,0.0,0.0,0.0,0.0,20,0.0,0.85,2.2,1
2025-04-22 23:00:00+00:00,3.0,100,0.0,0.0,0.0,0.0,100,0.0,0.72,1.9,3
2025-04-23 00:00:00+00:00,3.0,100,0.0,0.0,0.0,0.0,100,0.0,0.71,1.9,3
2025-04-23 01:00:00+00:00,3.2,100,0.0,0.0,0.0,0.0,100,0.0,0.51,1.8,3
2025-04-23 02:00:00+00:00,2.7,100,0.0,0.0,0.0,0.0,100,0.0,0.69,2.1,3
2025-04-23 03:00:00+00:00,3.0,100,0.0,0.0,0.0,0.0,100,0.0,0.63,2.0,3
2025-04-23 04:00:00+00:00,2.8,100,0.0,0.0,0.0,0.0,100,0.0,0.97,2.4,3
2025-04-23 05:00:00+00:00,3.0,100,0.0,0.0,0.0,0.0,100,0.0,1.19,3.0,3
2025-04-23 06:00:00+00:00,4.3,98,0.0,0.0,0.0,0.0,99,2551.53,0.92,3.2,3
2025-04-23 07:00:00+00:00,6.4,93,0.0,0.0,0.0,0.0,83,3600.0,0.63,3.5,3
2025-04-23 08:00:00+00:00,8.7,83,0.0,0.0,0.0,0.0,64,3600.0,1.26,4.3,2
2025-04-23 09:00:00+00:00,10.8,62,0.0,0.0,0.0,0.0,98,3600.0,3.0,7.3,3
2025-04-23 10:00:00+00:00,11.5,55,0.0,0.0,0.0,0.0,98,3600.0,3.25,8.0,3
2025-04-23 11:00:00+00:00,12.8,49,0.0,0.0,0.0,0.0,97,3600.0,3.18,8.2,3
2025-04-23 12:00:00+00:00,13.7,44,0.0,0.0,0.0,0.0,100,3600.0,2.77,7.9,3
2025-04-23 13:00:00+00:00,13.1,45,0.0,0.0,0.0,0.0,100,3600.0,2.65,7.3,3
2025-04-23 14:00:00+00:00,13.7,42,0.0,0.0,0.0,0.0,83,3600.0,2.02,6.9,3
2025-04-23 15:00:00+00:00,13.8,40,0.0,0.0,0.0,0.0,62,3600.0,1.81,5.7,2
2025-04-23 16:00:00+00:00,13.2,40,0.0,0.0,0.0,0.0,43,3600.0,2.41,5.6,1
2025-04-23 17:00:00+00:00,12.2,44,0.0,0.0,0.0,0.0,71,3600.0,2.93,6.3,2
2025-04-23 18:00:00+00:00,10.9,46,0.0,0.0,0.0,0.0,89,3600.0,3.03,6.0,3
2025-04-23 19:00:00+00:00,9.2,49,0.0,0.0,0.0,0.0,100,1066.07,3.24,6.2,3
2025-04-23 20:00:00+00:00,8.1,52,0.0,0.0,0.0,0.0,84,0.0,3.08,6.3,3
2025-04-23 21:00:00+00:00,7.6,53,0.0,0.0,0.0,0.0,98,0.0,3.11,6.0,3
2025-04-23 22:00:00+00:00,7.5,50,0.0,0.0,0.0,0.0,98,0.0,2.79,6.2,3
2025-04-23 23:00:00+00:00,7.1,53,0.0,0.0,0.0,0.0,100,0.0,1.44,5.5,3
2025-04-24 00:00:00+00:00,6.6,62,0.0,0.0,0.0,0.0,100,0.0,0.94,2.9,3
2025-04-24 01:00:00+00:00,6.9,58,0.0,0.0,0.0,0.0,99,0.0,1.77,3.4,3
2025-04-24 02:00:00+00:00,6.1,67,0.0,0.0,0.0,0.0,90,0.0,2.02,3.9,3
2025-04-24 03:00:00+00:00,5.8,74,0.0,0.0,0.0,0.0,42,0.0,1.66,3.9,1
2025-04-24 04:00:00+00:00,5.2,89,0.0,0.0,0.0,0.0,100,0.0,1.32,3.2,3
2025-04-24 05:00:00+00:00,6.2,87,0.0,0.0,0.0,0.0,100,0.0,2.01,4.4,3
2025-04-24 06:00:00+00:00,6.2,85,0.1,0.1,0.0,0.0,99,0.0,2.43,5.1,51
2025-04-24 07:00:00+00:00,6.5,84,0.1,0.1,0.0,0.0,100,1875.41,2.84,6.3,51
2025-04-24 08:00:00+00:00,7.6,80,0.0,0.0,0.0,0.0,100,3600.0,2.89,6.9,3
2025-04-24 09:00:00+00:00,8.4,76,0.0,0.0,0.0,0.0,100,3600.0,2.67,7.5,3
2025-04-24 10:00:00+00:00,9.0,74,0.0,0.0,0.0,0.0,100,1711.43,1.7,6.9,3
2025-04-24 11:00:00+00:00,9.7,72,0.0,0.0,0.0,0.0,97,26.87,1.19,5.1,3
2025-04-24 12:00:00+00:00,10.7,66,0.1,0.1,0.0,0.0,60,3600.0,0.43,4.2,51
2025-04-24 13:00:00+00:00,10.9,62,0.1,0.1,0.0,0.0,63,3600.0,1.62,4.7,51
2025-04-24 14:00:00+00:00,10.6,59,0.0,0.0,0.0,0.0,51,3600.0,4.42,9.8,2
2025-04-24 15:00:00+00:00,10.4,58,0.0,0.0,0.0,0.0,50,3600.0,4.34,10.7,2
2025-04-24 16:00:00+00:00,10.2,53,0.0,0.0,0.0,0.0,53,3600.0,4.05,9.8,2
2025-04-24 17:00:00+00:00,10.0,52,0.0,0.0,0.0,0.0,67,3600.0,3.5,8.8,2
2025-04-24 18:00:00+00:00,8.8,61,0.0,0.0,0.0,0.0,94,3600.0,2.72,7.4,3
2025-04-24 19:00:00+00:00,7.8,63,0.0,0.0,0.0,0.0,100,0.0,2.84,5.8,3
2025-04-24 20:00:00+00:00,7.3,57,0.0,0.0,0.0,0.0,50,0.0,4.42,8.5,2
2025-04-24 21:00:00+00:00,6.0,45,0.0,0.0,0.0,0.0,92,0.0,4.99,10.6,3
2025-04-24 22:00:00+00:00,5.2,47,0.0,0.0,0.0,0.0,67,0.0,4.35,10.2,2
2025-04-24 23:00:00+00:00,4.7,49,0.0,0.0,0.0,0.0,91,0.0,3.62,9.0,3
2025-04-25 00:00:00+00:00,4.0,54,0.0,0.0,0.0,0.0,87,0.0,3.19,7.6,3
2025-04-25 01:00:00+00:00,2.7,63,0.0,0.0,0.0,0.0,54,0.0,3.34,7.1,2
2025-04-25 02:00:00+00:00,2.1,69,0.0,0.0,0.0,0.0,20,0.0,3.4,7.4,1
2025-04-25 03:00:00+00:00,1.2,74,0.0,0.0,0.0,0.0,6,0.0,3.0,7.4,0
2025-04-25 04:00:00+00:00,0.7,77,0.0,0.0,0.0,0.0,5,0.0,2.83,6.2,0
2025-04-25 05:00:00+00:00,1.3,70,0.0,0.0,0.0,0.0,1,3600.0,2.9,6.3,0
2025-04-25 06:00:00+00:00,2.5,61,0.0,0.0,0.0,0.0,12,3600.0,3.08,7.1,0
2025-04-25 07:00:00+00:00,3.7,52,0.0,0.0,0.0,0.0,8,3600.0,3.01,7.5,0
2025-04-25 08:00:00+00:00,4.9,45,0.0,0.0,0.0,0.0,8,3600.0,2.3,7.4,0
2025-04-25 09:00:00+00:00,6.1,40,0.0,0.0,0.0,0.0,0,3600.0,1.28,6.4,0
2025-04-25 10:00:00+00:00,7.0,39,0.0,0.0,0.0,0.0,9,3600.0,0.5,5.0,0
2025-04-25 11:00:00+00:00,8.4,37,0.0,0.0,0.0,0.0,43,3600.0,1.11,4.6,1
2025-04-25 12:00:00+00:00,9.0,37,0.0,0.0,0.0,0.0,21,3600.0,3.65,9.0,1
2025-04-25 13:00:00+00:00,8.6,40,0.0,0.0,0.0,0.0,91,3600.0,3.21,8.2,3
2025-04-25 14:00:00+00:00,8.8,40,0.0,0.0,0.0,0.0,78,3600.0,3.7,8.8,2
2025-04-25 15:00:00+00:00,9.2,38,0.0,0.0,0.0,0.0,16,3600.0,3.83,9.4,0
2025-04-25 16:00:00+00:00,9.5,35,0.0,0.0,0.0,0.0,1,3600.0,2.56,8.7,0
2025-04-25 17:00:00+00:00,9.5,36,0.0,0.0,0.0,0.0,0,3600.0,1.33,6.0,0
2025-04-25 18:00:00+00:00,8.1,52,0.0,0.0,0.0,0.0,0,3600.0,0.14,3.0,0
2025-04-25 19:00:00+00:00,6.1,57,0.0,0.0,0.0,0.0,0,3119.05,0.35,0.8,0
2025-04-25 20:00:00+00:00,4.6,72,0.0,0.0,0.0,0.0,21,0.0,1.55,3.0,1
2025-04-25 21:00:00+00:00,4.2,74,0.0,0.0,0.0,0.0,1,0.0,0.92,3.0,0
2025-04-25 22:00:00+00:00,3.7,76,0.0,0.0,0.0,0.0,0,0.0,0.92,2.1,0
2025-04-25 23:00:00+00:00,3.2,78,0.0,0.0,0.0,0.0,9,0.0,1.17,2.4,0
2025-04-26 00:00:00+00:00,2.9,75,0.0,0.0,0.0,0.0,54,0.0,1.29,2.7,2
2025-04-26 01:00:00+00:00,2.6,75,0.0,0.0,0.0,0.0,81,0.0,0.5,1.4,3
2025-04-26 02:00:00+00:00,2.3,80,0.0,0.0,0.0,0.0,72,0.0,0.4,1.4,2
2025-04-26 03:00:00+00:00,1.6,93,0.0,0.0,0.0,0.0,70,0.0,0.5,1.4,2
2025-04-26 04:00:00+00:00,1.1,98,0.0,0.0,0.0,0.0,12,0.0,0.75,1.8,0
2025-04-26 05:00:00+00:00,2.7,92,0.0,0.0,0.0,0.0,15,3600.0,1.54,3.2,0
2025-04-26 06:00:00+00:00,3.9,78,0.0,0.0,0.0,0.0,4,3600.0,1.59,4.1,0
2025-04-26 07:00:00+00:00,5.6,66,0.0,0.0,0.0,0.0,9,3600.0,1.27,4.2,0
2025-04-26 08:00:00+00:00,7.3,57,0.0,0.0,0.0,0.0,22,3600.0,0.75,4.2,1
2025-04-26 09:00:00+00:00,8.9,51,0.0,0.0,0.0,0.0,92,3600.0,0.25,3.8,3
2025-04-26 10:00:00+00:00,10.1,48,0.0,0.0,0.0,0.0,100,3600.0,0.81,4.3,3
2025-04-26 11:00:00+00:00,11.1,46,0.0,0.0,0.0,0.0,97,3600.0,1.33,5.1,3
2025-04-26 12:00:00+00:00,11.9,45,0.0,0.0,0.0,0.0,83,3600.0,2.24,6.5,3
2025-04-26 13:00:00+00:00,12.6,42,0.0,0.0,0.0,0.0,81,3600.0,2.63,7.1,3
2025-04-26 14:00:00+00:00,12.8,42,0.0,0.0,0.0,0.0,81,3600.0,3.02,7.5,3
2025-04-26 15:00:00+00:00,12.4,44,0.0,0.0,0.0,0.0,72,3600.0,3.64,8.5,2
2025-04-26 16:00:00+00:00,11.8,44,0.0,0.0,0.0,0.0,4,3600.0,3.81,8.8,0
2025-04-26 17:00:00+00:00,10.9,44,0.0,0.0,0.0,0.0,4,3600.0,3.7,8.4,0
2025-04-26 18:00:00+00:00,9.3,50,0.0,0.0,0.0,0.0,10,3600.0,3.41,7.8,0
2025-04-26 19:00:00+00:00,7.4,59,0.0,0.0,0.0,0.0,5,3265.18,2.93,6.7,0
2025-04-26 20:00:00+00:00,6.3,65,0.0,0.0,0.0,0.0,12,0.0,2.73,5.7,0
2025-04-26 21:00:00+00:00,5.6,67,0.0,0.0,0.0,0.0,85,0.0,2.66,5.4,3
2025-04-26 22:00:00+00:00,5.2,67,0.0,0.0,0.0,0.0,85,0.0,2.74,5.5,3
2025-04-26 23:00:00+00:00,4.7,70,0.0,0.0,0.0,0.0,69,0.0,2.66,5.5,2
2025-04-27 00:00:00+00:00,4.3,76,0.0,0.0,0.0,0.0,89,0.0,2.73,5.5,3
2025-04-27 01:00:00+00:00,3.4,80,0.0,0.0,0.0,0.0,90,0.0,2.07,4.8,3
2025-04-27 02:00:00+00:00,3.4,82,0.0,0.0,0.0,0.0,99,0.0,2.17,4.6,3
2025-04-27 03:00:00+00:00,3.5,83,0.0,0.0,0.0,0.0,100,0.0,2.11,4.8,3
2025-04-27 04:00:00+00:00,3.5,86,0.0,0.0,0.0,0.0,94,0.0,2.06,4.6,3
2025-04-27 05:00:00+00:00,4.9,87,0.0,0.0,0.0,0.0,98,3600.0,2.35,4.8,3
2025-04-27 06:00:00+00:00,6.2,82,0.0,0.0,0.0,0.0,100,3600.0,2.54,5.6,3
2025-04-27 07:00:00+00:00,7.2,71,0.0,0.0,0.0,0.0,100,3600.0,2.71,6.5,3
2025-04-27 08:00:00+00:00,8.4,62,0.0,0.0,0.0,0.0,46,3600.0,2.55,6.6,1
2025-04-27 09:00:00+00:00,11.1,51,0.0,0.0,0.0,0.0,2,3600.0,3.18,7.8,0
2025-04-27 10:00:00+00:00,13.5,45,0.0,0.0,0.0,0.0,12,3600.0,4.72,10.6,0
2025-04-27 11:00:00+00:00,14.2,44,0.0,0.0,0.0,0.0,82,3600.0,5.89,13.2,3
2025-04-27 12:00:00+00:00,15.0,42,0.0,0.0,0.0,0.0,77,3600.0,5.75,13.2,2
2025-04-27 13:00:00+00:00,13.8,54,0.0,0.0,0.0,0.0,90,3600.0,6.41,13.9,3
2025-04-27 14:00:00+00:00,13.6,56,0.0,0.0,0.0,0.0,9,3600.0,7.02,15.0,0
2025-04-27 15:00:00+00:00,13.3,59,0.0,0.0,0.0,0.0,75,3600.0,6.72,15.2,2
2025-04-27 16:00:00+00:00,12.9,63,0.0,0.0,0.0,0.0,100,3600.0,5.95,14.3,3
2025-04-27 17:00:00+00:00,12.1,67,0.0,0.0,0.0,0.0,100,3600.0,5.5,12.5,3
2025-04-27 18:00:00+00:00,10.9,71,0.0,0.0,0.0,0.0,100,0.0,5.74,11.7,3
2025-04-27 19:00:00+00:00,10.2,76,0.1,0.1,0.0,0.0,100,0.0,4.83,11.5,51
2025-04-27 20:00:00+00:00,9.8,78,0.0,0.0,0.0,0.0,100,0.0,3.48,9.4,3
2025-04-27 21:00:00+00:00,9.7,78,0.0,0.0,0.0,0.0,100,0.0,3.14,6.9,3
2025-04-27 22:00:00+00:00,7.6,85,0.0,0.0,0.0,0.0,100,0.0,1.7,6.0,3
2025-04-27 23:00:00+00:00,8.5,80,0.0,0.0,0.0,0.0,98,0.0,2.3,4.6,3
2025-04-28 00:00:00+00:00,8.3,78,0.0,0.0,0.0,0.0,100,0.0,2.3,4.6,3
2025-04-28 01:00:00+00:00,8.4,80,0.0,0.0,0.0,0.0,100,0.0,1.7,4.3,3
2025-04-28 02:00:00+00:00,8.0,79,0.0,0.0,0.0,0.0,100,0.0,1.94,3.7,3
2025-04-28 03:00:00+00:00,8.2,81,0.2,0.2,0.0,0.0,100,0.0,2.65,4.9,51
2025-04-28 04:00:00+00:00,8.1,86,0.0,0.0,0.0,0.0,100,0.0,3.45,6.4,3
2025-04-28 05:00:00+00:00,8.5,84,0.0,0.0,0.0,0.0,100,0.0,3.67,7.4,3
2025-04-28 06:00:00+00:00,8.3,86,0.0,0.0,0.0,0.0,100,0.0,4.11,8.0,3
2025-04-28 07:00:00+00:00,8.8,88,0.0,0.0,0.0,0.0,100,0.0,4.86,9.7,3
2025-04-28 08:00:00+00:00,9.8,85,0.0,0.0,0.0,0.0,100,0.0,5.06,10.6,3
2025-04-28 09:00:00+00:00,11.4,79,0.0,0.0,0.0,0.0,100,1773.85,5.18,11.1,3
2025-04-28 10:00:00+00:00,12.3,76,0.0,0.0,0.0,0.0,99,1895.68,5.36,11.3,3
2025-04-28 11:00:00+00:00,13.5,72,0.0,0.0,0.0,0.0,100,3505.2,5.59,12.1,3
2025-04-28 12:00:00+00:00,14.7,69,0.0,0.0,0.0,0.0,99,2713.45,5.11,12.1,3
2025-04-28 13:00:00+00:00,15.4,68,0.0,0.0,0.0,0.0,100,1142.26,4.77,11.0,3
2025-04-28 14:00:00+00:00,17.1,61,0.0,0.0,0.0,0.0,98,3600.0,4.28,10.7,3
2025-04-28 15:00:00+00:00,18.2,45,0.0,0.0,0.0,0.0,91,3600.0,5.52,11.1,3
2025-04-28 16:00:00+00:00,17.9,42,0.0,0.0,0.0,0.0,96,3600.0,5.04,13.0,3
2025-04-28 17:00:00+00:00,16.6,35,0.0,0.0,0.0,0.0,83,3600.0,5.35,10.7,3
2025-04-28 18:00:00+00:00,15.0,40,0.0,0.0,0.0,0.0,74,3600.0,4.56,10.8,2
2025-04-28 19:00:00+00:00,13.0,46,0.0,0.0,0.0,0.0,95,3290.25,3.72,9.0,3
2025-04-28 20:00:00+00:00,11.4,52,0.0,0.0,0.0,0.0,92,0.0,3.35,7.2,3
2025-04-28 21:00:00+00:00,10.1,58,0.0,0.0,0.0,0.0,91,0.0,2.92,6.4,3
2025-04-28 22:00:00+00:00,9.3,62,0.0,0.0,0.0,0.0,33,0.0,2.71,5.6,1
2025-04-28 23:00:00+00:00,8.6,64,0.0,0.0,0.0,0.0,65,0.0,2.69,5.2,2
2025-04-29 00:00:00+00:00,8.3,64,0.0,0.0,0.0,0.0,68,0.0,2.97,5.6,2
2025-04-29 01:00:00+00:00,6.8,67,0.0,0.0,0.0,0.0,20,0.0,1.86,4.8,1
2025-04-29 02:00:00+00:00,6.2,69,0.0,0.0,0.0,0.0,48,0.0,1.81,3.8,1
2025-04-29 03:00:00+00:00,6.0,70,0.0,0.0,0.0,0.0,76,0.0,1.86,3.8,2
2025-04-29 04:00:00+00:00,6.2,70,0.0,0.0,0.0,0.0,91,73.86,1.77,3.8,3
2025-04-29 05:00:00+00:00,8.1,65,0.0,0.0,0.0,0.0,64,3600.0,1.66,3.7,2
2025-04-29 06:00:00+00:00,10.0,57,0.0,0.0,0.0,0.0,64,3600.0,1.43,3.5,2
2025-04-29 07:00:00+00:00,11.4,52,0.0,0.0,0.0,0.0,59,3600.0,1.94,5.0,2
2025-04-29 08:00:00+00:00,13.0,48,0.0,0.0,0.0,0.0,84,3600.0,2.26,6.0,3
2025-04-29 09:00:00+00:00,14.5,44,0.0,0.0,0.0,0.0,90,3600.0,2.23,6.2,3
2025-04-29 10:00:00+00:00,15.7,40,0.0,0.0,0.0,0.0,99,3600.0,1.93,6.2,3
2025-04-29 11:00:00+00:00,16.5,38,0.0,0.0,0.0,0.0,99,3600.0,2.22,6.4,3
2025-04-29 12:00:00+00:00,16.6,35,0.0,0.0,0.0,0.0,100,3600.0,2.98,7.7,3
2025-04-29 13:00:00+00:00,16.8,33,0.0,0.0,0.0,0.0,100,3600.0,2.62,7.4,3
2025-04-29 14:00:00+00:00,16.9,32,0.0,0.0,0.0,0.0,96,3600.0,2.64,6.9,3
2025-04-29 15:00:00+00:00,16.8,33,0.0,0.0,0.0,0.0,100,3600.0,2.65,7.0,3
2025-04-29 16:00:00+00:00,16.4,36,0.0,0.0,0.0,0.0,100,2300.0,3.55,6.9,3
2025-04-29 17:00:00+00:00,13.8,48,0.0,0.0,0.0,0.0,100,0.0,4.44,9.7,3
2025-04-29 18:00:00+00:00,12.8,54,0.1,0.1,0.0,0.0,100,0.0,2.51,8.5,51
2025-04-29 19:00:00+00:00,12.1,56,0.0,0.0,0.0,0.0,96,0.0,2.44,4.6,3
2025-04-29 20:00:00+00:00,11.3,61,0.0,0.0,0.0,0.0,59,0.0,2.39,4.5,2
2025-04-29 21:00:00+00:00,11.4,63,0.0,0.0,0.0,0.0,9,0.0,3.77,6.9,0
2025-04-29 22:00:00+00:00,10.4,67,0.0,0.0,0.0,0.0,3,0.0,3.29,7.2,0
2025-04-29 23:00:00+00:00,9.6,71,0.0,0.0,0.0,0.0,1,0.0,2.94,6.3,0
2025-04-30 00:00:00+00:00,9.1,72,0.0,0.0,0.0,0.0,0,0.0,2.67,5.6,0
2025-04-30 01:00:00+00:00,8.5,74,0.0,0.0,0.0,0.0,0,0.0,2.11,5.7,0
2025-04-30 02:00:00+00:00,7.2,80,0.0,0.0,0.0,0.0,0,0.0,1.86,4.3,0
2025-04-30 03:00:00+00:00,6.0,82,0.0,0.0,0.0,0.0,0,0.0,1.66,3.8,0
2025-04-30 04:00:00+00:00,5.8,83,0.0,0.0,0.0,0.0,3,516.15,1.54,3.4,0
2025-04-30 05:00:00+00:00,8.0,76,0.0,0.0,0.0,0.0,77,3600.0,1.63,3.2,2
2025-04-30 06:00:00+00:00,9.9,64,0.0,0.0,0.0,0.0,100,3600.0,1.77,4.2,3
2025-04-30 07:00:00+00:00,11.0,55,0.0,0.0,0.0,0.0,100,3600.0,2.33,5.5,3
2025-04-30 08:00:00+00:00,11.8,48,0.0,0.0,0.0,0.0,98,3600.0,2.66,6.5,3
2025-04-30 09:00:00+00:00,13.0,41,0.0,0.0,0.0,0.0,98,3600.0,2.31,6.8,3
2025-04-30 10:00:00+00:00,13.8,38,0.0,0.0,0.0,0.0,54,3600.0,2.25,6.4,2
2025-04-30 11:00:00+00:00,14.8,34,0.0,0.0,0.0,0.0,34,3600.0,2.46,6.9,1
2025-04-30 12:00:00+00:00,15.5,31,0.0,0.0,0.0,0.0,100,3600.0,2.61,7.0,3
2025-04-30 13:00:00+00:00,14.7,34,0.0,0.0,0.0,0.0,100,3600.0,3.09,8.1,3
2025-04-30 14:00:00+00:00,14.7,32,0.0,0.0,0.0,0.0,96,3600.0,1.98,8.0,3
2025-04-30 15:00:00+00:00,15.0,31,0.0,0.0,0.0,0.0,45,3600.0,1.11,5.4,1
2025-04-30 16:00:00+00:00,15.1,31,0.0,0.0,0.0,0.0,3,3600.0,2.06,4.9,0
2025-04-30 17:00:00+00:00,14.2,34,0.0,0.0,0.0,0.0,25,3600.0,2.28,5.9,1
2025-04-30 18:00:00+00:00,13.0,38,0.0,0.0,0.0,0.0,4,3600.0,1.9,4.6,0
2025-04-30 19:00:00+00:00,11.5,49,0.0,0.0,0.0,0.0,57,3600.0,3.87,7.5,2
2025-04-30 20:00:00+00:00,9.9,60,0.0,0.0,0.0,0.0,96,0.0,2.69,7.3,3
2025-04-30 21:00:00+00:00,9.5,62,0.0,0.0,0.0,0.0,72,0.0,2.1,5.1,2
2025-04-30 22:00:00+00:00,9.3,63,0.0,0.0,0.0,0.0,90,0.0,2.11,4.6,3
2025-04-30 23:00:00+00:00,8.7,68,0.0,0.0,0.0,0.0,100,0.0,1.95,4.2,3
2025-05-01 00:00:00+00:00,7.6,78,0.0,0.0,0.0,0.0,100,0.0,1.75,3.9,3
2025-05-01 01:00:00+00:00,7.1,83,0.0,0.0,0.0,0.0,100,0.0,1.12,2.7,3
2025-05-01 02:00:00+00:00,6.8,88,0.0,0.0,0.0,0.0,100,0.0,1.23,2.8,3
2025-05-01 03:00:00+00:00,6.0,90,0.0,0.0,0.0,0.0,100,0.0,1.12,2.6,3
2025-05-01 04:00:00+00:00,6.1,92,0.0,0.0,0.0,0.0,100,0.0,1.3,2.6,3
2025-05-01 05:00:00+00:00,8.1,88,0.0,0.0,0.0,0.0,100,3563.54,1.96,3.6,3
2025-05-01 06:00:00+00:00,9.2,84,0.0,0.0,0.0,0.0,100,3154.7,1.64,4.5,3
2025-05-01 07:00:00+00:00,10.3,80,0.0,0.0,0.0,0.0,100,3120.01,1.52,4.5,3
2025-05-01 08:00:00+00:00,11.9,74,0.0,0.0,0.0,0.0,95,3600.0,1.78,5.2,3
2025-05-01 09:00:00+00:00,13.9,65,0.0,0.0,0.0,0.0,95,3600.0,2.42,6.6,3
2025-05-01 10:00:00+00:00,15.8,54,0.0,0.0,0.0,0.0,97,3600.0,3.16,7.9,3
2025-05-01 11:00:00+00:00,16.8,50,0.0,0.0,0.0,0.0,94,3600.0,3.73,9.0,3
2025-05-01 12:00:00+00:00,17.3,49,0.0,0.0,0.0,0.0,98,3600.0,4.71,10.7,3
2025-05-01 13:00:00+00:00,15.8,57,0.0,0.0,0.0,0.0,100,3600.0,5.15,11.6,3
2025-05-01 14:00:00+00:00,14.7,63,0.0,0.0,0.0,0.0,65,3600.0,5.45,11.8,2
2025-05-01 15:00:00+00:00,14.6,65,0.0,0.0,0.0,0.0,96,3600.0,5.63,12.7,3
2025-05-01 16:00:00+00:00,13.1,73,0.0,0.0,0.0,0.0,97,3600.0,4.85,12.3,3
2025-05-01 17:00:00+00:00,12.7,76,0.0,0.0,0.0,0.0,100,3600.0,4.25,10.5,3
2025-05-01 18:00:00+00:00,11.8,79,0.0,0.0,0.0,0.0,100,514.35,4.17,9.3,3
2025-05-01 19:00:00+00:00,11.4,77,0.0,0.0,0.0,0.0,99,0.0,4.69,9.4,3
2025-05-01 20:00:00+00:00,11.1,75,0.0,0.0,0.0,0.0,100,0.0,5.06,10.3,3
2025-05-01 21:00:00+00:00,10.7,77,0.0,0.0,0.0,0.0,100,0.0,5.5,11.2,3
2025-05-01 22:00:00+00:00,10.3,82,0.0,0.0,0.0,0.0,100,0.0,5.91,12.1,3
2025-05-01 23:00:00+00:00,9.8,87,0.0,0.0,0.0,0.0,100,0.0,5.74,12.1,3
2025-05-02 00:00:00+00:00,9.7,89,0.0,0.0,0.0,0.0,100,0.0,5.32,11.6,3
2025-05-02 01:00:00+00:00,10.0,89,0.0,0.0,0.0,0.0,100,0.0,4.83,10.8,3
2025-05-02 02:00:00+00:00,9.7,91,0.0,0.0,0.0,0.0,100,0.0,4.19,9.7,3
2025-05-02 03:00:00+00:00,9.9,89,0.0,0.0,0.0,0.0,100,0.0,3.69,8.3,3
2025-05-02 04:00:00+00:00,10.1,76,0.0,0.0,0.0,0.0,100,0.0,3.86,7.8,3
2025-05-02 05:00:00+00:00,10.0,63,0.0,0.0,0.0,0.0,0,0.0,4.27,8.7,0
2025-05-02 06:00:00+00:00,10.4,56,0.0,0.0,0.0,0.0,0,3600.0,4.67,10.1,0
2025-05-02 07:00:00+00:00,11.1,50,0.0,0.0,0.0,0.0,3,3600.0,4.72,10.7,0
2025-05-02 08:00:00+00:00,12.0,46,0.0,0.0,0.0,0.0,24,3600.0,5.02,11.4,1
2025-05-02 09:00:00+00:00,13.2,42,0.0,0.0,0.0,0.0,81,3600.0,5.17,12.9,3
2025-05-02 10:00:00+00:00,14.2,37,0.0,0.0,0.0,0.0,41,3600.0,4.68,12.5,1
2025-05-02 11:00:00+00:00,15.0,30,0.0,0.0,0.0,0.0,79,3600.0,6.0,13.7,2
2025-05-02 12:00:00+00:00,15.2,28,0.3,0.3,0.0,0.0,17,3600.0,6.03,14.1,51
2025-05-02 13:00:00+00:00,15.8,27,0.0,0.0,0.0,0.0,8,3600.0,5.82,13.5,0
2025-05-02 14:00:00+00:00,15.6,24,0.0,0.0,0.0,0.0,38,3600.0,6.38,14.0,1
2025-05-02 15:00:00+00:00,15.3,25,0.0,0.0,0.0,0.0,2,3600.0,6.27,14.3,0
2025-05-02 16:00:00+00:00,14.6,28,0.0,0.0,0.0,0.0,2,3600.0,6.25,14.4,0
2025-05-02 17:00:00+00:00,14.2,28,0.0,0.0,0.0,0.0,0,3600.0,5.37,13.5,0
2025-05-02 18:00:00+00:00,13.3,34,0.0,0.0,0.0,0.0,12,3600.0,4.03,11.4,0
2025-05-02 19:00:00+00:00,12.0,40,0.0,0.0,0.0,0.0,6,3600.0,4.07,8.4,0
2025-05-02 20:00:00+00:00,10.7,47,0.0,0.0,0.0,0.0,0,0.0,3.9,8.3,0
2025-05-02 21:00:00+00:00,9.7,52,0.0,0.0,0.0,0.0,0,0.0,3.56,7.9,0
2025-05-02 22:00:00+00:00,8.8,58,0.0,0.0,0.0,0.0,0,0.0,3.06,7.2,0
2025-05-02 23:00:00+00:00,7.6,67,0.0,0.0,0.0,0.0,0,0.0,1.95,6.1,0
2025-05-03 00:00:00+00:00,6.2,77,0.0,0.0,0.0,0.0,0,0.0,1.31,4.0,0
2025-05-03 01:00:00+00:00,6.2,76,0.0,0.0,0.0,0.0,0,0.0,0.36,3.2,0
2025-05-03 02:00:00+00:00,6.0,78,0.0,0.0,0.0,0.0,0,0.0,0.25,1.4,0
2025-05-03 03:00:00+00:00,5.5,82,0.0,0.0,0.0,0.0,0,0.0,0.68,1.6,0
2025-05-03 04:00:00+00:00,5.6,80,0.0,0.0,0.0,0.0,0,1352.88,0.57,1.8,0
2025-05-03 05:00:00+00:00,7.1,76,0.0,0.0,0.0,0.0,30,3600.0,0.7,1.6,1
2025-05-03 06:00:00+00:00,8.3,69,0.0,0.0,0.0,0.0,80,3600.0,0.27,2.2,3
2025-05-03 07:00:00+00:00,9.8,59,0.0,0.0,0.0,0.0,100,3600.0,0.63,3.2,3
2025-05-03 08:00:00+00:00,9.7,58,0.0,0.0,0.0,0.0,100,0.0,0.47,3.3,3
2025-05-03 09:00:00+00:00,10.9,52,0.0,0.0,0.0,0.0,62,0.0,0.61,2.8,2
2025-05-03 10:00:00+00:00,11.7,51,0.0,0.0,0.0,0.0,83,3600.0,2.97,7.2,3
2025-05-03 11:00:00+00:00,10.8,61,0.0,0.0,0.0,0.0,68,3600.0,3.87,9.9,2
2025-05-03 12:00:00+00:00,11.3,52,0.1,0.1,0.0,0.0,81,3600.0,1.42,9.3,51
2025-05-03 13:00:00+00:00,13.7,34,0.0,0.0,0.0,0.0,34,3600.0,1.74,5.5,1
2025-05-03 14:00:00+00:00,13.1,36,0.0,0.0,0.0,0.0,85,3600.0,0.85,5.8,3
2025-05-03 15:00:00+00:00,9.3,75,2.4,2.4,0.0,0.0,100,3600.0,5.37,11.5,61
2025-05-03 16:00:00+00:00,9.3,72,0.1,0.1,0.0,0.0,96,951.02,2.12,11.1,51
2025-05-03 17:00:00+00:00,8.3,74,0.0,0.0,0.0,0.0,94,2956.35,3.31,7.2,3
2025-05-03 18:00:00+00:00,8.5,79,0.0,0.0,0.0,0.0,97,3600.0,2.39,7.2,3
2025-05-03 19:00:00+00:00,9.1,67,0.0,0.0,0.0,0.0,71,0.0,3.4,6.5,2
2025-05-03 20:00:00+00:00,9.6,43,0.0,0.0,0.0,0.0,99,0.0,6.16,12.7,3
2025-05-03 21:00:00+00:00,8.5,43,0.0,0.0,0.0,0.0,100,0.0,6.87,14.4,3
2025-05-03 22:00:00+00:00,7.8,45,0.0,0.0,0.0,0.0,100,0.0,6.54,14.4,3
2025-05-03 23:00:00+00:00,7.2,47,0.0,0.0,0.0,0.0,73,0.0,6.14,13.7,2
2025-05-04 00:00:00+00:00,6.1,52,0.0,0.0,0.0,0.0,0,0.0,5.55,12.8,0
2025-05-04 01:00:00+00:00,4.8,57,0.0,0.0,0.0,0.0,6,0.0,5.87,13.1,0
2025-05-04 02:00:00+00:00,4.2,57,0.0,0.0,0.0,0.0,12,0.0,4.96,12.1,0
2025-05-04 03:00:00+00:00,3.6,58,0.0,0.0,0.0,0.0,0,0.0,4.77,11.1,0
2025-05-04 04:00:00+00:00,3.5,56,0.0,0.0,0.0,0.0,0,1817.13,4.31,10.8,0
2025-05-04 05:00:00+00:00,4.1,51,0.0,0.0,0.0,0.0,0,3600.0,4.15,9.2,0
2025-05-04 06:00:00+00:00,4.8,46,0.0,0.0,0.0,0.0,15,3600.0,5.8,12.6,0
2025-05-04 07:00:00+00:00,5.5,40,0.0,0.0,0.0,0.0,82,3600.0,6.53,14.3,3
2025-05-04 08:00:00+00:00,6.5,37,0.0,0.0,0.0,0.0,45,3600.0,6.96,15.4,1
2025-05-04 09:00:00+00:00,7.4,33,0.0,0.0,0.0,0.0,38,3600.0,7.0,15.9,1
2025-05-04 10:00:00+00:00,8.2,29,0.0,0.0,0.0,0.0,75,3600.0,7.22,16.4,2
2025-05-04 11:00:00+00:00,9.1,25,0.0,0.0,0.0,0.0,63,3600.0,6.92,15.9,2
2025-05-04 12:00:00+00:00,9.7,24,0.0,0.0,0.0,0.0,56,3600.0,6.58,15.3,2
2025-05-04 13:00:00+00:00,9.9,24,0.0,0.0,0.0,0.0,18,3600.0,6.22,14.4,0
2025-05-04 14:00:00+00:00,10.4,24,0.0,0.0,0.0,0.0,33,3600.0,6.11,13.9,1
2025-05-04 15:00:00+00:00,10.4,24,0.0,0.0,0.0,0.0,2,3600.0,5.61,13.6,0
2025-05-04 16:00:00+00:00,9.5,23,0.0,0.0,0.0,0.0,1,3600.0,5.8,12.9,0
2025-05-04 17:00:00+00:00,11.0,18,0.0,0.0,0.0,0.0,38,3600.0,4.39,12.7,1
2025-05-04 18:00:00+00:00,9.4,29,0.0,0.0,0.0,0.0,58,3600.0,4.47,10.3,2
2025-05-04 19:00:00+00:00,7.9,36,0.0,0.0,0.0,0.0,1,3600.0,3.77,9.3,0
2025-05-04 20:00:00+00:00,6.1,46,0.0,0.0,0.0,0.0,0,0.0,2.43,7.8,0
2025-05-04 21:00:00+00:00,4.7,58,0.0,0.0,0.0,0.0,2,0.0,1.78,5.1,0
2025-05-04 22:00:00+00:00,3.4,72,0.0,0.0,0.0,0.0,2,0.0,1.57,4.0,0
2025-05-04 23:00:00+00:00,2.7,78,0.0,0.0,0.0,0.0,22,0.0,1.39,3.4,1
2025-05-05 00:00:00+00:00,2.2,79,0.0,0.0,0.0,0.0,26,0.0,1.06,3.1,1
2025-05-05 01:00:00+00:00,1.0,73,0.0,0.0,0.0,0.0,4,0.0,0.89,3.0,0
2025-05-05 02:00:00+00:00,1.1,75,0.0,0.0,0.0,0.0,5,0.0,0.53,2.4,0
2025-05-05 03:00:00+00:00,1.2,82,0.0,0.0,0.0,0.0,22,0.0,0.25,1.8,1
2025-05-05 04:00:00+00:00,1.9,86,0.0,0.0,0.0,0.0,44,2287.92,0.16,1.1,1
2025-05-05 05:00:00+00:00,3.8,77,0.0,0.0,0.0,0.0,28,3600.0,0.83,1.7,1
2025-05-05 06:00:00+00:00,5.3,57,0.0,0.0,0.0,0.0,4,3600.0,1.72,4.3,0
2025-05-05 07:00:00+00:00,6.6,43,0.0,0.0,0.0,0.0,29,3600.0,3.45,8.1,1
2025-05-05 08:00:00+00:00,7.8,40,0.0,0.0,0.0,0.0,90,3600.0,4.25,9.8,3
2025-05-05 09:00:00+00:00,8.8,39,0.0,0.0,0.0,0.0,89,3600.0,4.65,10.9,3
2025-05-05 10:00:00+00:00,10.4,35,0.0,0.0,0.0,0.0,99,3600.0,4.63,11.0,3
2025-05-05 11:00:00+00:00,11.9,32,0.0,0.0,0.0,0.0,99,3600.0,4.09,10.9,3
2025-05-05 12:00:00+00:00,12.9,31,0.0,0.0,0.0,0.0,100,3600.0,3.45,9.8,3
2025-05-05 13:00:00+00:00,12.6,32,0.0,0.0,0.0,0.0,77,2668.46,3.68,8.6,2
2025-05-05 14:00:00+00:00,12.9,39,0.0,0.0,0.0,0.0,8,3600.0,4.05,9.5,0
2025-05-05 15:00:00+00:00,13.7,43,0.0,0.0,0.0,0.0,0,3600.0,3.62,9.6,0
2025-05-05 16:00:00+00:00,15.2,33,0.0,0.0,0.0,0.0,5,3600.0,3.46,8.6,0
2025-05-05 17:00:00+00:00,13.4,39,0.0,0.0,0.0,0.0,5,3600.0,6.32,13.4,0
2025-05-05 18:00:00+00:00,12.1,44,0.0,0.0,0.0,0.0,70,3600.0,5.58,13.3,2
2025-05-05 19:00:00+00:00,10.7,50,0.0,0.0,0.0,0.0,49,3600.0,4.58,11.6,1
2025-05-05 20:00:00+00:00,9.3,56,0.0,0.0,0.0,0.0,10,0.0,3.19,9.4,0
2025-05-05 21:00:00+00:00,8.5,52,0.0,0.0,0.0,0.0,3,0.0,4.26,8.9,0
2025-05-05 22:00:00+00:00,7.5,55,0.0,0.0,0.0,0.0,5,0.0,2.9,8.8,0
2025-05-05 23:00:00+00:00,6.3,61,0.0,0.0,0.0,0.0,23,0.0,2.07,6.1,1
2025-05-06 00:00:00+00:00,6.3,60,0.0,0.0,0.0,0.0,9,0.0,2.44,5.2,0
2025-05-06 01:00:00+00:00,6.8,49,0.0,0.0,0.0,0.0,3,0.0,3.53,7.0,0
2025-05-06 02:00:00+00:00,6.6,50,0.0,0.0,0.0,0.0,8,0.0,3.57,7.6,0
2025-05-06 03:00:00+00:00,6.3,52,0.0,0.0,0.0,0.0,5,0.0,3.62,7.8,0
2025-05-06 04:00:00+00:00,6.3,53,0.0,0.0,0.0,0.0,11,2765.53,3.58,7.7,0
2025-05-06 05:00:00+00:00,7.2,49,0.0,0.0,0.0,0.0,25,3600.0,4.51,9.1,1
2025-05-06 06:00:00+00:00,8.2,43,0.0,0.0,0.0,0.0,55,3600.0,4.45,9.7,2
2025-05-06 07:00:00+00:00,9.0,40,0.0,0.0,0.0,0.0,14,3600.0,4.87,11.0,0
2025-05-06 08:00:00+00:00,10.2,35,0.0,0.0,0.0,0.0,47,3600.0,4.55,10.9,1
2025-05-06 09:00:00+00:00,11.2,31,0.0,0.0,0.0,0.0,58,3600.0,5.2,12.0,2
2025-05-06 10:00:00+00:00,12.3,29,0.0,0.0,0.0,0.0,61,3600.0,5.03,11.9,2
2025-05-06 11:00:00+00:00,12.6,29,0.0,0.0,0.0,0.0,63,3600.0,4.5,11.7,2
2025-05-06 12:00:00+00:00,13.7,26,0.0,0.0,0.0,0.0,92,3600.0,3.96,10.7,3
2025-05-06 13:00:00+00:00,14.6,22,0.0,0.0,0.0,0.0,95,3600.0,3.51,9.7,3
2025-05-06 14:00:00+00:00,15.0,21,0.0,0.0,0.0,0.0,72,3600.0,3.87,9.2,2
2025-05-06 15:00:00+00:00,14.7,23,0.0,0.0,0.0,0.0,81,3600.0,3.07,9.5,3
2025-05-06 16:00:00+00:00,14.8,23,0.0,0.0,0.0,0.0,68,3600.0,2.4,7.5,2
2025-05-06 17:00:00+00:00,13.6,27,0.0,0.0,0.0,0.0,27,3600.0,4.11,8.7,1
2025-05-06 18:00:00+00:00,12.4,31,0.0,0.0,0.0,0.0,7,3600.0,3.58,9.2,0
2025-05-06 19:00:00+00:00,10.5,40,0.0,0.0,0.0,0.0,5,3600.0,1.32,7.3,0
2025-05-06 20:00:00+00:00,8.7,48,0.0,0.0,0.0,0.0,20,0.0,0.94,2.7,1
2025-05-06 21:00:00+00:00,8.4,48,0.0,0.0,0.0,0.0,51,0.0,2.09,4.1,2
2025-05-06 22:00:00+00:00,8.2,49,0.0,0.0,0.0,0.0,47,0.0,2.84,5.5,1
2025-05-06 23:00:00+00:00,7.1,54,0.0,0.0,0.0,0.0,44,0.0,2.69,5.5,1
2025-05-07 00:00:00+00:00,6.2,59,0.0,0.0,0.0,0.0,84,0.0,2.36,5.4,3
2025-05-07 01:00:00+00:00,5.3,59,0.0,0.0,0.0,0.0,48,0.0,2.8,5.7,1
2025-05-07 02:00:00+00:00,4.7,61,0.0,0.0,0.0,0.0,19,0.0,2.65,6.0,0
2025-05-07 03:00:00+00:00,4.1,66,0.0,0.0,0.0,0.0,3,0.0,2.23,5.6,0
2025-05-07 04:00:00+00:00,4.2,69,0.0,0.0,0.0,0.0,2,2713.35,1.88,4.8,0
2025-05-07 05:00:00+00:00,5.3,60,0.0,0.0,0.0,0.0,1,3600.0,1.89,4.4,0
2025-05-07 06:00:00+00:00,6.8,50,0.0,0.0,0.0,0.0,0,3600.0,2.06,5.2,0
2025-05-07 07:00:00+00:00,8.2,42,0.0,0.0,0.0,0.0,0,3600.0,2.13,5.9,0
2025-05-07 08:00:00+00:00,9.3,39,0.0,0.0,0.0,0.0,20,3600.0,1.7,6.0,1
2025-05-07 09:00:00+00:00,10.4,37,0.0,0.0,0.0,0.0,100,3600.0,0.79,5.5,3
2025-05-07 10:00:00+00:00,11.3,35,0.0,0.0,0.0,0.0,100,3600.0,0.57,4.3,3
2025-05-07 11:00:00+00:00,12.1,34,0.0,0.0,0.0,0.0,100,3600.0,0.81,4.3,3
2025-05-07 12:00:00+00:00,13.2,33,0.0,0.0,0.0,0.0,100,3600.0,2.51,7.0,3
2025-05-07 13:00:00+00:00,12.7,35,0.0,0.0,0.0,0.0,100,3600.0,1.73,6.2,3
2025-05-07 14:00:00+00:00,13.0,36,0.0,0.0,0.0,0.0,99,3600.0,1.4,5.8,3
2025-05-07 15:00:00+00:00,12.9,37,0.0,0.0,0.0,0.0,78,3600.0,1.9,5.5,2
2025-05-07 16:00:00+00:00,13.3,36,0.0,0.0,0.0,0.0,1,3600.0,2.17,5.8,0
2025-05-07 17:00:00+00:00,13.8,37,0.0,0.0,0.0,0.0,8,3600.0,2.07,5.7,0
2025-05-07 18:00:00+00:00,13.0,41,0.0,0.0,0.0,0.0,52,3600.0,1.77,5.0,2
2025-05-07 19:00:00+00:00,11.5,50,0.0,0.0,0.0,0.0,11,3600.0,1.63,3.8,0
2025-05-07 20:00:00+00:00,9.3,58,0.0,0.0,0.0,0.0,29,0.0,1.26,3.4,1
2025-05-07 21:00:00+00:00,8.2,63,0.0,0.0,0.0,0.0,42,0.0,1.05,2.6,1
2025-05-07 22:00:00+00:00,7.8,67,0.0,0.0,0.0,0.0,100,0.0,0.65,2.0,3
2025-05-07 23:00:00+00:00,7.2,72,0.0,0.0,0.0,0.0,100,0.0,0.81,1.7,3
2025-05-08 00:00:00+00:00,7.6,75,0.0,0.0,0.0,0.0,100,0.0,0.6,1.7,3
2025-05-08 01:00:00+00:00,6.3,85,0.0,0.0,0.0,0.0,100,0.0,1.12,2.4,3
2025-05-08 02:00:00+00:00,6.9,77,0.0,0.0,0.0,0.0,100,0.0,1.57,3.4,3
2025-05-08 03:00:00+00:00,7.0,73,0.0,0.0,0.0,0.0,100,0.0,1.54,3.3,3
2025-05-08 04:00:00+00:00,7.5,69,0.0,0.0,0.0,0.0,100,0.0,1.39,3.3,3
2025-05-08 05:00:00+00:00,8.0,66,0.0,0.0,0.0,0.0,100,0.0,1.34,2.9,3
2025-05-08 06:00:00+00:00,8.9,54,0.0,0.0,0.0,0.0,100,164.85,1.27,3.3,3
2025-05-08 07:00:00+00:00,9.9,49,0.0,0.0,0.0,0.0,100,0.0,1.02,3.7,3
2025-05-08 08:00:00+00:00,10.3,47,0.0,0.0,0.0,0.0,100,0.0,0.47,3.4,3
2025-05-08 09:00:00+00:00,11.7,42,0.0,0.0,0.0,0.0,100,1648.46,1.08,4.0,3
2025-05-08 10:00:00+00:00,12.4,40,0.0,0.0,0.0,0.0,99,1041.0,1.68,5.1,3
2025-05-08 11:00:00+00:00,13.8,37,0.0,0.0,0.0,0.0,64,3600.0,1.63,5.5,2
2025-05-08 12:00:00+00:00,14.9,35,0.0,0.0,0.0,0.0,73,3600.0,2.09,6.4,2
2025-05-08 13:00:00+00:00,16.1,33,0.0,0.0,0.0,0.0,100,3600.0,2.8,7.5,3
2025-05-08 14:00:00+00:00,16.3,34,0.0,0.0,0.0,0.0,100,3600.0,3.15,7.9,3
2025-05-08 15:00:00+00:00,16.2,38,0.0,0.0,0.0,0.0,89,3600.0,3.2,8.1,3
2025-05-08 16:00:00+00:00,16.1,37,0.0,0.0,0.0,0.0,99,3600.0,3.04,7.8,3
2025-05-08 17:00:00+00:00,15.2,37,0.0,0.0,0.0,0.0,100,3600.0,3.5,7.8,3
2025-05-08 18:00:00+00:00,13.8,43,0.0,0.0,0.0,0.0,100,0.0,3.36,7.8,3
2025-05-08 19:00:00+00:00,12.5,50,0.0,0.0,0.0,0.0,100,0.0,2.89,6.9,3
2025-05-08 20:00:00+00:00,11.7,58,0.0,0.0,0.0,0.0,100,0.0,2.4,6.0,3
2025-05-08 21:00:00+00:00,11.1,64,0.0,0.0,0.0,0.0,100,0.0,1.81,4.7,3
2025-05-08 22:00:00+00:00,10.4,69,0.0,0.0,0.0,0.0,95,0.0,1.42,3.4,3
2025-05-08 23:00:00+00:00,9.9,75,0.0,0.0,0.0,0.0,100,0.0,1.11,2.6,3
2025-05-09 00:00:00+00:00,9.3,81,0.0,0.0,0.0,0.0,99,0.0,0.61,2.0,3
2025-05-09 01:00:00+00:00,9.1,83,0.0,0.0,0.0,0.0,100,0.0,0.71,1.6,3
2025-05-09 02:00:00+00:00,9.6,75,0.0,0.0,0.0,0.0,100,0.0,1.03,2.2,3
2025-05-09 03:00:00+00:00,9.0,76,0.0,0.0,0.0,0.0,100,0.0,1.1,2.2,3
2025-05-09 04:00:00+00:00,9.8,76,0.0,0.0,0.0,0.0,100,0.0,1.03,2.2,3
2025-05-09 05:00:00+00:00,10.6,75,0.0,0.0,0.0,0.0,100,0.0,0.98,2.3,3
2025-05-09 06:00:00+00:00,11.3,72,0.0,0.0,0.0,0.0,100,751.45,0.89,2.7,3
2025-05-09 07:00:00+00:00,12.3,67,0.0,0.0,0.0,0.0,100,1011.02,0.85,3.2,3
2025-05-09 08:00:00+00:00,12.9,64,0.0,0.0,0.0,0.0,100,0.0,0.76,3.2,3
2025-05-09 09:00:00+00:00,14.3,57,0.0,0.0,0.0,0.0,100,3369.01,0.46,3.5,3
2025-05-09 10:00:00+00:00,15.7,51,0.0,0.0,0.0,0.0,98,3600.0,0.21,3.4,3
2025-05-09 11:00:00+00:00,16.5,49,0.0,0.0,0.0,0.0,99,3600.0,0.87,4.2,3
2025-05-09 12:00:00+00:00,17.1,47,0.0,0.0,0.0,0.0,100,3600.0,0.65,4.4,3
2025-05-09 13:00:00+00:00,17.7,44,0.0,0.0,0.0,0.0,97,3600.0,0.18,4.3,3
2025-05-09 14:00:00+00:00,18.3,42,0.0,0.0,0.0,0.0,99,3600.0,1.07,4.2,3
2025-05-09 15:00:00+00:00,18.7,41,0.0,0.0,0.0,0.0,94,3600.0,1.41,4.6,3
2025-05-09 16:00:00+00:00,18.8,41,0.0,0.0,0.0,0.0,87,3600.0,0.71,4.7,3
2025-05-09 17:00:00+00:00,18.1,45,0.0,0.0,0.0,0.0,67,3600.0,2.13,5.0,2
2025-05-09 18:00:00+00:00,16.8,51,0.0,0.0,0.0,0.0,65,3600.0,2.62,6.2,2
2025-05-09 19:00:00+00:00,15.9,54,0.0,0.0,0.0,0.0,76,795.76,1.57,5.6,2
2025-05-09 20:00:00+00:00,14.6,57,0.0,0.0,0.0,0.0,80,0.0,1.51,3.1,3
2025-05-09 21:00:00+00:00,13.7,61,0.0,0.0,0.0,0.0,100,0.0,1.14,2.8,3
2025-05-09 22:00:00+00:00,13.2,64,0.0,0.0,0.0,0.0,100,0.0,1.64,2.9,3
2025-05-09 23:00:00+00:00,11.8,71,0.0,0.0,0.0,0.0,100,0.0,1.26,2.9,3
2025-05-10 00:00:00+00:00,11.7,73,0.0,0.0,0.0,0.0,55,0.0,0.76,2.3,2
2025-05-10 01:00:00+00:00,11.8,76,0.0,0.0,0.0,0.0,100,0.0,0.96,2.2,3
2025-05-10 02:00:00+00:00,11.3,81,0.0,0.0,0.0,0.0,98,0.0,0.54,1.9,3
2025-05-10 03:00:00+00:00,10.8,85,0.0,0.0,0.0,0.0,23,0.0,0.35,1.1,1
2025-05-10 04:00:00+00:00,11.0,86,0.0,0.0,0.0,0.0,16,1473.37,0.1,0.7,0
2025-05-10 05:00:00+00:00,11.9,80,0.0,0.0,0.0,0.0,12,3600.0,0.35,1.8,0
2025-05-10 06:00:00+00:00,12.8,75,0.0,0.0,0.0,0.0,17,3600.0,0.64,2.9,0
2025-05-10 07:00:00+00:00,14.0,69,0.0,0.0,0.0,0.0,17,3600.0,0.79,3.7,0
2025-05-10 08:00:00+00:00,15.3,62,0.0,0.0,0.0,0.0,49,3600.0,1.37,4.8,1
2025-05-10 09:00:00+00:00,16.2,58,0.0,0.0,0.0,0.0,47,3600.0,2.04,6.0,1
2025-05-10 10:00:00+00:00,16.4,56,0.0,0.0,0.0,0.0,44,3600.0,2.24,6.3,1
2025-05-10 11:00:00+00:00,17.2,51,0.0,0.0,0.0,0.0,43,3600.0,2.8,7.2,1
2025-05-10 12:00:00+00:00,17.7,47,0.0,0.0,0.0,0.0,81,3600.0,3.26,8.0,3
2025-05-10 13:00:00+00:00,16.9,50,0.0,0.0,0.0,0.0,94,3600.0,3.76,9.7,3
2025-05-10 14:00:00+00:00,17.3,47,0.0,0.0,0.0,0.0,95,3600.0,3.9,9.3,3
2025-05-10 15:00:00+00:00,17.3,46,0.0,0.0,0.0,0.0,78,3600.0,4.31,9.9,2
2025-05-10 16:00:00+00:00,16.6,48,0.0,0.0,0.0,0.0,35,3600.0,4.34,10.0,1
2025-05-10 17:00:00+00:00,16.0,51,0.0,0.0,0.0,0.0,56,3600.0,3.86,9.6,2
2025-05-10 18:00:00+00:00,14.9,58,0.0,0.0,0.0,0.0,53,3600.0,3.52,8.3,2
2025-05-10 19:00:00+00:00,13.8,66,0.0,0.0,0.0,0.0,20,3600.0,2.85,7.3,1
2025-05-10 20:00:00+00:00,12.2,74,0.0,0.0,0.0,0.0,42,0.0,2.0,5.7,1
2025-05-10 21:00:00+00:00,11.3,79,0.0,0.0,0.0,0.0,93,0.0,1.96,4.0,3
2025-05-10 22:00:00+00:00,10.9,79,0.0,0.0,0.0,0.0,100,0.0,2.46,5.2,3
2025-05-10 23:00:00+00:00,10.6,79,0.0,0.0,0.0,0.0,100,0.0,2.8,6.0,3
2025-05-11 00:00:00+00:00,9.6,83,0.0,0.0,0.0,0.0,100,0.0,2.15,6.0,3
2025-05-11 01:00:00+00:00,10.0,83,0.0,0.0,0.0,0.0,95,0.0,2.28,4.7,3
2025-05-11 02:00:00+00:00,10.1,83,0.0,0.0,0.0,0.0,100,0.0,2.06,4.7,3
2025-05-11 03:00:00+00:00,9.8,85,0.0,0.0,0.0,0.0,100,0.0,1.88,4.2,3
2025-05-11 04:00:00+00:00,10.0,84,0.0,0.0,0.0,0.0,100,0.0,2.12,4.5,3
2025-05-11 05:00:00+00:00,10.3,83,0.0,0.0,0.0,0.0,100,0.0,2.36,5.2,3
2025-05-11 06:00:00+00:00,10.7,81,0.0,0.0,0.0,0.0,100,0.0,2.38,5.8,3
2025-05-11 07:00:00+00:00,11.3,78,0.0,0.0,0.0,0.0,100,326.08,2.41,6.1,3
2025-05-11 08:00:00+00:00,12.3,72,0.0,0.0,0.0,0.0,100,1960.36,2.5,6.4,3
2025-05-11 09:00:00+00:00,13.3,67,0.0,0.0,0.0,0.0,98,1833.65,2.68,6.9,3
2025-05-11 10:00:00+00:00,14.1,63,0.0,0.0,0.0,0.0,83,3600.0,3.0,7.5,3
2025-05-11 11:00:00+00:00,14.9,60,0.0,0.0,0.0,0.0,56,3600.0,3.27,8.3,2
2025-05-11 12:00:00+00:00,15.3,58,0.0,0.0,0.0,0.0,48,3600.0,3.19,8.3,1
2025-05-11 13:00:00+00:00,16.4,54,0.0,0.0,0.0,0.0,56,3600.0,3.35,8.4,2
2025-05-11 14:00:00+00:00,16.4,57,0.0,0.0,0.0,0.0,48,3600.0,3.75,9.0,1
2025-05-11 15:00:00+00:00,15.6,63,0.0,0.0,0.0,0.0,14,3600.0,4.2,9.8,0
2025-05-11 16:00:00+00:00,15.0,65,0.0,0.0,0.0,0.0,7,3600.0,4.17,10.1,0
2025-05-11 17:00:00+00:00,14.0,66,0.0,0.0,0.0,0.0,3,3600.0,3.76,9.5,0
2025-05-11 18:00:00+00:00,12.7,67,0.0,0.0,0.0,0.0,5,3600.0,3.76,8.5,0
2025-05-11 19:00:00+00:00,11.5,76,0.0,0.0,0.0,0.0,10,3600.0,3.45,8.2,0
2025-05-11 20:00:00+00:00,10.2,88,0.0,0.0,0.0,0.0,19,0.0,3.25,7.3,0
2025-05-11 21:00:00+00:00,9.6,93,0.0,0.0,0.0,0.0,74,0.0,3.18,6.8,2
2025-05-11 22:00:00+00:00,9.2,94,0.0,0.0,0.0,0.0,62,0.0,2.88,6.4,2
2025-05-11 23:00:00+00:00,8.9,95,0.0,0.0,0.0,0.0,100,0.0,2.93,5.8,3
2025-05-12 00:00:00+00:00,8.7,95,0.0,0.0,0.0,0.0,69,0.0,2.52,5.8,2
2025-05-12 01:00:00+00:00,8.5,97,0.0,0.0,0.0,0.0,89,0.0,1.49,4.1,3
2025-05-12 02:00:00+00:00,8.4,98,0.0,0.0,0.0,0.0,91,0.0,1.01,3.0,3
2025-05-12 03:00:00+00:00,8.2,98,0.0,0.0,0.0,0.0,98,0.0,0.65,2.2,3
2025-05-12 04:00:00+00:00,8.6,94,0.0,0.0,0.0,0.0,100,0.0,0.58,1.8,3
2025-05-12 05:00:00+00:00,9.1,91,0.0,0.0,0.0,0.0,100,0.0,0.62,2.4,3
2025-05-12 06:00:00+00:00,9.9,86,0.0,0.0,0.0,0.0,100,855.62,0.72,3.1,3
2025-05-12 07:00:00+00:00,11.6,77,0.0,0.0,0.0,0.0,25,3600.0,0.25,3.1,1
2025-05-12 08:00:00+00:00,13.4,68,0.0,0.0,0.0,0.0,22,3600.0,0.25,3.5,1
2025-05-12 09:00:00+00:00,15.0,62,0.0,0.0,0.0,0.0,6,3600.0,0.53,4.0,0
2025-05-12 10:00:00+00:00,16.7,56,0.0,0.0,0.0,0.0,4,3600.0,1.14,5.0,0
2025-05-12 11:00:00+00:00,18.2,51,0.0,0.0,0.0,0.0,16,3600.0,1.74,6.0,0
2025-05-12 12:00:00+00:00,19.5,44,0.0,0.0,0.0,0.0,52,3600.0,2.06,6.6,2
2025-05-12 13:00:00+00:00,20.4,39,0.0,0.0,0.0,0.0,62,3600.0,2.41,6.8,2
2025-05-12 14:00:00+00:00,20.8,38,0.0,0.0,0.0,0.0,18,3600.0,2.98,7.7,0
2025-05-12 15:00:00+00:00,20.6,42,0.0,0.0,0.0,0.0,35,3600.0,3.19,7.9,1
2025-05-12 16:00:00+00:00,20.0,46,0.0,0.0,0.0,0.0,35,3600.0,3.49,8.2,1
2025-05-12 17:00:00+00:00,19.4,48,0.0,0.0,0.0,0.0,16,3600.0,2.95,8.2,0
2025-05-12 18:00:00+00:00,18.5,49,0.0,0.0,0.0,0.0,26,3600.0,2.7,6.7,1
2025-05-12 19:00:00+00:00,16.7,54,0.0,0.0,0.0,0.0,13,3600.0,2.27,5.9,0
2025-05-12 20:00:00+00:00,14.3,62,0.0,0.0,0.0,0.0,17,164.03,1.35,4.4,0
2025-05-12 21:00:00+00:00,12.5,71,0.0,0.0,0.0,0.0,7,0.0,1.13,2.5,0
2025-05-12 22:00:00+00:00,11.7,74,0.0,0.0,0.0,0.0,1,0.0,0.68,1.8,0
2025-05-12 23:00:00+00:00,11.2,77,0.0,0.0,0.0,0.0,100,0.0,0.27,1.2,3
2025-05-13 00:00:00+00:00,11.5,76,0.0,0.0,0.0,0.0,100,0.0,0.41,1.4,3
2025-05-13 01:00:00+00:00,12.0,62,0.0,0.0,0.0,0.0,100,0.0,1.54,3.3,3
2025-05-13 02:00:00+00:00,11.0,68,0.0,0.0,0.0,0.0,100,0.0,1.48,3.2,3
2025-05-13 03:00:00+00:00,10.4,72,0.0,0.0,0.0,0.0,100,0.0,1.53,3.1,3
2025-05-13 04:00:00+00:00,11.4,68,0.0,0.0,0.0,0.0,100,0.0,1.53,3.2,3
2025-05-13 05:00:00+00:00,13.0,59,0.0,0.0,0.0,0.0,100,0.0,2.13,4.0,3
2025-05-13 06:00:00+00:00,14.8,49,0.0,0.0,0.0,0.0,100,3547.93,2.0,4.6,3
2025-05-13 07:00:00+00:00,16.4,43,0.0,0.0,0.0,0.0,100,3600.0,2.77,6.5,3
2025-05-13 08:00:00+00:00,17.8,37,0.0,0.0,0.0,0.0,98,3600.0,3.14,7.6,3
2025-05-13 09:00:00+00:00,19.3,32,0.0,0.0,0.0,0.0,100,3600.0,2.88,7.9,3
2025-05-13 10:00:00+00:00,20.3,30,0.0,0.0,0.0,0.0,100,3600.0,2.48,7.5,3
2025-05-13 11:00:00+00:00,21.2,28,0.0,0.0,0.0,0.0,100,3600.0,3.02,7.8,3
2025-05-13 12:00:00+00:00,21.4,27,0.0,0.0,0.0,0.0,100,3600.0,3.42,8.4,3
2025-05-13 13:00:00+00:00,20.8,28,0.0,0.0,0.0,0.0,100,3600.0,3.72,9.3,3
2025-05-13 14:00:00+00:00,21.2,25,0.0,0.0,0.0,0.0,100,3100.0,3.67,8.8,3
2025-05-13 15:00:00+00:00,21.1,26,0.0,0.0,0.0,0.0,97,3600.0,3.44,9.2,3
2025-05-13 16:00:00+00:00,21.5,24,0.0,0.0,0.0,0.0,52,3600.0,3.86,8.3,2
2025-05-13 17:00:00+00:00,20.5,26,0.0,0.0,0.0,0.0,1,3600.0,4.22,10.3,0
2025-05-13 18:00:00+00:00,19.7,27,0.0,0.0,0.0,0.0,6,3600.0,3.36,9.0,0
2025-05-13 19:00:00+00:00,17.8,32,0.0,0.0,0.0,0.0,68,3600.0,3.98,8.2,2
2025-05-13 20:00:00+00:00,16.2,37,0.0,0.0,0.0,0.0,50,101.6,4.31,8.7,2
2025-05-13 21:00:00+00:00,14.4,37,0.0,0.0,0.0,0.0,24,0.0,5.12,10.6,1
2025-05-13 22:00:00+00:00,13.0,39,0.0,0.0,0.0,0.0,30,0.0,4.94,10.9,1
2025-05-13 23:00:00+00:00,12.0,41,0.0,0.0,0.0,0.0,1,0.0,4.38,10.3,0
2025-05-14 00:00:00+00:00,11.1,44,0.0,0.0,0.0,0.0,0,0.0,4.84,10.1,0
2025-05-14 01:00:00+00:00,10.4,47,0.0,0.0,0.0,0.0,0,0.0,4.79,10.0,0
2025-05-14 02:00:00+00:00,8.9,51,0.0,0.0,0.0,0.0,77,0.0,6.56,13.5,2
2025-05-14 03:00:00+00:00,7.0,45,0.0,0.0,0.0,0.0,95,0.0,6.4,14.5,3
2025-05-14 04:00:00+00:00,6.5,48,0.0,0.0,0.0,0.0,97,328.53,5.83,13.5,3
2025-05-14 05:00:00+00:00,6.8,47,0.0,0.0,0.0,0.0,96,3600.0,4.99,12.5,3
2025-05-14 06:00:00+00:00,7.7,45,0.0,0.0,0.0,0.0,99,3600.0,4.35,10.9,3
2025-05-14 07:00:00+00:00,8.9,41,0.0,0.0,0.0,0.0,100,3600.0,3.97,10.0,3
2025-05-14 08:00:00+00:00,9.9,38,0.0,0.0,0.0,0.0,100,3600.0,3.83,9.4,3
2025-05-14 09:00:00+00:00,11.2,34,0.0,0.0,0.0,0.0,100,3600.0,4.16,10.0,3
2025-05-14 10:00:00+00:00,12.3,31,0.0,0.0,0.0,0.0,87,3600.0,4.57,10.9,3
2025-05-14 11:00:00+00:00,13.3,29,0.0,0.0,0.0,0.0,59,3600.0,4.96,11.8,2
2025-05-14 12:00:00+00:00,14.0,27,0.0,0.0,0.0,0.0,64,3600.0,5.35,12.5,2
2025-05-14 13:00:00+00:00,14.2,25,0.0,0.0,0.0,0.0,42,3600.0,5.71,13.1,1
2025-05-14 14:00:00+00:00,14.3,26,0.0,0.0,0.0,0.0,56,3600.0,5.76,13.3,2
2025-05-14 15:00:00+00:00,14.1,27,0.0,0.0,0.0,0.0,94,3600.0,5.98,13.4,3
2025-05-14 16:00:00+00:00,13.8,27,0.0,0.0,0.0,0.0,1,3600.0,6.44,14.0,0
2025-05-14 17:00:00+00:00,12.7,29,0.0,0.0,0.0,0.0,2,3600.0,6.86,14.9,0
2025-05-14 18:00:00+00:00,11.4,32,0.0,0.0,0.0,0.0,10,3600.0,6.68,14.9,0
2025-05-14 19:00:00+00:00,10.1,37,0.0,0.0,0.0,0.0,4,3600.0,6.11,14.3,0
2025-05-14 20:00:00+00:00,9.0,41,0.0,0.0,0.0,0.0,5,614.19,5.96,12.7,0
2025-05-14 21:00:00+00:00,8.2,44,0.0,0.0,0.0,0.0,1,0.0,5.87,12.4,0
2025-05-14 22:00:00+00:00,7.4,47,0.0,0.0,0.0,0.0,1,0.0,5.84,12.4,0
2025-05-14 23:00:00+00:00,6.8,50,0.0,0.0,0.0,0.0,7,0.0,5.39,12.3,0
2025-05-15 00:00:00+00:00,6.2,52,0.0,0.0,0.0,0.0,21,0.0,4.62,11.3,1
2025-05-15 01:00:00+00:00,5.9,54,0.0,0.0,0.0,0.0,2,0.0,4.16,10.2,0
2025-05-15 02:00:00+00:00,5.6,56,0.0,0.0,0.0,0.0,1,0.0,3.72,8.9,0
2025-05-15 03:00:00+00:00,5.5,57,0.0,0.0,0.0,0.0,4,0.0,3.71,8.0,0
2025-05-15 04:00:00+00:00,6.1,54,0.0,0.0,0.0,0.0,3,3600.0,3.97,8.9,0
2025-05-15 05:00:00+00:00,7.1,49,0.0,0.0,0.0,0.0,13,3600.0,3.83,8.7,0
2025-05-15 06:00:00+00:00,8.4,49,0.0,0.0,0.0,0.0,10,3600.0,4.27,9.7,0
2025-05-15 07:00:00+00:00,10.0,47,0.0,0.0,0.0,0.0,3,3600.0,4.21,10.1,0
2025-05-15 08:00:00+00:00,12.0,42,0.0,0.0,0.0,0.0,13,3600.0,4.04,9.8,0
2025-05-15 09:00:00+00:00,13.5,39,0.0,0.0,0.0,0.0,4,3600.0,4.44,10.6,0
2025-05-15 10:00:00+00:00,15.4,33,0.0,0.0,0.0,0.0,0,3600.0,4.19,10.7,0
2025-05-15 11:00:00+00:00,17.0,30,0.0,0.0,0.0,0.0,0,3600.0,3.76,10.2,0
2025-05-15 12:00:00+00:00,18.4,28,0.0,0.0,0.0,0.0,0,3600.0,3.95,9.7,0
2025-05-15 13:00:00+00:00,19.0,26,0.0,0.0,0.0,0.0,0,3600.0,4.29,10.5,0
2025-05-15 14:00:00+00:00,19.6,26,0.0,0.0,0.0,0.0,0,3600.0,3.83,10.3,0
2025-05-15 15:00:00+00:00,20.9,23,0.0,0.0,0.0,0.0,46,3600.0,3.96,9.3,1
2025-05-15 16:00:00+00:00,20.9,23,0.0,0.0,0.0,0.0,1,3600.0,4.23,9.6,0
2025-05-15 17:00:00+00:00,20.3,23,0.0,0.0,0.0,0.0,0,3600.0,4.55,10.3,0
2025-05-15 18:00:00+00:00,18.8,26,0.0,0.0,0.0,0.0,0,3600.0,4.72,10.0,0
2025-05-15 19:00:00+00:00,16.9,31,0.0,0.0,0.0,0.0,1,3600.0,5.3,11.1,0
2025-05-15 20:00:00+00:00,15.3,35,0.0,0.0,0.0,0.0,1,1133.92,5.37,11.6,0
2025-05-15 21:00:00+00:00,14.2,40,0.0,0.0,0.0,0.0,1,0.0,4.4,11.1,0
2025-05-15 22:00:00+00:00,12.4,48,0.0,0.0,0.0,0.0,2,0.0,5.73,11.7,0
2025-05-15 23:00:00+00:00,10.7,54,0.0,0.0,0.0,0.0,4,0.0,5.84,12.2,0
2025-05-16 00:00:00+00:00,9.6,59,0.0,0.0,0.0,0.0,3,0.0,5.46,12.2,0
2025-05-16 01:00:00+00:00,9.6,58,0.0,0.0,0.0,0.0,1,0.0,4.75,11.1,0
2025-05-16 02:00:00+00:00,9.0,61,0.0,0.0,0.0,0.0,4,0.0,4.5,9.9,0
2025-05-16 03:00:00+00:00,8.5,64,0.0,0.0,0.0,0.0,4,0.0,4.56,9.6,0
2025-05-16 04:00:00+00:00,8.6,64,0.0,0.0,0.0,0.0,7,3600.0,4.45,9.6,0
2025-05-16 05:00:00+00:00,9.2,60,0.0,0.0,0.0,0.0,33,3600.0,4.79,10.2,1
2025-05-16 06:00:00+00:00,10.2,55,0.0,0.0,0.0,0.0,34,3600.0,5.02,11.2,1
2025-05-16 07:00:00+00:00,11.3,49,0.0,0.0,0.0,0.0,43,3600.0,4.92,11.3,1
2025-05-16 08:00:00+00:00,12.6,44,0.0,0.0,0.0,0.0,18,3600.0,4.94,11.5,0
2025-05-16 09:00:00+00:00,13.8,40,0.0,0.0,0.0,0.0,10,3600.0,5.17,12.1,0
2025-05-16 10:00:00+00:00,16.1,32,0.0,0.0,0.0,0.0,97,3600.0,5.64,12.8,3
2025-05-16 11:00:00+00:00,16.7,36,0.0,0.0,0.0,0.0,68,3600.0,7.1,15.4,2
2025-05-16 12:00:00+00:00,16.3,39,0.0,0.0,0.0,0.0,100,3600.0,6.46,15.7,3
2025-05-16 13:00:00+00:00,20.4,23,0.0,0.0,0.0,0.0,93,3600.0,6.25,13.4,3
2025-05-16 14:00:00+00:00,18.5,31,0.0,0.0,0.0,0.0,88,3600.0,6.4,15.2,3
2025-05-16 15:00:00+00:00,18.1,34,0.0,0.0,0.0,0.0,87,2493.51,6.53,14.8,3
2025-05-16 16:00:00+00:00,18.4,35,0.0,0.0,0.0,0.0,43,3600.0,6.31,14.2,1
2025-05-16 17:00:00+00:00,18.0,40,0.0,0.0,0.0,0.0,22,3600.0,5.44,13.2,1
2025-05-16 18:00:00+00:00,18.1,39,0.0,0.0,0.0,0.0,25,3600.0,4.07,11.4,1
2025-05-16 19:00:00+00:00,17.1,43,0.0,0.0,0.0,0.0,2,3600.0,3.18,8.4,0
2025-05-16 20:00:00+00:00,15.1,50,0.0,0.0,0.0,0.0,2,1079.64,2.21,6.5,0
2025-05-16 21:00:00+00:00,14.3,53,0.0,0.0,0.0,0.0,1,0.0,3.65,6.9,0
2025-05-16 22:00:00+00:00,14.1,53,0.0,0.0,0.0,0.0,5,0.0,4.79,9.8,0
2025-05-16 23:00:00+00:00,14.0,53,0.0,0.0,0.0,0.0,33,0.0,5.14,11.0,1
2025-05-17 00:00:00+00:00,13.5,56,0.0,0.0,0.0,0.0,26,0.0,4.41,10.8,1
2025-05-17 01:00:00+00:00,13.1,57,0.0,0.0,0.0,0.0,60,0.0,4.35,9.1,2
2025-05-17 02:00:00+00:00,12.6,60,0.0,0.0,0.0,0.0,18,0.0,4.26,9.0,0
2025-05-17 03:00:00+00:00,11.3,63,0.0,0.0,0.0,0.0,9,0.0,4.97,10.1,0
2025-05-17 04:00:00+00:00,10.3,60,0.0,0.0,0.0,0.0,1,3600.0,5.64,11.8,0
2025-05-17 05:00:00+00:00,10.1,55,0.0,0.0,0.0,0.0,1,3600.0,5.88,12.9,0
2025-05-17 06:00:00+00:00,10.8,50,0.0,0.0,0.0,0.0,0,3600.0,5.7,12.7,0
2025-05-17 07:00:00+00:00,11.8,46,0.0,0.0,0.0,0.0,0,3600.0,5.6,12.6,0
2025-05-17 08:00:00+00:00,13.0,44,0.0,0.0,0.0,0.0,29,3600.0,5.58,12.6,1
2025-05-17 09:00:00+00:00,14.3,37,0.0,0.0,0.0,0.0,41,3600.0,5.88,13.6,1
2025-05-17 10:00:00+00:00,15.1,35,0.0,0.0,0.0,0.0,16,3600.0,4.98,13.1,0
2025-05-17 11:00:00+00:00,16.0,32,0.0,0.0,0.0,0.0,5,3600.0,4.83,11.9,0
2025-05-17 12:00:00+00:00,17.0,29,0.0,0.0,0.0,0.0,1,3600.0,4.59,11.6,0
2025-05-17 13:00:00+00:00,18.5,25,0.0,0.0,0.0,0.0,62,3600.0,5.16,11.8,2
2025-05-17 14:00:00+00:00,19.1,24,0.0,0.0,0.0,0.0,10,3600.0,4.67,12.0,0
2025-05-17 15:00:00+00:00,20.8,17,0.0,0.0,0.0,0.0,95,3600.0,4.43,10.6,3
2025-05-17 16:00:00+00:00,19.9,21,0.0,0.0,0.0,0.0,78,3600.0,5.23,11.7,2
2025-05-17 17:00:00+00:00,19.5,23,0.0,0.0,0.0,0.0,76,3600.0,4.44,11.3,2
2025-05-17 18:00:00+00:00,18.9,25,0.0,0.0,0.0,0.0,29,3600.0,3.89,10.0,1
2025-05-17 19:00:00+00:00,17.3,28,0.0,0.0,0.0,0.0,30,3600.0,2.39,8.0,1
2025-05-17 20:00:00+00:00,15.7,33,0.0,0.0,0.0,0.0,71,441.42,3.29,6.2,2
2025-05-17 21:00:00+00:00,14.3,42,0.0,0.0,0.0,0.0,6,0.0,2.43,7.4,0
2025-05-17 22:00:00+00:00,12.3,52,0.0,0.0,0.0,0.0,22,0.0,0.81,4.7,1
2025-05-17 23:00:00+00:00,12.6,49,0.0,0.0,0.0,0.0,85,0.0,1.33,2.7,3
2025-05-18 00:00:00+00:00,12.7,48,0.0,0.0,0.0,0.0,34,0.0,1.87,3.9,1
2025-05-18 01:00:00+00:00,11.9,52,0.0,0.0,0.0,0.0,57,0.0,1.91,3.9,2
2025-05-18 02:00:00+00:00,11.0,53,0.0,0.0,0.0,0.0,4,0.0,2.85,5.5,0
2025-05-18 03:00:00+00:00,10.2,52,0.0,0.0,0.0,0.0,7,0.0,4.17,8.5,0
2025-05-18 04:00:00+00:00,10.7,51,0.0,0.0,0.0,0.0,95,3515.85,4.84,10.0,3
2025-05-18 05:00:00+00:00,11.1,51,0.0,0.0,0.0,0.0,99,2959.82,5.05,10.3,3
2025-05-18 06:00:00+00:00,11.7,50,0.0,0.0,0.0,0.0,66,3465.77,5.44,11.7,2
2025-05-18 07:00:00+00:00,13.3,43,0.0,0.0,0.0,0.0,27,3600.0,5.52,12.3,1
2025-05-18 08:00:00+00:00,14.8,38,0.0,0.0,0.0,0.0,14,3600.0,5.39,12.3,0
2025-05-18 09:00:00+00:00,16.2,33,0.0,0.0,0.0,0.0,2,3600.0,5.77,13.1,0
2025-05-18 10:00:00+00:00,17.5,28,0.0,0.0,0.0,0.0,99,3600.0,5.97,13.5,3
2025-05-18 11:00:00+00:00,18.5,23,0.0,0.0,0.0,0.0,7,3600.0,5.59,13.5,0
2025-05-18 12:00:00+00:00,19.2,21,0.0,0.0,0.0,0.0,4,3600.0,5.17,12.9,0
2025-05-18 13:00:00+00:00,20.4,22,0.0,0.0,0.0,0.0,13,3600.0,4.48,11.2,0
2025-05-18 14:00:00+00:00,20.6,21,0.0,0.0,0.0,0.0,0,3600.0,4.49,10.6,0
2025-05-18 15:00:00+00:00,20.7,19,0.0,0.0,0.0,0.0,0,3600.0,4.21,10.6,0
2025-05-18 16:00:00+00:00,20.8,18,0.0,0.0,0.0,0.0,0,3600.0,4.19,9.8,0
2025-05-18 17:00:00+00:00,20.5,18,0.0,0.0,0.0,0.0,0,3600.0,4.3,9.6,0
2025-05-18 18:00:00+00:00,19.9,19,0.0,0.0,0.0,0.0,0,3600.0,3.83,9.4,0
2025-05-18 19:00:00+00:00,18.5,21,0.0,0.0,0.0,0.0,0,3600.0,2.68,7.9,0
2025-05-18 20:00:00+00:00,16.5,25,0.0,0.0,0.0,0.0,0,2149.11,2.41,5.5,0
2025-05-18 21:00:00+00:00,14.9,30,0.0,0.0,0.0,0.0,0,0.0,1.84,4.8,0
2025-05-18 22:00:00+00:00,13.1,35,0.0,0.0,0.0,0.0,0,0.0,1.67,3.8,0
2025-05-18 23:00:00+00:00,11.9,41,0.0,0.0,0.0,0.0,0,0.0,1.68,3.4,0
2025-05-19 00:00:00+00:00,11.2,45,0.0,0.0,0.0,0.0,0,0.0,1.75,3.6,0
2025-05-19 01:00:00+00:00,10.9,44,0.0,0.0,0.0,0.0,0,0.0,2.22,4.6,0
2025-05-19 02:00:00+00:00,10.5,48,0.0,0.0,0.0,0.0,0,0.0,2.24,5.0,0
2025-05-19 03:00:00+00:00,9.3,57,0.0,0.0,0.0,0.0,0,0.0,1.83,4.8,0
2025-05-19 04:00:00+00:00,10.1,58,0.0,0.0,0.0,0.0,0,3600.0,1.3,4.0,0
2025-05-19 05:00:00+00:00,12.4,47,0.0,0.0,0.0,0.0,0,3600.0,1.11,2.8,0
2025-05-19 06:00:00+00:00,14.5,38,0.0,0.0,0.0,0.0,0,3600.0,0.92,3.3,0
2025-05-19 07:00:00+00:00,16.5,32,0.0,0.0,0.0,0.0,0,3600.0,1.36,4.5,0
2025-05-19 08:00:00+00:00,18.2,23,0.0,0.0,0.0,0.0,0,3600.0,1.84,5.6,0
2025-05-19 09:00:00+00:00,19.7,20,0.0,0.0,0.0,0.0,0,3600.0,2.01,6.2,0
2025-05-19 10:00:00+00:00,21.0,19,0.0,0.0,0.0,0.0,0,3600.0,1.74,6.2,0
2025-05-19 11:00:00+00:00,22.1,19,0.0,0.0,0.0,0.0,0,3600.0,1.66,6.0,0
2025-05-19 12:00:00+00:00,23.2,19,0.0,0.0,0.0,0.0,0,3600.0,1.76,6.1,0
2025-05-19 13:00:00+00:00,24.2,18,0.0,0.0,0.0,0.0,1,3600.0,1.9,6.3,0
2025-05-19 14:00:00+00:00,24.9,18,0.0,0.0,0.0,0.0,18,3600.0,2.01,6.2,0
2025-05-19 15:00:00+00:00,25.5,18,0.0,0.0,0.0,0.0,27,3600.0,2.12,6.2,1
2025-05-19 16:00:00+00:00,25.7,18,0.0,0.0,0.0,0.0,56,3600.0,2.2,6.1,2
2025-05-19 17:00:00+00:00,25.5,19,0.0,0.0,0.0,0.0,2,3600.0,2.05,5.9,0
2025-05-19 18:00:00+00:00,25.2,21,0.0,0.0,0.0,0.0,1,3600.0,1.7,5.2,0
2025-05-19 19:00:00+00:00,22.5,29,0.0,0.0,0.0,0.0,6,3600.0,2.62,5.3,0
2025-05-19 20:00:00+00:00,19.1,45,0.0,0.0,0.0,0.0,4,2103.76,0.85,5.3,0
2025-05-19 21:00:00+00:00,18.5,45,0.0,0.0,0.0,0.0,0,0.0,0.71,1.9,0
2025-05-19 22:00:00+00:00,17.8,30,0.0,0.0,0.0,0.0,0,0.0,1.8,3.7,0
2025-05-19 23:00:00+00:00,16.1,33,0.0,0.0,0.0,0.0,0,0.0,1.76,3.8,0
2025-05-20 00:00:00+00:00,14.9,38,0.0,0.0,0.0,0.0,1,0.0,1.79,3.6,0
2025-05-20 01:00:00+00:00,13.0,47,0.0,0.0,0.0,0.0,4,0.0,1.25,2.6,0
2025-05-20 02:00:00+00:00,12.2,52,0.0,0.0,0.0,0.0,20,0.0,1.31,2.8,1
2025-05-20 03:00:00+00:00,11.7,56,0.0,0.0,0.0,0.0,39,0.0,1.18,2.7,1
2025-05-20 04:00:00+00:00,12.5,58,0.0,0.0,0.0,0.0,24,3600.0,1.06,2.4,1
2025-05-20 05:00:00+00:00,14.7,46,0.0,0.0,0.0,0.0,37,3600.0,1.33,2.9,1
2025-05-20 06:00:00+00:00,16.7,38,0.0,0.0,0.0,0.0,30,3600.0,0.67,3.0,1
2025-05-20 07:00:00+00:00,18.6,32,0.0,0.0,0.0,0.0,14,3600.0,0.86,3.7,0
2025-05-20 08:00:00+00:00,20.0,29,0.0,0.0,0.0,0.0,6,3600.0,1.18,4.6,0
2025-05-20 09:00:00+00:00,21.0,27,0.0,0.0,0.0,0.0,7,3600.0,1.57,5.5,0
2025-05-20 10:00:00+00:00,21.6,26,0.0,0.0,0.0,0.0,0,3600.0,2.36,6.8,0
2025-05-20 11:00:00+00:00,22.1,23,0.0,0.0,0.0,0.0,14,3600.0,2.97,8.1,0
2025-05-20 12:00:00+00:00,22.6,20,0.0,0.0,0.0,0.0,32,3600.0,3.27,8.5,1
2025-05-20 13:00:00+00:00,22.8,21,0.0,0.0,0.0,0.0,23,3600.0,3.88,9.7,1
2025-05-20 14:00:00+00:00,21.7,25,0.0,0.0,0.0,0.0,51,3600.0,5.25,11.9,2
2025-05-20 15:00:00+00:00,20.7,25,0.0,0.0,0.0,0.0,18,3600.0,5.44,12.8,0
2025-05-20 16:00:00+00:00,21.0,23,0.0,0.0,0.0,0.0,6,3600.0,5.15,12.0,0
2025-05-20 17:00:00+00:00,20.3,22,0.0,0.0,0.0,0.0,48,3600.0,5.17,11.4,1
2025-05-20 18:00:00+00:00,19.4,23,0.0,0.0,0.0,0.0,100,3600.0,4.31,11.2,3
2025-05-20 19:00:00+00:00,19.0,23,0.0,0.0,0.0,0.0,100,0.0,3.63,8.8,3
2025-05-20 20:00:00+00:00,18.0,24,0.0,0.0,0.0,0.0,100,0.0,5.42,10.8,3
2025-05-20 21:00:00+00:00,16.3,27,0.0,0.0,0.0,0.0,100,0.0,6.91,14.1,3
2025-05-20 22:00:00+00:00,14.5,31,0.0,0.0,0.0,0.0,100,0.0,7.01,14.2,3
2025-05-20 23:00:00+00:00,12.7,36,0.0,0.0,0.0,0.0,100,0.0,7.22,15.3,3
2025-05-21 00:00:00+00:00,11.5,39,0.0,0.0,0.0,0.0,34,0.0,7.34,15.4,1
2025-05-21 01:00:00+00:00,8.7,51,0.1,0.1,0.0,0.0,60,0.0,6.6,14.8,51
2025-05-21 02:00:00+00:00,8.2,53,0.0,0.0,0.0,0.0,82,0.0,6.03,13.8,3
2025-05-21 03:00:00+00:00,7.9,51,0.0,0.0,0.0,0.0,93,0.0,6.18,13.1,3
2025-05-21 04:00:00+00:00,7.4,52,0.0,0.0,0.0,0.0,100,0.0,6.33,13.6,3
2025-05-21 05:00:00+00:00,7.1,53,0.0,0.0,0.0,0.0,100,0.0,5.88,13.5,3
2025-05-21 06:00:00+00:00,7.4,50,0.0,0.0,0.0,0.0,100,0.0,5.53,12.6,3
2025-05-21 07:00:00+00:00,8.1,47,0.0,0.0,0.0,0.0,98,0.0,5.15,12.0,3
2025-05-21 08:00:00+00:00,9.4,39,0.0,0.0,0.0,0.0,100,0.0,4.54,11.4,3
2025-05-21 09:00:00+00:00,10.5,34,0.0,0.0,0.0,0.0,62,0.0,4.38,10.2,2
2025-05-21 10:00:00+00:00,12.0,32,0.0,0.0,0.0,0.0,66,3600.0,4.91,11.4,2
2025-05-21 11:00:00+00:00,12.2,33,0.0,0.0,0.0,0.0,64,3600.0,4.77,11.8,2
2025-05-21 12:00:00+00:00,11.8,34,0.0,0.0,0.0,0.0,79,3600.0,4.61,11.3,2
2025-05-21 13:00:00+00:00,12.3,28,0.0,0.0,0.0,0.0,93,3322.85,4.34,12.3,3
2025-05-21 14:00:00+00:00,12.2,28,0.0,0.0,0.0,0.0,34,1204.99,4.6,10.4,1
2025-05-21 15:00:00+00:00,13.0,25,0.0,0.0,0.0,0.0,51,3600.0,5.3,11.9,2
2025-05-21 16:00:00+00:00,12.4,26,0.0,0.0,0.0,0.0,99,3600.0,5.1,12.0,3
2025-05-21 17:00:00+00:00,11.8,28,0.0,0.0,0.0,0.0,100,3212.4,4.79,11.4,3
2025-05-21 18:00:00+00:00,11.7,26,0.0,0.0,0.0,0.0,100,786.06,4.82,10.4,3
2025-05-21 19:00:00+00:00,11.3,28,0.0,0.0,0.0,0.0,100,0.0,4.24,10.5,3
2025-05-21 20:00:00+00:00,10.6,30,0.0,0.0,0.0,0.0,100,0.0,5.01,10.1,3
2025-05-21 21:00:00+00:00,9.6,36,0.0,0.0,0.0,0.0,100,0.0,4.87,11.1,3
2025-05-21 22:00:00+00:00,8.8,40,0.0,0.0,0.0,0.0,100,0.0,4.25,10.1,3
2025-05-21 23:00:00+00:00,8.3,37,0.0,0.0,0.0,0.0,100,0.0,5.72,11.7,3
2025-05-22 00:00:00+00:00,7.7,41,0.0,0.0,0.0,0.0,100,0.0,5.92,13.0,3
2025-05-22 01:00:00+00:00,6.0,54,0.0,0.0,0.0,0.0,71,0.0,5.16,12.5,2
2025-05-22 02:00:00+00:00,5.6,58,0.0,0.0,0.0,0.0,69,0.0,4.72,10.5,2
2025-05-22 03:00:00+00:00,5.2,61,0.0,0.0,0.0,0.0,74,0.0,4.85,10.0,2
2025-05-22 04:00:00+00:00,5.5,59,0.0,0.0,0.0,0.0,100,3600.0,4.94,10.7,3
2025-05-22 05:00:00+00:00,6.3,57,0.0,0.0,0.0,0.0,100,3600.0,5.55,11.8,3
2025-05-22 06:00:00+00:00,7.4,53,0.0,0.0,0.0,0.0,99,3600.0,6.2,13.9,3
2025-05-22 07:00:00+00:00,7.9,49,0.2,0.2,0.0,0.0,99,3600.0,6.26,13.7,51
2025-05-22 08:00:00+00:00,8.6,48,0.0,0.0,0.0,0.0,100,3600.0,5.75,13.6,3
2025-05-22 09:00:00+00:00,9.3,46,0.0,0.0,0.0,0.0,98,3600.0,5.72,13.7,3
2025-05-22 10:00:00+00:00,10.6,39,0.0,0.0,0.0,0.0,40,3600.0,5.59,13.5,1
2025-05-22 11:00:00+00:00,11.6,34,0.0,0.0,0.0,0.0,41,3600.0,5.87,13.9,1
2025-05-22 12:00:00+00:00,12.3,29,0.0,0.0,0.0,0.0,98,3600.0,5.95,13.9,3
2025-05-22 13:00:00+00:00,11.4,30,0.0,0.0,0.0,0.0,100,3600.0,6.2,14.6,3
2025-05-22 14:00:00+00:00,12.1,27,0.0,0.0,0.0,0.0,100,3600.0,5.97,14.0,3
2025-05-22 15:00:00+00:00,12.0,27,0.0,0.0,0.0,0.0,100,2134.34,6.64,14.3,3
2025-05-22 16:00:00+00:00,10.2,38,0.0,0.0,0.0,0.0,99,0.0,6.41,14.5,3
2025-05-22 17:00:00+00:00,9.5,45,0.0,0.0,0.0,0.0,100,0.0,5.98,13.8,3
2025-05-22 18:00:00+00:00,8.8,53,0.0,0.0,0.0,0.0,100,1869.64,5.03,12.8,3
2025-05-22 19:00:00+00:00,7.8,61,0.1,0.1,0.0,0.0,100,0.0,5.57,11.6,51
2025-05-22 20:00:00+00:00,7.1,67,0.1,0.1,0.0,0.0,100,0.0,5.41,11.7,51
2025-05-22 21:00:00+00:00,6.4,73,0.2,0.2,0.0,0.0,100,0.0,5.39,11.3,51
2025-05-22 22:00:00+00:00,6.0,79,0.4,0.4,0.0,0.0,100,0.0,5.41,13.1,51
2025-05-22 23:00:00+00:00,5.7,81,0.4,0.4,0.0,0.0,100,0.0,5.7,11.5,51
2025-05-23 00:00:00+00:00,5.3,86,0.6,0.6,0.0,0.0,100,0.0,5.55,11.7,53
2025-05-23 01:00:00+00:00,4.8,89,0.4,0.4,0.0,0.0,100,0.0,5.77,13.3,51
2025-05-23 02:00:00+00:00,4.7,88,0.2,0.2,0.0,0.0,100,0.0,6.06,11.7,51
2025-05-23 03:00:00+00:00,4.8,85,0.1,0.1,0.0,0.0,100,0.0,5.81,12.0,51
2025-05-23 04:00:00+00:00,4.8,84,0.1,0.1,0.0,0.0,100,0.0,5.6,11.9,51
2025-05-23 05:00:00+00:00,5.3,78,0.0,0.0,0.0,0.0,100,0.0,4.92,12.1,3
2025-05-23 06:00:00+00:00,5.8,73,0.0,0.0,0.0,0.0,100,0.0,4.44,10.2,3
2025-05-23 07:00:00+00:00,6.0,72,0.0,0.0,0.0,0.0,100,0.0,5.01,10.5,3
2025-05-23 08:00:00+00:00,6.9,67,0.0,0.0,0.0,0.0,98,0.0,6.71,14.4,3
2025-05-23 09:00:00+00:00,9.0,55,0.0,0.0,0.0,0.0,99,3600.0,5.83,14.3,3
2025-05-23 10:00:00+00:00,9.6,55,0.1,0.1,0.0,0.0,96,3600.0,5.24,12.7,51
2025-05-23 11:00:00+00:00,9.9,55,0.0,0.0,0.0,0.0,61,0.0,5.04,11.8,2
2025-05-23 12:00:00+00:00,11.4,49,0.0,0.0,0.0,0.0,97,3600.0,4.83,11.6,3
2025-05-23 13:00:00+00:00,11.0,51,0.0,0.0,0.0,0.0,93,3600.0,3.57,9.9,3
2025-05-23 14:00:00+00:00,11.4,48,0.0,0.0,0.0,0.0,98,2785.25,3.89,9.5,3
2025-05-23 15:00:00+00:00,10.6,52,0.3,0.3,0.0,0.0,38,3600.0,3.01,9.3,51
2025-05-23 16:00:00+00:00,11.8,44,0.2,0.2,0.0,0.0,35,3600.0,2.84,7.3,51
2025-05-23 17:00:00+00:00,10.9,47,0.1,0.1,0.0,0.0,92,3600.0,3.96,8.7,51
2025-05-23 18:00:00+00:00,10.5,51,0.0,0.0,0.0,0.0,100,3600.0,2.81,8.7,3
2025-05-23 19:00:00+00:00,9.8,57,0.0,0.0,0.0,0.0,100,0.0,1.57,6.0,3
2025-05-23 20:00:00+00:00,8.2,69,0.1,0.1,0.0,0.0,100,0.0,1.1,3.2,51
2025-05-23 21:00:00+00:00,7.9,74,0.0,0.0,0.0,0.0,100,0.0,0.95,2.2,3
2025-05-23 22:00:00+00:00,7.8,75,0.0,0.0,0.0,0.0,100,0.0,0.36,2.0,3
2025-05-23 23:00:00+00:00,8.0,70,0.0,0.0,0.0,0.0,100,0.0,0.07,1.1,3
2025-05-24 00:00:00+00:00,7.8,71,0.0,0.0,0.0,0.0,100,0.0,0.16,0.7,3
2025-05-24 01:00:00+00:00,7.0,82,0.5,0.5,0.0,0.0,100,0.0,0.69,1.5,53
2025-05-24 02:00:00+00:00,6.7,92,0.7,0.7,0.0,0.0,100,0.0,1.91,3.6,53
2025-05-24 03:00:00+00:00,6.5,97,0.9,0.9,0.0,0.0,100,0.0,2.8,5.2,53
2025-05-24 04:00:00+00:00,6.4,96,0.8,0.8,0.0,0.0,100,0.0,3.02,6.2,53
2025-05-24 05:00:00+00:00,6.9,93,1.0,1.0,0.0,0.0,100,0.0,3.82,7.3,55
2025-05-24 06:00:00+00:00,7.5,94,1.0,1.0,0.0,0.0,100,0.0,5.52,10.6,55
2025-05-24 07:00:00+00:00,7.7,88,1.0,1.0,0.0,0.0,100,0.0,6.0,11.9,55
2025-05-24 08:00:00+00:00,8.0,96,0.7,0.7,0.0,0.0,100,0.0,5.76,11.9,53
2025-05-24 09:00:00+00:00,9.2,90,0.3,0.3,0.0,0.0,100,0.0,5.85,11.8,51
2025-05-24 10:00:00+00:00,9.7,86,0.1,0.1,0.0,0.0,100,0.0,5.96,12.3,51
2025-05-24 11:00:00+00:00,11.2,69,0.0,0.0,0.0,0.0,55,2148.36,6.9,14.3,2
2025-05-24 12:00:00+00:00,12.3,58,0.0,0.0,0.0,0.0,68,3600.0,7.3,16.0,2
2025-05-24 13:00:00+00:00,12.3,55,0.0,0.0,0.0,0.0,78,3600.0,7.61,16.6,2
2025-05-24 14:00:00+00:00,12.0,52,0.0,0.0,0.0,0.0,61,3600.0,8.21,17.5,2
2025-05-24 15:00:00+00:00,11.8,56,0.0,0.0,0.0,0.0,54,3600.0,7.91,17.5,2
2025-05-24 16:00:00+00:00,11.3,61,0.0,0.0,0.0,0.0,98,3600.0,7.62,16.7,3
2025-05-24 17:00:00+00:00,10.6,65,0.0,0.0,0.0,0.0,66,2731.43,6.7,16.1,2
2025-05-24 18:00:00+00:00,10.1,67,0.0,0.0,0.0,0.0,32,0.0,6.2,15.2,1
2025-05-24 19:00:00+00:00,9.4,71,0.0,0.0,0.0,0.0,15,1662.16,5.57,13.1,0
2025-05-24 20:00:00+00:00,8.5,75,0.0,0.0,0.0,0.0,8,3106.41,4.71,11.3,0
2025-05-24 21:00:00+00:00,8.1,75,0.0,0.0,0.0,0.0,2,0.0,4.56,9.7,0
2025-05-24 22:00:00+00:00,7.8,76,0.0,0.0,0.0,0.0,12,0.0,3.87,9.3,0
2025-05-24 23:00:00+00:00,7.0,82,0.0,0.0,0.0,0.0,35,0.0,3.57,7.8,1
2025-05-25 00:00:00+00:00,7.1,87,0.0,0.0,0.0,0.0,100,0.0,3.11,7.2,3
2025-05-25 01:00:00+00:00,7.3,90,0.0,0.0,0.0,0.0,74,0.0,3.49,6.9,2
2025-05-25 02:00:00+00:00,7.5,86,0.0,0.0,0.0,0.0,93,0.0,3.28,7.2,3
2025-05-25 03:00:00+00:00,7.5,84,0.0,0.0,0.0,0.0,100,0.0,2.76,6.5,3
2025-05-25 04:00:00+00:00,7.6,85,0.1,0.1,0.0,0.0,100,0.0,2.87,5.7,51
2025-05-25 05:00:00+00:00,8.0,85,0.2,0.2,0.0,0.0,100,0.0,3.51,6.8,51
2025-05-25 06:00:00+00:00,8.0,87,0.4,0.4,0.0,0.0,100,0.0,3.82,7.5,51
2025-05-25 07:00:00+00:00,8.2,89,0.4,0.4,0.0,0.0,100,0.0,3.94,7.8,51
2025-05-25 08:00:00+00:00,8.4,91,0.5,0.5,0.0,0.0,100,0.0,4.27,8.3,53
2025-05-25 09:00:00+00:00,8.8,95,0.5,0.5,0.0,0.0,100,0.0,4.61,9.4,53
2025-05-25 10:00:00+00:00,9.1,95,0.5,0.5,0.0,0.0,100,0.0,4.24,9.1,53
2025-05-25 11:00:00+00:00,9.7,91,0.3,0.3,0.0,0.0,100,0.0,4.71,9.2,51
2025-05-25 12:00:00+00:00,9.8,91,0.2,0.2,0.0,0.0,100,0.0,4.47,9.2,51
2025-05-25 13:00:00+00:00,10.1,89,0.3,0.3,0.0,0.0,100,0.0,3.94,8.1,51
2025-05-25 14:00:00+00:00,10.5,87,0.0,0.0,0.0,0.0,100,0.0,3.41,7.8,3
2025-05-25 15:00:00+00:00,10.9,87,0.1,0.1,0.0,0.0,100,0.0,3.73,7.3,51
2025-05-25 16:00:00+00:00,11.0,88,0.4,0.4,0.0,0.0,100,0.0,4.22,8.2,51
2025-05-25 17:00:00+00:00,10.5,96,1.0,1.0,0.0,0.0,100,0.0,4.41,8.5,55
2025-05-25 18:00:00+00:00,10.6,97,1.1,1.1,0.0,0.0,100,0.0,4.81,9.4,55
2025-05-25 19:00:00+00:00,10.8,98,0.7,0.7,0.0,0.0,100,0.0,3.81,9.3,53
2025-05-25 20:00:00+00:00,11.0,97,0.1,0.1,0.0,0.0,100,0.0,3.87,7.3,51
2025-05-25 21:00:00+00:00,11.0,98,0.0,0.0,0.0,0.0,100,0.0,4.19,8.1,3
2025-05-25 22:00:00+00:00,10.9,98,0.0,0.0,0.0,0.0,100,0.0,3.9,8.1,3
2025-05-25 23:00:00+00:00,10.7,99,0.0,0.0,0.0,0.0,100,0.0,4.32,8.1,3
2025-05-26 00:00:00+00:00,10.5,99,0.0,0.0,0.0,0.0,100,0.0,3.95,8.2,3
2025-05-26 01:00:00+00:00,10.7,97,0.1,0.1,0.0,0.0,100,0.0,4.1,7.7,51
2025-05-26 02:00:00+00:00,10.6,97,0.1,0.1,0.0,0.0,100,0.0,4.17,7.8,51
2025-05-26 03:00:00+00:00,10.0,97,0.6,0.6,0.0,0.0,94,0.0,3.93,7.9,53
2025-05-26 04:00:00+00:00,10.0,97,0.2,0.2,0.0,0.0,84,0.0,3.91,8.0,51
2025-05-26 05:00:00+00:00,10.5,96,0.0,0.0,0.0,0.0,13,2492.89,4.12,7.9,0
2025-05-26 06:00:00+00:00,11.6,91,0.0,0.0,0.0,0.0,0,3600.0,4.25,8.9,0
2025-05-26 07:00:00+00:00,12.6,76,0.0,0.0,0.0,0.0,0,3600.0,4.9,10.6,0
2025-05-26 08:00:00+00:00,13.7,63,0.0,0.0,0.0,0.0,1,3600.0,5.38,12.3,0
2025-05-26 09:00:00+00:00,14.4,55,0.0,0.0,0.0,0.0,11,3600.0,6.1,13.5,0
2025-05-26 10:00:00+00:00,14.4,56,0.0,0.0,0.0,0.0,8,3600.0,6.61,14.8,0
2025-05-26 11:00:00+00:00,15.2,52,0.0,0.0,0.0,0.0,9,3600.0,6.95,15.6,0
2025-05-26 12:00:00+00:00,15.0,54,0.0,0.0,0.0,0.0,24,3600.0,7.46,16.6,1
2025-05-26 13:00:00+00:00,12.8,65,0.9,0.9,0.0,0.0,6,3600.0,5.69,17.0,53
2025-05-26 14:00:00+00:00,14.1,56,0.0,0.0,0.0,0.0,11,3600.0,6.2,14.0,0
2025-05-26 15:00:00+00:00,14.1,55,0.0,0.0,0.0,0.0,28,3600.0,6.9,14.8,1
2025-05-26 16:00:00+00:00,13.2,59,0.0,0.0,0.0,0.0,56,3600.0,7.37,15.7,2
2025-05-26 17:00:00+00:00,13.1,60,0.0,0.0,0.0,0.0,74,3600.0,6.88,15.6,2
2025-05-26 18:00:00+00:00,12.6,64,0.0,0.0,0.0,0.0,45,3600.0,5.72,14.2,1
2025-05-26 19:00:00+00:00,11.8,66,0.0,0.0,0.0,0.0,20,3600.0,5.51,11.8,1
2025-05-26 20:00:00+00:00,10.8,68,0.0,0.0,0.0,0.0,4,3600.0,5.15,11.2,0
2025-05-26 21:00:00+00:00,10.1,71,0.0,0.0,0.0,0.0,61,0.0,5.32,11.1,2
2025-05-26 22:00:00+00:00,9.5,73,0.0,0.0,0.0,0.0,19,0.0,4.79,11.0,0
2025-05-26 23:00:00+00:00,8.8,77,0.0,0.0,0.0,0.0,2,0.0,4.24,9.9,0
2025-05-27 00:00:00+00:00,8.1,82,0.0,0.0,0.0,0.0,1,0.0,3.83,8.8,0
2025-05-27 01:00:00+00:00,7.6,87,0.0,0.0,0.0,0.0,9,0.0,4.01,8.3,0
2025-05-27 02:00:00+00:00,7.2,90,0.0,0.0,0.0,0.0,1,0.0,3.96,8.4,0
2025-05-27 03:00:00+00:00,7.1,91,0.0,0.0,0.0,0.0,6,215.27,3.87,8.3,0
2025-05-27 04:00:00+00:00,7.9,87,0.0,0.0,0.0,0.0,2,3600.0,3.81,8.1,0
2025-05-27 05:00:00+00:00,9.4,80,0.0,0.0,0.0,0.0,98,3600.0,3.63,8.2,3
2025-05-27 06:00:00+00:00,10.2,77,0.0,0.0,0.0,0.0,100,3035.14,5.34,11.3,3
2025-05-27 07:00:00+00:00,10.9,73,0.0,0.0,0.0,0.0,100,3212.59,5.07,11.3,3
2025-05-27 08:00:00+00:00,11.6,76,0.2,0.2,0.0,0.0,100,3600.0,5.07,12.0,51
2025-05-27 09:00:00+00:00,11.0,78,0.3,0.3,0.0,0.0,100,0.0,5.19,13.1,51
2025-05-27 10:00:00+00:00,10.1,87,0.9,0.9,0.0,0.0,100,0.0,6.08,12.4,53
2025-05-27 11:00:00+00:00,9.7,93,1.4,1.4,0.0,0.0,100,0.0,6.24,12.0,61
2025-05-27 12:00:00+00:00,9.6,93,2.8,2.8,0.0,0.0,100,0.0,6.56,13.2,63
2025-05-27 13:00:00+00:00,10.6,95,1.9,1.9,0.0,0.0,100,0.0,6.13,12.7,61
2025-05-27 14:00:00+00:00,10.4,95,3.5,3.5,0.0,0.0,100,0.0,6.5,13.5,63
2025-05-27 15:00:00+00:00,10.8,92,0.4,0.4,0.0,0.0,43,0.0,6.57,13.4,51
2025-05-27 16:00:00+00:00,11.8,84,0.1,0.1,0.0,0.0,85,3600.0,5.92,13.6,51
2025-05-27 17:00:00+00:00,12.6,72,0.1,0.1,0.0,0.0,83,1684.5,7.32,15.0,51
2025-05-27 18:00:00+00:00,13.3,58,0.0,0.0,0.0,0.0,36,3600.0,7.36,15.6,1
2025-05-27 19:00:00+00:00,12.7,55,0.0,0.0,0.0,0.0,25,3600.0,6.58,15.2,1
2025-05-27 20:00:00+00:00,11.7,55,0.0,0.0,0.0,0.0,0,3600.0,6.08,13.6,0
2025-05-27 21:00:00+00:00,10.8,57,0.0,0.0,0.0,0.0,0,0.0,5.39,12.4,0
2025-05-27 22:00:00+00:00,9.9,62,0.0,0.0,0.0,0.0,0,0.0,4.08,10.9,0
2025-05-27 23:00:00+00:00,9.0,67,0.0,0.0,0.0,0.0,0,0.0,3.56,8.4,0
2025-05-28 00:00:00+00:00,8.2,72,0.0,0.0,0.0,0.0,0,0.0,3.24,7.2,0
2025-05-28 01:00:00+00:00,7.3,79,0.0,0.0,0.0,0.0,0,0.0,3.11,6.8,0
2025-05-28 02:00:00+00:00,6.9,81,0.0,0.0,0.0,0.0,0,0.0,3.2,6.5,0
2025-05-28 03:00:00+00:00,6.7,83,0.0,0.0,0.0,0.0,0,173.87,2.75,6.4,0
2025-05-28 04:00:00+00:00,7.3,82,0.0,0.0,0.0,0.0,0,3600.0,2.5,5.6,0
2025-05-28 05:00:00+00:00,8.3,79,0.0,0.0,0.0,0.0,0,3600.0,2.4,5.4,0
2025-05-28 06:00:00+00:00,9.5,75,0.0,0.0,0.0,0.0,0,3600.0,2.52,6.1,0
2025-05-28 07:00:00+00:00,10.8,66,0.0,0.0,0.0,0.0,0,3600.0,2.64,6.7,0
2025-05-28 08:00:00+00:00,12.1,59,0.0,0.0,0.0,0.0,0,3600.0,2.6,6.9,0
2025-05-28 09:00:00+00:00,13.4,53,0.0,0.0,0.0,0.0,19,3600.0,2.82,7.3,0
2025-05-28 10:00:00+00:00,14.2,49,0.0,0.0,0.0,0.0,16,3600.0,2.87,7.4,0
2025-05-28 11:00:00+00:00,14.8,47,0.0,0.0,0.0,0.0,25,3600.0,3.31,8.3,1
2025-05-28 12:00:00+00:00,15.3,47,0.0,0.0,0.0,0.0,29,3600.0,3.49,8.5,1
2025-05-28 13:00:00+00:00,15.1,46,0.0,0.0,0.0,0.0,23,3600.0,3.92,9.1,1
2025-05-28 14:00:00+00:00,15.2,49,0.0,0.0,0.0,0.0,13,3600.0,4.25,9.9,0
2025-05-28 15:00:00+00:00,15.2,51,0.0,0.0,0.0,0.0,24,3600.0,4.3,9.8,1
2025-05-28 16:00:00+00:00,14.8,56,0.0,0.0,0.0,0.0,32,3600.0,4.83,10.4,1
2025-05-28 17:00:00+00:00,14.1,61,0.0,0.0,0.0,0.0,34,3600.0,4.47,10.6,1
2025-05-28 18:00:00+00:00,13.8,64,0.0,0.0,0.0,0.0,23,3600.0,3.86,9.3,1
2025-05-28 19:00:00+00:00,12.7,71,0.0,0.0,0.0,0.0,25,3600.0,3.1,7.7,1
2025-05-28 20:00:00+00:00,10.9,81,0.0,0.0,0.0,0.0,4,3600.0,2.23,6.1,0
2025-05-28 21:00:00+00:00,9.4,89,0.0,0.0,0.0,0.0,2,0.0,1.66,4.3,0
2025-05-28 22:00:00+00:00,8.5,91,0.0,0.0,0.0,0.0,0,0.0,1.42,3.2,0
2025-05-28 23:00:00+00:00,8.1,91,0.0,0.0,0.0,0.0,0,0.0,1.27,2.9,0
2025-05-29 00:00:00+00:00,7.3,92,0.0,0.0,0.0,0.0,6,0.0,0.96,2.7,0
2025-05-29 01:00:00+00:00,7.6,88,0.0,0.0,0.0,0.0,0,0.0,0.7,1.9,0
2025-05-29 02:00:00+00:00,7.3,86,0.0,0.0,0.0,0.0,0,0.0,0.54,1.7,0
2025-05-29 03:00:00+00:00,7.2,87,0.0,0.0,0.0,0.0,0,774.63,0.49,1.5,0
2025-05-29 04:00:00+00:00,8.3,87,0.0,0.0,0.0,0.0,0,3600.0,0.7,1.6,0
2025-05-29 05:00:00+00:00,10.0,73,0.0,0.0,0.0,0.0,0,3600.0,0.9,2.5,0
2025-05-29 06:00:00+00:00,11.4,62,0.0,0.0,0.0,0.0,0,3600.0,1.05,3.5,0
2025-05-29 07:00:00+00:00,12.7,57,0.0,0.0,0.0,0.0,21,3600.0,1.61,4.8,1
2025-05-29 08:00:00+00:00,14.0,51,0.0,0.0,0.0,0.0,11,3600.0,1.6,5.1,0
2025-05-29 09:00:00+00:00,15.0,45,0.0,0.0,0.0,0.0,20,3600.0,2.01,5.8,1
2025-05-29 10:00:00+00:00,15.5,39,0.0,0.0,0.0,0.0,31,3600.0,2.42,6.8,1
2025-05-29 11:00:00+00:00,16.2,37,0.0,0.0,0.0,0.0,15,3600.0,2.09,6.8,0
2025-05-29 12:00:00+00:00,17.0,37,0.0,0.0,0.0,0.0,12,3600.0,1.84,6.2,0
2025-05-29 13:00:00+00:00,17.1,35,0.0,0.0,0.0,0.0,27,3600.0,3.91,8.6,1
2025-05-29 14:00:00+00:00,16.8,41,0.0,0.0,0.0,0.0,100,3600.0,4.62,11.1,3
2025-05-29 15:00:00+00:00,16.3,44,0.0,0.0,0.0,0.0,100,3600.0,5.17,11.3,3
2025-05-29 16:00:00+00:00,15.2,48,0.0,0.0,0.0,0.0,100,3600.0,5.51,11.7,3
2025-05-29 17:00:00+00:00,14.4,52,0.0,0.0,0.0,0.0,100,765.55,4.6,11.7,3
2025-05-29 18:00:00+00:00,13.6,63,0.0,0.0,0.0,0.0,100,3509.2,4.78,9.8,3
2025-05-29 19:00:00+00:00,12.4,66,0.0,0.0,0.0,0.0,99,503.88,4.8,10.0,3
2025-05-29 20:00:00+00:00,11.5,63,0.0,0.0,0.0,0.0,96,0.0,5.08,10.3,3
2025-05-29 21:00:00+00:00,11.1,59,0.0,0.0,0.0,0.0,97,0.0,5.0,10.5,3
2025-05-29 22:00:00+00:00,10.6,61,0.0,0.0,0.0,0.0,100,0.0,5.54,11.2,3
2025-05-29 23:00:00+00:00,9.7,72,0.0,0.0,0.0,0.0,100,0.0,4.51,11.6,3
2025-05-30 00:00:00+00:00,9.5,78,0.0,0.0,0.0,0.0,100,0.0,3.47,9.3,3
2025-05-30 01:00:00+00:00,9.6,87,0.1,0.1,0.0,0.0,100,0.0,3.51,7.3,51
2025-05-30 02:00:00+00:00,9.8,89,0.1,0.1,0.0,0.0,100,0.0,4.66,9.2,51
2025-05-30 03:00:00+00:00,10.0,92,0.2,0.2,0.0,0.0,100,0.0,3.76,9.4,51
2025-05-30 04:00:00+00:00,10.0,94,0.5,0.5,0.0,0.0,100,0.0,2.94,7.4,53
2025-05-30 05:00:00+00:00,10.1,98,0.8,0.8,0.0,0.0,100,0.0,1.79,5.6,53
2025-05-30 06:00:00+00:00,10.7,97,0.2,0.2,0.0,0.0,100,0.0,1.65,3.4,51
2025-05-30 07:00:00+00:00,11.6,94,0.2,0.2,0.0,0.0,100,0.0,2.62,5.6,51
2025-05-30 08:00:00+00:00,12.9,84,0.1,0.1,0.0,0.0,53,3600.0,3.53,7.9,51
2025-05-30 09:00:00+00:00,14.9,67,0.1,0.1,0.0,0.0,49,3600.0,3.89,9.1,51
2025-05-30 10:00:00+00:00,16.2,54,0.0,0.0,0.0,0.0,100,3600.0,3.86,9.1,3
2025-05-30 11:00:00+00:00,16.9,48,0.0,0.0,0.0,0.0,69,3600.0,3.78,9.0,2
2025-05-30 12:00:00+00:00,18.4,41,0.0,0.0,0.0,0.0,95,3600.0,3.69,8.6,3
2025-05-30 13:00:00+00:00,19.4,36,0.0,0.0,0.0,0.0,51,3600.0,4.3,9.8,2
2025-05-30 14:00:00+00:00,19.9,32,0.0,0.0,0.0,0.0,100,3600.0,4.82,10.6,3
2025-05-30 15:00:00+00:00,19.0,33,0.0,0.0,0.0,0.0,99,3600.0,5.17,12.2,3
2025-05-30 16:00:00+00:00,18.9,32,0.0,0.0,0.0,0.0,1,3600.0,3.65,11.1,0
2025-05-30 17:00:00+00:00,19.1,31,0.0,0.0,0.0,0.0,37,3600.0,3.3,7.7,1
2025-05-30 18:00:00+00:00,17.6,38,0.0,0.0,0.0,0.0,14,3600.0,3.43,7.6,0
2025-05-30 19:00:00+00:00,16.0,44,0.0,0.0,0.0,0.0,0,3600.0,2.66,7.2,0
2025-05-30 20:00:00+00:00,14.0,50,0.0,0.0,0.0,0.0,0,3600.0,2.31,5.3,0
2025-05-30 21:00:00+00:00,13.1,51,0.0,0.0,0.0,0.0,0,0.0,2.73,5.6,0
2025-05-30 22:00:00+00:00,11.9,55,0.0,0.0,0.0,0.0,0,0.0,2.7,5.5,0
2025-05-30 23:00:00+00:00,11.0,58,0.0,0.0,0.0,0.0,9,0.0,2.68,5.6,0
2025-05-31 00:00:00+00:00,9.9,62,0.0,0.0,0.0,0.0,13,0.0,2.3,5.4,0
2025-05-31 01:00:00+00:00,8.4,69,0.0,0.0,0.0,0.0,1,0.0,1.7,4.7,0
2025-05-31 02:00:00+00:00,6.9,77,0.0,0.0,0.0,0.0,0,0.0,1.28,3.7,0
2025-05-31 03:00:00+00:00,7.0,79,0.0,0.0,0.0,0.0,1,706.85,0.79,2.9,0
2025-05-31 04:00:00+00:00,8.5,73,0.0,0.0,0.0,0.0,0,3600.0,0.67,2.1,0
2025-05-31 05:00:00+00:00,9.7,63,0.0,0.0,0.0,0.0,20,3600.0,0.66,2.5,1
2025-05-31 06:00:00+00:00,11.0,54,0.0,0.0,0.0,0.0,73,3600.0,0.39,2.6,2
2025-05-31 07:00:00+00:00,12.3,49,0.0,0.0,0.0,0.0,72,3600.0,0.4,3.0,2
2025-05-31 08:00:00+00:00,13.1,48,0.0,0.0,0.0,0.0,60,3600.0,1.65,5.1,2
2025-05-31 09:00:00+00:00,13.6,47,0.0,0.0,0.0,0.0,45,3600.0,2.33,6.5,1
2025-05-31 10:00:00+00:00,14.0,44,0.0,0.0,0.0,0.0,60,3600.0,2.62,6.7,2
2025-05-31 11:00:00+00:00,14.8,43,0.0,0.0,0.0,0.0,56,3600.0,2.29,6.7,2
2025-05-31 12:00:00+00:00,15.8,40,0.0,0.0,0.0,0.0,52,3600.0,2.09,5.9,2
2025-05-31 13:00:00+00:00,16.2,38,0.0,0.0,0.0,0.0,83,3600.0,2.87,6.9,3
2025-05-31 14:00:00+00:00,16.0,41,0.0,0.0,0.0,0.0,5,2429.63,2.5,7.0,0
2025-05-31 15:00:00+00:00,16.9,38,0.0,0.0,0.0,0.0,2,3600.0,2.44,6.3,0
2025-05-31 16:00:00+00:00,16.5,40,0.0,0.0,0.0,0.0,4,3600.0,3.44,7.9,0
2025-05-31 17:00:00+00:00,15.9,42,0.0,0.0,0.0,0.0,5,3600.0,3.79,8.3,0
2025-05-31 18:00:00+00:00,14.5,46,0.0,0.0,0.0,0.0,11,3600.0,3.91,8.6,0
2025-05-31 19:00:00+00:00,13.5,51,0.0,0.0,0.0,0.0,2,3600.0,2.99,8.0,0
2025-05-31 20:00:00+00:00,11.9,59,0.0,0.0,0.0,0.0,0,3600.0,2.87,6.0,0
2025-05-31 21:00:00+00:00,10.6,68,0.0,0.0,0.0,0.0,0,0.0,2.74,5.6,0
2025-05-31 22:00:00+00:00,9.8,74,0.0,0.0,0.0,0.0,1,0.0,2.57,5.3,0
2025-05-31 23:00:00+00:00,9.3,77,0.0,0.0,0.0,0.0,7,0.0,2.75,5.4,0
2025-06-01 00:00:00+00:00,9.0,80,0.0,0.0,0.0,0.0,28,0.0,2.73,5.8,1
2025-06-01 01:00:00+00:00,8.5,82,0.0,0.0,0.0,0.0,90,0.0,2.67,5.7,3
2025-06-01 02:00:00+00:00,8.8,84,0.0,0.0,0.0,0.0,100,0.0,3.18,6.3,3
2025-06-01 03:00:00+00:00,9.0,88,0.0,0.0,0.0,0.0,81,0.0,3.58,7.0,3
2025-06-01 04:00:00+00:00,9.6,85,0.0,0.0,0.0,0.0,54,1934.36,3.92,8.1,2
2025-06-01 05:00:00+00:00,10.4,81,0.0,0.0,0.0,0.0,89,3600.0,3.6,8.5,3
2025-06-01 06:00:00+00:00,11.5,75,0.0,0.0,0.0,0.0,95,3600.0,3.54,8.2,3
2025-06-01 07:00:00+00:00,13.0,66,0.0,0.0,0.0,0.0,99,3600.0,4.25,9.3,3
2025-06-01 08:00:00+00:00,13.5,69,0.0,0.0,0.0,0.0,100,2466.06,4.02,9.5,3
2025-06-01 09:00:00+00:00,14.0,76,0.4,0.4,0.0,0.0,100,0.0,3.6,8.9,51
2025-06-01 10:00:00+00:00,13.1,94,2.3,2.3,0.0,0.0,100,0.0,3.75,7.3,61
2025-06-01 11:00:00+00:00,12.4,96,2.1,2.1,0.0,0.0,100,0.0,4.74,9.8,61
2025-06-01 12:00:00+00:00,13.0,95,0.9,0.9,0.0,0.0,100,0.0,4.32,9.2,53
2025-06-01 13:00:00+00:00,13.3,92,0.3,0.3,0.0,0.0,100,0.0,4.98,10.1,51
2025-06-01 14:00:00+00:00,14.0,89,0.1,0.1,0.0,0.0,99,0.0,4.96,10.3,51
2025-06-01 15:00:00+00:00,14.6,82,0.0,0.0,0.0,0.0,100,2478.42,5.09,10.7,3
2025-06-01 16:00:00+00:00,14.6,81,0.0,0.0,0.0,0.0,99,0.0,4.43,10.7,3
2025-06-01 17:00:00+00:00,14.6,79,0.0,0.0,0.0,0.0,88,653.32,4.15,9.3,3
2025-06-01 18:00:00+00:00,14.0,81,0.0,0.0,0.0,0.0,99,3600.0,4.3,9.1,3
2025-06-01 19:00:00+00:00,13.1,84,0.0,0.0,0.0,0.0,100,1090.7,3.99,9.1,3
2025-06-01 20:00:00+00:00,12.1,88,0.0,0.0,0.0,0.0,3,0.0,3.69,8.1,0
2025-06-01 21:00:00+00:00,11.2,89,0.0,0.0,0.0,0.0,0,0.0,3.24,7.5,0
2025-06-01 22:00:00+00:00,11.1,81,0.0,0.0,0.0,0.0,0,0.0,3.17,6.5,0
2025-06-01 23:00:00+00:00,11.1,72,0.0,0.0,0.0,0.0,0,0.0,3.18,6.3,0
2025-06-02 00:00:00+00:00,10.7,69,0.0,0.0,0.0,0.0,0,0.0,3.39,6.7,0
2025-06-02 01:00:00+00:00,10.2,76,0.0,0.0,0.0,0.0,0,0.0,3.31,6.5,0
2025-06-02 02:00:00+00:00,9.5,77,0.0,0.0,0.0,0.0,0,0.0,3.37,6.7,0
2025-06-02 03:00:00+00:00,9.2,79,0.0,0.0,0.0,0.0,0,1299.48,3.14,6.7,0
2025-06-02 04:00:00+00:00,9.7,78,0.0,0.0,0.0,0.0,0,3600.0,3.25,6.8,0
2025-06-02 05:00:00+00:00,10.4,78,0.0,0.0,0.0,0.0,46,3600.0,3.68,7.8,1
2025-06-02 06:00:00+00:00,11.2,77,0.0,0.0,0.0,0.0,99,3600.0,4.11,9.1,3
2025-06-02 07:00:00+00:00,12.1,74,0.0,0.0,0.0,0.0,87,3600.0,4.59,10.1,3
2025-06-02 08:00:00+00:00,13.4,66,0.0,0.0,0.0,0.0,10,3600.0,5.22,11.8,0
2025-06-02 09:00:00+00:00,14.9,55,0.0,0.0,0.0,0.0,12,3600.0,4.91,11.9,0
2025-06-02 10:00:00+00:00,16.0,49,0.0,0.0,0.0,0.0,13,3600.0,5.1,12.2,0
2025-06-02 11:00:00+00:00,16.8,42,0.0,0.0,0.0,0.0,18,3600.0,5.29,12.4,0
2025-06-02 12:00:00+00:00,17.2,40,0.0,0.0,0.0,0.0,31,3600.0,5.06,12.0,1
2025-06-02 13:00:00+00:00,18.0,37,0.0,0.0,0.0,0.0,72,3600.0,4.96,10.9,2
2025-06-02 14:00:00+00:00,18.3,36,0.0,0.0,0.0,0.0,87,3600.0,4.26,11.1,3
2025-06-02 15:00:00+00:00,18.5,34,0.0,0.0,0.0,0.0,99,3600.0,3.4,9.5,3
2025-06-02 16:00:00+00:00,18.3,37,0.0,0.0,0.0,0.0,89,2990.65,2.93,7.4,3
2025-06-02 17:00:00+00:00,18.3,40,0.0,0.0,0.0,0.0,85,3513.56,2.29,6.1,3
2025-06-02 18:00:00+00:00,17.5,44,0.0,0.0,0.0,0.0,69,3600.0,2.18,4.8,2
2025-06-02 19:00:00+00:00,16.2,47,0.0,0.0,0.0,0.0,12,3600.0,2.62,5.2,0
2025-06-02 20:00:00+00:00,15.0,51,0.0,0.0,0.0,0.0,26,2466.26,2.82,5.6,1
2025-06-02 21:00:00+00:00,13.7,56,0.0,0.0,0.0,0.0,10,0.0,2.35,5.6,0
2025-06-02 22:00:00+00:00,12.1,63,0.0,0.0,0.0,0.0,8,0.0,1.68,4.6,0
2025-06-02 23:00:00+00:00,10.5,70,0.0,0.0,0.0,0.0,0,0.0,1.43,3.4,0
2025-06-03 00:00:00+00:00,9.7,72,0.0,0.0,0.0,0.0,8,0.0,1.1,2.8,0
2025-06-03 01:00:00+00:00,9.1,73,0.0,0.0,0.0,0.0,5,0.0,0.21,1.4,0
2025-06-03 02:00:00+00:00,8.5,81,0.0,0.0,0.0,0.0,8,0.0,0.36,1.2,0
2025-06-03 03:00:00+00:00,8.2,85,0.0,0.0,0.0,0.0,22,1274.55,0.55,1.4,1
2025-06-03 04:00:00+00:00,9.4,77,0.0,0.0,0.0,0.0,73,3600.0,0.72,1.7,2
2025-06-03 05:00:00+00:00,10.9,65,0.0,0.0,0.0,0.0,14,3600.0,0.43,2.1,0
2025-06-03 06:00:00+00:00,12.3,54,0.0,0.0,0.0,0.0,2,3600.0,0.5,2.6,0
2025-06-03 07:00:00+00:00,13.6,53,0.0,0.0,0.0,0.0,18,3600.0,1.53,4.5,0
2025-06-03 08:00:00+00:00,14.8,49,0.0,0.0,0.0,0.0,96,3600.0,2.86,7.1,3
2025-06-03 09:00:00+00:00,15.3,46,0.0,0.0,0.0,0.0,99,3600.0,4.3,9.8,3
2025-06-03 10:00:00+00:00,15.4,44,0.0,0.0,0.0,0.0,38,3600.0,5.3,11.8,1
2025-06-03 11:00:00+00:00,14.8,51,0.0,0.0,0.0,0.0,18,3600.0,6.81,14.8,0
2025-06-03 12:00:00+00:00,14.2,54,0.0,0.0,0.0,0.0,93,3600.0,7.38,16.5,3
2025-06-03 13:00:00+00:00,15.1,47,0.0,0.0,0.0,0.0,100,3600.0,8.09,17.2,3
2025-06-03 14:00:00+00:00,13.7,58,0.0,0.0,0.0,0.0,100,3600.0,7.61,17.4,3
2025-06-03 15:00:00+00:00,13.6,59,0.0,0.0,0.0,0.0,100,1840.4,7.12,16.4,3
2025-06-03 16:00:00+00:00,13.7,60,0.0,0.0,0.0,0.0,100,1176.82,6.1,15.1,3
2025-06-03 17:00:00+00:00,13.8,63,0.0,0.0,0.0,0.0,32,2130.76,6.01,12.9,1
2025-06-03 18:00:00+00:00,13.5,67,0.1,0.1,0.0,0.0,99,3600.0,6.26,13.7,51
2025-06-03 19:00:00+00:00,13.0,74,0.0,0.0,0.0,0.0,98,0.0,5.72,13.1,3
2025-06-03 20:00:00+00:00,12.6,77,0.3,0.3,0.0,0.0,100,0.0,6.25,12.2,51
2025-06-03 21:00:00+00:00,11.5,89,0.5,0.5,0.0,0.0,99,0.0,6.17,14.9,53
2025-06-03 22:00:00+00:00,11.5,92,1.1,1.1,0.0,0.0,100,0.0,5.98,12.3,55
2025-06-03 23:00:00+00:00,11.3,93,0.4,0.4,0.0,0.0,100,0.0,6.63,15.6,51
2025-06-04 00:00:00+00:00,11.5,93,0.1,0.1,0.0,0.0,100,0.0,6.6,14.5,51
2025-06-04 01:00:00+00:00,11.5,95,0.8,0.8,0.0,0.0,100,0.0,7.34,14.3,53
2025-06-04 02:00:00+00:00,11.3,95,0.8,0.8,0.0,0.0,100,0.0,6.71,14.5,53
2025-06-04 03:00:00+00:00,11.3,95,0.1,0.1,0.0,0.0,100,0.0,6.28,12.7,51
2025-06-04 04:00:00+00:00,11.2,90,0.1,0.1,0.0,0.0,100,0.0,6.18,11.9,51
2025-06-04 05:00:00+00:00,11.2,94,0.2,0.2,0.0,0.0,100,0.0,5.2,11.5,51
2025-06-04 06:00:00+00:00,11.3,92,0.3,0.3,0.0,0.0,99,0.0,4.96,9.9,51
2025-06-04 07:00:00+00:00,11.7,92,0.6,0.6,0.0,0.0,100,0.0,4.08,10.7,53
2025-06-04 08:00:00+00:00,12.3,93,0.1,0.1,0.0,0.0,98,3256.96,3.55,9.3,51
2025-06-04 09:00:00+00:00,13.0,90,0.1,0.1,0.0,0.0,37,2181.08,3.81,9.2,51
2025-06-04 10:00:00+00:00,14.6,80,0.0,0.0,0.0,0.0,50,3600.0,4.55,11.0,2
2025-06-04 11:00:00+00:00,15.3,69,0.0,0.0,0.0,0.0,87,3600.0,5.2,13.0,3
2025-06-04 12:00:00+00:00,15.2,61,0.0,0.0,0.0,0.0,97,3600.0,6.17,13.6,3
2025-06-04 13:00:00+00:00,13.6,76,0.4,0.4,0.0,0.0,100,3600.0,6.33,15.2,51
2025-06-04 14:00:00+00:00,14.8,61,0.0,0.0,0.0,0.0,68,3600.0,6.73,15.0,2
2025-06-04 15:00:00+00:00,15.0,56,0.0,0.0,0.0,0.0,100,3600.0,7.01,15.8,3
2025-06-04 16:00:00+00:00,14.4,60,0.0,0.0,0.0,0.0,84,3600.0,6.74,14.9,3
2025-06-04 17:00:00+00:00,13.8,61,0.0,0.0,0.0,0.0,99,3600.0,6.36,14.5,3
2025-06-04 18:00:00+00:00,12.9,70,0.0,0.0,0.0,0.0,72,0.0,6.06,13.5,2
2025-06-04 19:00:00+00:00,12.1,76,0.0,0.0,0.0,0.0,92,3600.0,5.75,12.6,3
2025-06-04 20:00:00+00:00,11.4,79,0.0,0.0,0.0,0.0,5,1013.37,5.45,11.9,0
2025-06-04 21:00:00+00:00,10.6,84,0.0,0.0,0.0,0.0,0,0.0,5.3,11.2,0
2025-06-04 22:00:00+00:00,10.2,86,0.0,0.0,0.0,0.0,0,0.0,5.23,11.0,0
2025-06-04 23:00:00+00:00,10.0,83,0.0,0.0,0.0,0.0,0,0.0,5.18,10.8,0
2025-06-05 00:00:00+00:00,9.5,81,0.0,0.0,0.0,0.0,0,0.0,4.6,10.7,0
2025-06-05 01:00:00+00:00,8.7,82,0.0,0.0,0.0,0.0,0,0.0,4.0,8.6,0
2025-06-05 02:00:00+00:00,8.3,82,0.0,0.0,0.0,0.0,0,0.0,3.94,8.6,0
2025-06-05 03:00:00+00:00,8.2,83,0.0,0.0,0.0,0.0,0,1892.57,3.92,8.4,0
2025-06-05 04:00:00+00:00,8.7,82,0.0,0.0,0.0,0.0,0,3600.0,3.97,8.7,0
2025-06-05 05:00:00+00:00,9.5,78,0.0,0.0,0.0,0.0,2,3600.0,3.86,8.6,0
2025-06-05 06:00:00+00:00,10.6,72,0.0,0.0,0.0,0.0,0,3600.0,4.26,9.5,0
2025-06-05 07:00:00+00:00,12.0,67,0.0,0.0,0.0,0.0,10,3600.0,5.38,11.8,0
2025-06-05 08:00:00+00:00,13.2,62,0.0,0.0,0.0,0.0,26,3600.0,6.26,14.7,1
2025-06-05 09:00:00+00:00,14.1,57,0.0,0.0,0.0,0.0,21,3600.0,6.2,14.8,1
2025-06-05 10:00:00+00:00,14.4,55,0.0,0.0,0.0,0.0,50,3600.0,6.82,15.2,2
2025-06-05 11:00:00+00:00,13.0,71,0.2,0.2,0.0,0.0,85,3600.0,6.87,15.7,51
2025-06-05 12:00:00+00:00,13.7,70,0.1,0.1,0.0,0.0,69,3600.0,7.11,15.5,51
2025-06-05 13:00:00+00:00,13.6,63,0.5,0.5,0.0,0.0,100,3600.0,7.49,16.8,53
2025-06-05 14:00:00+00:00,12.6,77,0.3,0.3,0.0,0.0,100,3596.67,5.88,15.9,51
2025-06-05 15:00:00+00:00,13.1,74,0.1,0.1,0.0,0.0,100,0.0,4.52,12.4,51
2025-06-05 16:00:00+00:00,13.2,65,0.2,0.2,0.0,0.0,100,432.14,6.37,14.4,51
2025-06-05 17:00:00+00:00,13.1,70,0.1,0.1,0.0,0.0,100,1317.02,4.75,12.9,51
2025-06-05 18:00:00+00:00,13.0,74,0.1,0.1,0.0,0.0,100,3543.43,5.54,13.0,51
2025-06-05 19:00:00+00:00,11.8,82,0.1,0.1,0.0,0.0,100,0.0,5.53,12.8,51
2025-06-05 20:00:00+00:00,11.3,88,0.2,0.2,0.0,0.0,100,0.0,4.51,11.2,51
2025-06-05 21:00:00+00:00,11.0,93,0.5,0.5,0.0,0.0,100,0.0,3.98,9.1,53
2025-06-05 22:00:00+00:00,10.7,95,0.2,0.2,0.0,0.0,100,0.0,3.96,9.3,51
2025-06-05 23:00:00+00:00,10.7,95,0.3,0.3,0.0,0.0,100,0.0,4.56,9.5,51
2025-06-06 00:00:00+00:00,10.8,95,0.2,0.2,0.0,0.0,95,0.0,3.9,8.5,51
2025-06-06 01:00:00+00:00,10.6,96,0.0,0.0,0.0,0.0,57,0.0,3.75,7.3,2
2025-06-06 02:00:00+00:00,10.5,94,0.1,0.1,0.0,0.0,100,0.0,4.03,7.7,51
2025-06-06 03:00:00+00:00,10.6,93,0.2,0.2,0.0,0.0,100,0.0,3.81,7.6,51
2025-06-06 04:00:00+00:00,10.8,91,0.2,0.2,0.0,0.0,100,0.0,3.7,7.0,51
2025-06-06 05:00:00+00:00,11.0,93,0.1,0.1,0.0,0.0,98,0.0,3.31,7.0,51
2025-06-06 06:00:00+00:00,11.6,94,0.0,0.0,0.0,0.0,100,3164.17,2.75,6.6,3
2025-06-06 07:00:00+00:00,12.6,86,0.0,0.0,0.0,0.0,100,3600.0,3.21,7.9,3
2025-06-06 08:00:00+00:00,12.4,85,0.1,0.1,0.0,0.0,100,0.0,2.94,7.9,51
2025-06-06 09:00:00+00:00,12.9,81,0.1,0.1,0.0,0.0,99,0.0,2.86,7.1,51
2025-06-06 10:00:00+00:00,13.6,76,0.1,0.1,0.0,0.0,100,0.0,2.7,6.9,51
2025-06-06 11:00:00+00:00,14.3,72,0.0,0.0,0.0,0.0,100,0.0,1.62,6.7,3
2025-06-06 12:00:00+00:00,15.6,65,0.0,0.0,0.0,0.0,100,3600.0,1.27,5.7,3
2025-06-06 13:00:00+00:00,13.4,84,1.7,1.7,0.0,0.0,100,0.0,1.47,4.0,61
2025-06-06 14:00:00+00:00,13.3,83,1.3,1.3,0.0,0.0,100,0.0,0.7,4.1,61
2025-06-06 15:00:00+00:00,13.4,85,0.4,0.4,0.0,0.0,100,0.0,0.42,3.2,51
2025-06-06 16:00:00+00:00,12.9,92,0.5,0.5,0.0,0.0,100,0.0,1.35,3.6,53
2025-06-06 17:00:00+00:00,12.3,95,0.8,0.8,0.0,0.0,100,0.0,1.6,3.2,53
2025-06-06 18:00:00+00:00,11.8,95,1.4,1.4,0.0,0.0,100,0.0,1.99,4.7,61
2025-06-06 19:00:00+00:00,11.4,97,2.4,2.4,0.0,0.0,100,0.0,1.58,4.1,61
2025-06-06 20:00:00+00:00,11.2,95,3.3,3.3,0.0,0.0,100,0.0,1.2,3.4,63
2025-06-06 21:00:00+00:00,11.1,95,2.7,2.7,0.0,0.0,100,0.0,1.48,3.2,63
2025-06-06 22:00:00+00:00,11.0,94,2.1,2.1,0.0,0.0,100,0.0,1.24,3.2,61
2025-06-06 23:00:00+00:00,11.0,96,2.2,2.2,0.0,0.0,100,0.0,2.45,4.6,61
2025-06-07 00:00:00+00:00,10.8,94,2.2,2.2,0.0,0.0,100,0.0,3.95,7.9,61
2025-06-07 01:00:00+00:00,10.1,94,1.6,1.6,0.0,0.0,100,0.0,4.55,9.4,61
2025-06-07 02:00:00+00:00,9.8,94,1.2,1.2,0.0,0.0,100,0.0,4.26,9.3,55
2025-06-07 03:00:00+00:00,9.9,89,0.6,0.6,0.0,0.0,100,0.0,4.73,9.4,53
2025-06-07 04:00:00+00:00,9.9,88,0.1,0.1,0.0,0.0,99,0.0,3.88,9.3,51
2025-06-07 05:00:00+00:00,10.5,84,0.0,0.0,0.0,0.0,100,789.53,2.8,7.6,3
2025-06-07 06:00:00+00:00,11.1,81,0.0,0.0,0.0,0.0,100,0.0,2.41,5.6,3
2025-06-07 07:00:00+00:00,11.6,76,0.0,0.0,0.0,0.0,99,0.0,2.5,5.3,3
2025-06-07 08:00:00+00:00,12.8,69,0.0,0.0,0.0,0.0,66,3600.0,2.1,5.9,2
2025-06-07 09:00:00+00:00,14.0,61,0.0,0.0,0.0,0.0,98,3600.0,1.67,6.1,3
2025-06-07 10:00:00+00:00,14.8,56,0.0,0.0,0.0,0.0,95,3600.0,0.45,5.8,3
2025-06-07 11:00:00+00:00,14.7,56,0.0,0.0,0.0,0.0,67,2047.86,1.35,4.5,2
2025-06-07 12:00:00+00:00,14.6,57,0.0,0.0,0.0,0.0,88,1932.33,0.65,4.6,3
2025-06-07 13:00:00+00:00,14.8,55,0.0,0.0,0.0,0.0,96,3600.0,4.6,10.4,3
2025-06-07 14:00:00+00:00,15.7,54,0.1,0.1,0.0,0.0,100,3600.0,3.03,10.5,51
2025-06-07 15:00:00+00:00,15.8,52,0.1,0.1,0.0,0.0,100,3600.0,3.56,8.5,51
2025-06-07 16:00:00+00:00,15.6,52,0.0,0.0,0.0,0.0,100,3600.0,3.92,8.7,3
2025-06-07 17:00:00+00:00,15.2,52,0.0,0.0,0.0,0.0,100,3400.45,3.2,8.7,3
2025-06-07 18:00:00+00:00,14.5,56,0.0,0.0,0.0,0.0,98,2209.63,2.49,6.7,3
2025-06-07 19:00:00+00:00,13.3,69,0.0,0.0,0.0,0.0,12,3600.0,2.84,5.8,0
2025-06-07 20:00:00+00:00,11.6,82,0.0,0.0,0.0,0.0,16,3600.0,2.38,5.7,0
2025-06-07 21:00:00+00:00,10.3,89,0.0,0.0,0.0,0.0,8,0.0,2.22,4.6,0
2025-06-07 22:00:00+00:00,9.7,91,0.0,0.0,0.0,0.0,98,0.0,2.25,4.5,3
2025-06-07 23:00:00+00:00,9.3,93,0.0,0.0,0.0,0.0,100,0.0,1.7,4.3,3
2025-06-08 00:00:00+00:00,9.4,94,0.0,0.0,0.0,0.0,100,0.0,1.63,3.4,3
2025-06-08 01:00:00+00:00,9.5,93,0.1,0.1,0.0,0.0,100,0.0,1.92,4.3,51
2025-06-08 02:00:00+00:00,9.7,91,0.2,0.2,0.0,0.0,100,0.0,1.82,4.1,51
2025-06-08 03:00:00+00:00,9.8,91,0.0,0.0,0.0,0.0,100,0.0,1.82,3.8,3
2025-06-08 04:00:00+00:00,10.0,90,0.0,0.0,0.0,0.0,100,0.0,1.84,4.1,3
2025-06-08 05:00:00+00:00,10.5,89,0.0,0.0,0.0,0.0,100,0.0,1.9,4.3,3
2025-06-08 06:00:00+00:00,11.2,84,0.1,0.1,0.0,0.0,100,0.0,1.59,4.3,51
2025-06-08 07:00:00+00:00,12.2,76,0.1,0.1,0.0,0.0,98,1929.18,0.89,4.0,51
2025-06-08 08:00:00+00:00,13.3,72,0.1,0.1,0.0,0.0,100,3600.0,0.16,3.2,51
2025-06-08 09:00:00+00:00,13.7,68,0.1,0.1,0.0,0.0,100,3600.0,0.75,4.0,51
2025-06-08 10:00:00+00:00,11.5,81,2.2,2.2,0.0,0.0,100,0.0,1.99,5.3,61
2025-06-08 11:00:00+00:00,10.4,90,0.2,0.2,0.0,0.0,100,0.0,1.57,5.2,51
2025-06-08 12:00:00+00:00,11.8,84,0.1,0.1,0.0,0.0,50,0.0,0.73,5.0,51
2025-06-08 13:00:00+00:00,13.4,69,0.0,0.0,0.0,0.0,93,3600.0,1.81,5.5,3
2025-06-08 14:00:00+00:00,14.1,63,0.0,0.0,0.0,0.0,90,3600.0,2.06,5.6,3
2025-06-08 15:00:00+00:00,14.2,61,0.1,0.1,0.0,0.0,46,3600.0,2.06,5.7,51
2025-06-08 16:00:00+00:00,14.5,64,0.0,0.0,0.0,0.0,12,3600.0,2.14,5.7,0
2025-06-08 17:00:00+00:00,14.6,60,0.0,0.0,0.0,0.0,41,3600.0,2.67,5.9,1
2025-06-08 18:00:00+00:00,12.7,71,0.1,0.1,0.0,0.0,83,3600.0,2.91,8.5,51
2025-06-08 19:00:00+00:00,12.4,75,0.0,0.0,0.0,0.0,18,3600.0,1.14,5.9,0
2025-06-08 20:00:00+00:00,11.1,82,0.0,0.0,0.0,0.0,22,3600.0,0.45,2.6,1
2025-06-08 21:00:00+00:00,10.2,87,0.0,0.0,0.0,0.0,0,0.0,0.62,1.4,0
2025-06-08 22:00:00+00:00,9.8,88,0.0,0.0,0.0,0.0,0,0.0,0.7,1.5,0
2025-06-08 23:00:00+00:00,9.6,89,0.0,0.0,0.0,0.0,12,0.0,0.7,1.7,0
2025-06-09 00:00:00+00:00,9.4,89,0.0,0.0,0.0,0.0,4,0.0,0.49,1.6,0
2025-06-09 01:00:00+00:00,8.6,95,0.0,0.0,0.0,0.0,24,0.0,1.5,3.2,1
2025-06-09 02:00:00+00:00,9.2,79,0.0,0.0,0.0,0.0,32,0.0,1.9,4.1,1
2025-06-09 03:00:00+00:00,8.7,78,0.0,0.0,0.0,0.0,13,1833.6,1.62,4.1,0
2025-06-09 04:00:00+00:00,9.5,72,0.0,0.0,0.0,0.0,12,3600.0,1.95,4.1,0
2025-06-09 05:00:00+00:00,10.4,63,0.0,0.0,0.0,0.0,37,3600.0,2.39,5.4,1
2025-06-09 06:00:00+00:00,11.2,57,0.0,0.0,0.0,0.0,49,3600.0,2.97,6.9,1
2025-06-09 07:00:00+00:00,12.0,54,0.1,0.1,0.0,0.0,62,3600.0,3.09,7.5,51
2025-06-09 08:00:00+00:00,13.2,52,0.0,0.0,0.0,0.0,58,3600.0,2.52,7.4,2
2025-06-09 09:00:00+00:00,14.5,49,0.1,0.1,0.0,0.0,40,3600.0,2.87,7.8,51
2025-06-09 10:00:00+00:00,15.0,47,0.0,0.0,0.0,0.0,29,3600.0,3.08,8.0,1
2025-06-09 11:00:00+00:00,15.4,43,0.0,0.0,0.0,0.0,31,3600.0,3.08,8.1,1
2025-06-09 12:00:00+00:00,15.3,41,0.0,0.0,0.0,0.0,18,3600.0,2.23,7.7,0
2025-06-09 13:00:00+00:00,17.4,27,0.0,0.0,0.0,0.0,66,3600.0,3.13,7.4,2
2025-06-09 14:00:00+00:00,17.4,28,0.0,0.0,0.0,0.0,22,3600.0,3.9,8.9,1
2025-06-09 15:00:00+00:00,17.2,31,0.0,0.0,0.0,0.0,7,3600.0,3.4,8.9,0
2025-06-09 16:00:00+00:00,17.1,33,0.0,0.0,0.0,0.0,26,3600.0,2.52,7.7,1
2025-06-09 17:00:00+00:00,16.6,34,0.0,0.0,0.0,0.0,45,3600.0,2.3,6.0,1
2025-06-09 18:00:00+00:00,15.9,41,0.0,0.0,0.0,0.0,28,3600.0,1.47,5.2,1
2025-06-09 19:00:00+00:00,14.4,51,0.0,0.0,0.0,0.0,19,3600.0,1.54,3.3,0
2025-06-09 20:00:00+00:00,13.0,53,0.0,0.0,0.0,0.0,33,3600.0,1.22,3.0,1
2025-06-09 21:00:00+00:00,12.5,48,0.0,0.0,0.0,0.0,100,0.0,0.47,2.2,3
2025-06-09 22:00:00+00:00,11.3,52,0.0,0.0,0.0,0.0,99,0.0,0.43,0.9,3
2025-06-09 23:00:00+00:00,9.2,75,0.0,0.0,0.0,0.0,100,0.0,1.02,2.0,3
2025-06-10 00:00:00+00:00,9.5,77,0.0,0.0,0.0,0.0,100,0.0,1.96,3.9,3
2025-06-10 01:00:00+00:00,8.7,89,0.0,0.0,0.0,0.0,100,0.0,1.56,3.3,3
2025-06-10 02:00:00+00:00,8.5,93,0.0,0.0,0.0,0.0,100,0.0,1.43,3.3,3
2025-06-10 03:00:00+00:00,8.8,94,0.0,0.0,0.0,0.0,100,0.0,1.7,3.4,3
2025-06-10 04:00:00+00:00,9.2,90,0.0,0.0,0.0,0.0,100,0.0,1.55,3.5,3
2025-06-10 05:00:00+00:00,10.3,80,0.0,0.0,0.0,0.0,100,0.0,1.24,3.4,3
2025-06-10 06:00:00+00:00,11.3,75,0.0,0.0,0.0,0.0,100,0.0,1.1,3.2,3
2025-06-10 07:00:00+00:00,11.8,73,0.0,0.0,0.0,0.0,100,0.0,1.07,3.3,3
2025-06-10 08:00:00+00:00,13.0,66,0.0,0.0,0.0,0.0,100,3600.0,1.66,5.2,3
2025-06-10 09:00:00+00:00,13.5,64,0.0,0.0,0.0,0.0,100,3600.0,2.45,6.6,3
2025-06-10 10:00:00+00:00,12.2,63,0.4,0.4,0.0,0.0,100,2756.69,3.37,7.9,51
2025-06-10 11:00:00+00:00,13.3,59,0.1,0.1,0.0,0.0,100,3137.41,3.2,7.9,51
2025-06-10 12:00:00+00:00,13.2,63,0.1,0.1,0.0,0.0,100,1619.0,3.42,8.2,51
2025-06-10 13:00:00+00:00,14.0,58,0.0,0.0,0.0,0.0,100,3600.0,3.18,8.4,3
2025-06-10 14:00:00+00:00,13.5,61,0.0,0.0,0.0,0.0,100,1767.4,2.73,7.6,3
2025-06-10 15:00:00+00:00,12.5,69,0.1,0.1,0.0,0.0,100,0.0,2.16,6.5,51
2025-06-10 16:00:00+00:00,12.1,74,0.3,0.3,0.0,0.0,100,0.0,1.71,5.1,51
2025-06-10 17:00:00+00:00,11.8,79,0.4,0.4,0.0,0.0,100,0.0,1.37,4.0,51
2025-06-10 18:00:00+00:00,11.6,83,0.3,0.3,0.0,0.0,100,0.0,1.14,3.2,51
2025-06-10 19:00:00+00:00,11.2,88,0.4,0.4,0.0,0.0,100,0.0,0.46,2.6,51
2025-06-10 20:00:00+00:00,10.8,86,0.1,0.1,0.0,0.0,100,0.0,0.35,1.3,51
2025-06-10 21:00:00+00:00,10.6,85,0.0,0.0,0.0,0.0,59,0.0,0.25,1.1,2
2025-06-10 22:00:00+00:00,10.0,86,0.0,0.0,0.0,0.0,4,0.0,0.63,1.5,0
2025-06-10 23:00:00+00:00,9.6,86,0.0,0.0,0.0,0.0,7,0.0,0.45,1.8,0
2025-06-11 00:00:00+00:00,9.1,90,0.0,0.0,0.0,0.0,0,0.0,0.51,1.5,0
2025-06-11 01:00:00+00:00,8.7,99,0.0,0.0,0.0,0.0,4,0.0,0.9,2.4,0
2025-06-11 02:00:00+00:00,8.3,100,0.0,0.0,0.0,0.0,100,0.0,0.67,2.1,3
2025-06-11 03:00:00+00:00,8.0,100,0.0,0.0,0.0,0.0,100,0.0,0.64,1.8,3
2025-06-11 04:00:00+00:00,8.7,100,0.0,0.0,0.0,0.0,100,2263.03,1.15,2.4,3
2025-06-11 05:00:00+00:00,10.0,96,0.0,0.0,0.0,0.0,65,3600.0,1.24,3.5,2
2025-06-11 06:00:00+00:00,11.5,85,0.0,0.0,0.0,0.0,6,3600.0,2.19,5.3,0
2025-06-11 07:00:00+00:00,12.8,73,0.0,0.0,0.0,0.0,8,3600.0,2.99,7.7,0
2025-06-11 08:00:00+00:00,14.1,58,0.0,0.0,0.0,0.0,9,3600.0,3.29,9.0,0
2025-06-11 09:00:00+00:00,15.1,48,0.0,0.0,0.0,0.0,13,3600.0,3.65,8.6,0
2025-06-11 10:00:00+00:00,15.9,41,0.0,0.0,0.0,0.0,40,3600.0,3.95,9.2,1
2025-06-11 11:00:00+00:00,16.2,41,0.0,0.0,0.0,0.0,47,3600.0,3.99,9.4,1
2025-06-11 12:00:00+00:00,17.2,38,0.0,0.0,0.0,0.0,40,3600.0,3.8,9.3,1
2025-06-11 13:00:00+00:00,17.4,38,0.0,0.0,0.0,0.0,88,3600.0,3.69,9.1,3
2025-06-11 14:00:00+00:00,17.4,35,0.0,0.0,0.0,0.0,43,3600.0,3.74,8.9,1
2025-06-11 15:00:00+00:00,17.6,34,0.0,0.0,0.0,0.0,81,3600.0,3.26,8.4,3
2025-06-11 16:00:00+00:00,17.8,32,0.0,0.0,0.0,0.0,55,3600.0,3.05,7.2,2
2025-06-11 17:00:00+00:00,17.8,36,0.0,0.0,0.0,0.0,2,3600.0,2.28,6.6,0
2025-06-11 18:00:00+00:00,17.1,41,0.0,0.0,0.0,0.0,3,3600.0,1.7,4.7,0
2025-06-11 19:00:00+00:00,15.0,51,0.0,0.0,0.0,0.0,2,3600.0,2.78,5.3,0
2025-06-11 20:00:00+00:00,12.3,65,0.0,0.0,0.0,0.0,2,3600.0,1.37,5.3,0
2025-06-11 21:00:00+00:00,11.3,71,0.0,0.0,0.0,0.0,11,0.0,0.32,2.5,0
2025-06-11 22:00:00+00:00,10.1,78,0.0,0.0,0.0,0.0,9,0.0,0.72,1.5,0
2025-06-11 23:00:00+00:00,10.0,75,0.0,0.0,0.0,0.0,3,0.0,1.98,4.0,0
2025-06-12 00:00:00+00:00,10.0,68,0.0,0.0,0.0,0.0,0,0.0,2.69,5.3,0
2025-06-12 01:00:00+00:00,9.4,64,0.0,0.0,0.0,0.0,0,0.0,3.97,8.0,0
2025-06-12 02:00:00+00:00,8.9,65,0.0,0.0,0.0,0.0,80,0.0,3.89,8.2,3
2025-06-12 03:00:00+00:00,8.6,67,0.0,0.0,0.0,0.0,5,2485.72,3.32,8.0,0
2025-06-12 04:00:00+00:00,8.9,69,0.0,0.0,0.0,0.0,0,3600.0,3.36,6.9,0
2025-06-12 05:00:00+00:00,9.7,66,0.0,0.0,0.0,0.0,33,3600.0,3.4,7.5,1
2025-06-12 06:00:00+00:00,10.9,61,0.0,0.0,0.0,0.0,0,3600.0,3.36,7.8,0
2025-06-12 07:00:00+00:00,12.4,56,0.0,0.0,0.0,0.0,5,3600.0,2.72,7.7,0
2025-06-12 08:00:00+00:00,13.7,50,0.0,0.0,0.0,0.0,0,3600.0,2.12,6.7,0
2025-06-12 09:00:00+00:00,15.0,45,0.0,0.0,0.0,0.0,24,3600.0,1.14,5.8,1
2025-06-12 10:00:00+00:00,16.0,42,0.0,0.0,0.0,0.0,44,3600.0,0.35,4.4,1
2025-06-12 11:00:00+00:00,16.8,41,0.0,0.0,0.0,0.0,34,3600.0,1.47,5.0,1
2025-06-12 12:00:00+00:00,17.3,40,0.0,0.0,0.0,0.0,55,3600.0,2.04,6.0,2
2025-06-12 13:00:00+00:00,18.3,41,0.0,0.0,0.0,0.0,0,3600.0,2.11,6.1,0
2025-06-12 14:00:00+00:00,18.6,41,0.0,0.0,0.0,0.0,73,3600.0,2.2,6.2,2
2025-06-12 15:00:00+00:00,18.7,39,0.0,0.0,0.0,0.0,47,3600.0,2.55,6.3,1
2025-06-12 16:00:00+00:00,18.3,39,0.0,0.0,0.0,0.0,99,3600.0,2.98,6.9,3
2025-06-12 17:00:00+00:00,17.5,41,0.0,0.0,0.0,0.0,100,3600.0,2.97,6.9,3
2025-06-12 18:00:00+00:00,16.8,47,0.0,0.0,0.0,0.0,100,3600.0,1.84,6.4,3
2025-06-12 19:00:00+00:00,15.7,59,0.0,0.0,0.0,0.0,23,3600.0,1.2,3.8,1
2025-06-12 20:00:00+00:00,13.6,65,0.0,0.0,0.0,0.0,39,3600.0,1.55,2.9,1
2025-06-12 21:00:00+00:00,11.9,72,0.0,0.0,0.0,0.0,96,0.0,1.48,2.9,3
2025-06-12 22:00:00+00:00,11.2,73,0.0,0.0,0.0,0.0,50,0.0,1.55,3.0,2
2025-06-12 23:00:00+00:00,10.9,72,0.0,0.0,0.0,0.0,100,0.0,1.6,3.2,3
2025-06-13 00:00:00+00:00,10.4,73,0.0,0.0,0.0,0.0,99,0.0,1.6,3.2,3
2025-06-13 01:00:00+00:00,9.3,76,0.0,0.0,0.0,0.0,38,0.0,1.43,2.9,1
2025-06-13 02:00:00+00:00,8.9,77,0.0,0.0,0.0,0.0,0,0.0,1.44,3.0,0
2025-06-13 03:00:00+00:00,9.2,78,0.0,0.0,0.0,0.0,0,3163.21,1.07,2.9,0
2025-06-13 04:00:00+00:00,11.1,76,0.0,0.0,0.0,0.0,9,3600.0,0.95,2.3,0
2025-06-13 05:00:00+00:00,12.5,67,0.0,0.0,0.0,0.0,12,3600.0,0.96,2.7,0
2025-06-13 06:00:00+00:00,14.1,59,0.0,0.0,0.0,0.0,8,3600.0,1.04,3.3,0
2025-06-13 07:00:00+00:00,15.7,52,0.0,0.0,0.0,0.0,0,3600.0,1.6,4.5,0
2025-06-13 08:00:00+00:00,17.1,49,0.0,0.0,0.0,0.0,0,3600.0,2.16,5.7,0
2025-06-13 09:00:00+00:00,18.3,47,0.0,0.0,0.0,0.0,0,3600.0,2.65,6.8,0
2025-06-13 10:00:00+00:00,19.1,45,0.0,0.0,0.0,0.0,0,3600.0,3.14,7.8,0
2025-06-13 11:00:00+00:00,19.9,42,0.0,0.0,0.0,0.0,1,3600.0,3.45,8.3,0
2025-06-13 12:00:00+00:00,20.2,40,0.0,0.0,0.0,0.0,46,3600.0,4.29,9.9,1
2025-06-13 13:00:00+00:00,21.1,36,0.0,0.0,0.0,0.0,0,3600.0,4.71,10.5,0
2025-06-13 14:00:00+00:00,20.7,36,0.0,0.0,0.0,0.0,21,3600.0,5.12,11.4,1
2025-06-13 15:00:00+00:00,20.4,36,0.0,0.0,0.0,0.0,97,3600.0,4.97,11.3,3
2025-06-13 16:00:00+00:00,19.8,40,0.0,0.0,0.0,0.0,2,3600.0,4.9,10.9,0
2025-06-13 17:00:00+00:00,19.0,46,0.0,0.0,0.0,0.0,8,3600.0,4.62,10.5,0
2025-06-13 18:00:00+00:00,17.9,53,0.0,0.0,0.0,0.0,23,3600.0,3.95,9.7,1
2025-06-13 19:00:00+00:00,16.8,60,0.0,0.0,0.0,0.0,38,3600.0,3.23,8.2,1
2025-06-13 20:00:00+00:00,15.3,66,0.0,0.0,0.0,0.0,88,3600.0,2.7,6.7,3
2025-06-13 21:00:00+00:00,14.0,70,0.0,0.0,0.0,0.0,95,0.0,2.6,5.4,3
2025-06-13 22:00:00+00:00,13.2,72,0.0,0.0,0.0,0.0,100,0.0,2.5,5.2,3
2025-06-13 23:00:00+00:00,12.4,76,0.0,0.0,0.0,0.0,25,0.0,2.51,5.0,1
2025-06-14 00:00:00+00:00,11.8,79,0.0,0.0,0.0,0.0,25,0.0,2.49,4.9,1
2025-06-14 01:00:00+00:00,11.0,82,0.0,0.0,0.0,0.0,0,0.0,1.94,4.5,0
2025-06-14 02:00:00+00:00,10.3,86,0.0,0.0,0.0,0.0,0,0.0,1.66,4.0,0
2025-06-14 03:00:00+00:00,10.9,85,0.0,0.0,0.0,0.0,0,3161.89,1.92,4.0,0
2025-06-14 04:00:00+00:00,12.0,82,0.0,0.0,0.0,0.0,78,3600.0,2.33,4.8,2
2025-06-14 05:00:00+00:00,13.3,77,0.0,0.0,0.0,0.0,99,3600.0,2.4,5.4,3
2025-06-14 06:00:00+00:00,14.6,71,0.0,0.0,0.0,0.0,91,3600.0,2.78,6.5,3
2025-06-14 07:00:00+00:00,15.8,64,0.0,0.0,0.0,0.0,43,3600.0,3.07,7.3,1
2025-06-14 08:00:00+00:00,17.0,57,0.0,0.0,0.0,0.0,4,3600.0,3.24,7.9,0
2025-06-14 09:00:00+00:00,18.2,49,0.0,0.0,0.0,0.0,18,3600.0,3.53,8.4,0
2025-06-14 10:00:00+00:00,19.1,42,0.0,0.0,0.0,0.0,94,3600.0,3.89,9.2,3
2025-06-14 11:00:00+00:00,19.6,35,0.0,0.0,0.0,0.0,99,3600.0,4.04,9.5,3
2025-06-14 12:00:00+00:00,19.9,32,0.0,0.0,0.0,0.0,89,3600.0,4.15,9.5,3
2025-06-14 13:00:00+00:00,21.0,27,0.0,0.0,0.0,0.0,0,3600.0,4.16,9.6,0
2025-06-14 14:00:00+00:00,21.0,27,0.0,0.0,0.0,0.0,37,3600.0,4.17,9.6,1
2025-06-14 15:00:00+00:00,20.9,28,0.0,0.0,0.0,0.0,70,3600.0,4.14,9.4,2
2025-06-14 16:00:00+00:00,20.5,30,0.0,0.0,0.0,0.0,100,3600.0,3.61,9.2,3
2025-06-14 17:00:00+00:00,20.1,32,0.0,0.0,0.0,0.0,99,3600.0,2.66,7.9,3
2025-06-14 18:00:00+00:00,19.4,35,0.0,0.0,0.0,0.0,100,3600.0,2.18,5.7,3
2025-06-14 19:00:00+00:00,18.2,41,0.0,0.0,0.0,0.0,100,3600.0,1.75,4.7,3
2025-06-14 20:00:00+00:00,16.9,46,0.0,0.0,0.0,0.0,100,0.0,1.95,4.4,3
2025-06-14 21:00:00+00:00,16.3,51,0.0,0.0,0.0,0.0,92,0.0,2.1,4.2,3
2025-06-14 22:00:00+00:00,15.4,56,0.0,0.0,0.0,0.0,94,0.0,2.13,4.2,3
2025-06-14 23:00:00+00:00,13.9,64,0.0,0.0,0.0,0.0,99,0.0,1.91,4.2,3
2025-06-15 00:00:00+00:00,13.3,69,0.0,0.0,0.0,0.0,100,0.0,1.5,3.8,3
2025-06-15 01:00:00+00:00,12.8,72,0.0,0.0,0.0,0.0,100,0.0,1.23,2.6,3
2025-06-15 02:00:00+00:00,12.4,74,0.0,0.0,0.0,0.0,95,0.0,1.24,2.5,3
2025-06-15 03:00:00+00:00,12.9,76,0.0,0.0,0.0,0.0,87,0.0,1.14,2.5,3
2025-06-15 04:00:00+00:00,14.3,71,0.0,0.0,0.0,0.0,98,1536.4,1.26,2.6,3
2025-06-15 05:00:00+00:00,15.4,71,0.0,0.0,0.0,0.0,81,3600.0,1.58,3.7,3
2025-06-15 06:00:00+00:00,16.2,71,0.0,0.0,0.0,0.0,100,3600.0,1.87,4.7,3
2025-06-15 07:00:00+00:00,16.4,71,0.0,0.0,0.0,0.0,100,0.0,2.11,5.1,3
2025-06-15 08:00:00+00:00,16.7,70,0.0,0.0,0.0,0.0,100,1634.39,2.36,5.7,3
2025-06-15 09:00:00+00:00,16.4,72,0.0,0.0,0.0,0.0,100,0.0,2.39,5.9,3
2025-06-15 10:00:00+00:00,17.5,69,0.0,0.0,0.0,0.0,100,2783.39,2.24,6.1,3
2025-06-15 11:00:00+00:00,18.9,66,0.0,0.0,0.0,0.0,100,3600.0,2.08,6.3,3
2025-06-15 12:00:00+00:00,19.0,67,0.0,0.0,0.0,0.0,100,0.0,3.19,7.4,3
2025-06-15 13:00:00+00:00,17.5,77,0.5,0.5,0.0,0.0,100,0.0,2.77,6.3,53
2025-06-15 14:00:00+00:00,17.2,81,0.2,0.2,0.0,0.0,100,0.0,2.59,6.2,51
2025-06-15 15:00:00+00:00,17.6,76,0.0,0.0,0.0,0.0,100,3375.58,2.77,7.4,3
2025-06-15 16:00:00+00:00,17.1,76,0.0,0.0,0.0,0.0,100,0.0,2.71,6.5,3
2025-06-15 17:00:00+00:00,17.0,79,0.0,0.0,0.0,0.0,100,0.0,2.85,6.5,3
2025-06-15 18:00:00+00:00,16.9,81,0.0,0.0,0.0,0.0,100,0.0,2.71,6.2,3
2025-06-15 19:00:00+00:00,16.2,84,0.0,0.0,0.0,0.0,100,0.0,2.99,6.5,3
2025-06-15 20:00:00+00:00,15.5,88,0.0,0.0,0.0,0.0,100,0.0,3.01,6.5,3
2025-06-15 21:00:00+00:00,15.1,91,0.0,0.0,0.0,0.0,100,0.0,2.98,6.5,3
2025-06-15 22:00:00+00:00,14.9,94,0.0,0.0,0.0,0.0,100,0.0,2.75,6.3,3
2025-06-15 23:00:00+00:00,14.6,96,0.0,0.0,0.0,0.0,100,0.0,2.93,6.3,3
2025-06-16 00:00:00+00:00,14.4,97,0.0,0.0,0.0,0.0,100,0.0,2.53,6.1,3
2025-06-16 01:00:00+00:00,14.2,98,0.0,0.0,0.0,0.0,100,0.0,2.74,5.8,3
2025-06-16 02:00:00+00:00,13.8,97,0.0,0.0,0.0,0.0,100,0.0,2.96,6.1,3
2025-06-16 03:00:00+00:00,13.6,97,0.0,0.0,0.0,0.0,100,0.0,2.31,5.9,3
2025-06-16 04:00:00+00:00,13.7,97,0.0,0.0,0.0,0.0,100,0.0,1.79,4.8,3
2025-06-16 05:00:00+00:00,14.2,95,0.0,0.0,0.0,0.0,98,3515.8,1.81,4.6,3
2025-06-16 06:00:00+00:00,15.6,86,0.0,0.0,0.0,0.0,22,3600.0,1.65,4.8,1
2025-06-16 07:00:00+00:00,17.4,75,0.0,0.0,0.0,0.0,4,3600.0,2.14,5.8,0
2025-06-16 08:00:00+00:00,19.2,60,0.0,0.0,0.0,0.0,0,3600.0,2.95,7.2,0
2025-06-16 09:00:00+00:00,20.5,48,0.0,0.0,0.0,0.0,0,3600.0,3.46,8.2,0
2025-06-16 10:00:00+00:00,21.2,46,0.0,0.0,0.0,0.0,2,3600.0,3.71,8.9,0
2025-06-16 11:00:00+00:00,22.0,41,0.0,0.0,0.0,0.0,24,3600.0,3.06,8.8,1
2025-06-16 12:00:00+00:00,23.0,37,0.0,0.0,0.0,0.0,77,3600.0,3.56,8.2,2
2025-06-16 13:00:00+00:00,21.9,37,0.0,0.0,0.0,0.0,62,3600.0,3.69,10.2,2
2025-06-16 14:00:00+00:00,22.2,36,0.0,0.0,0.0,0.0,76,3600.0,5.22,11.0,2
2025-06-16 15:00:00+00:00,21.6,38,0.0,0.0,0.0,0.0,91,3600.0,4.74,11.4,3
2025-06-16 16:00:00+00:00,22.0,37,0.0,0.0,0.0,0.0,42,3600.0,3.94,10.0,1
2025-06-16 17:00:00+00:00,22.1,37,0.0,0.0,0.0,0.0,25,3600.0,4.33,8.9,1
2025-06-16 18:00:00+00:00,21.1,40,0.0,0.0,0.0,0.0,0,3600.0,4.27,9.3,0
2025-06-16 19:00:00+00:00,19.8,45,0.0,0.0,0.0,0.0,9,3600.0,4.74,9.8,0
2025-06-16 20:00:00+00:00,18.2,51,0.0,0.0,0.0,0.0,42,3600.0,4.79,10.5,1
2025-06-16 21:00:00+00:00,17.0,55,0.0,0.0,0.0,0.0,69,0.0,4.49,9.9,2
2025-06-16 22:00:00+00:00,16.2,59,0.0,0.0,0.0,0.0,55,0.0,3.8,9.2,2
2025-06-16 23:00:00+00:00,15.6,62,0.0,0.0,0.0,0.0,72,0.0,3.06,7.7,2
2025-06-17 00:00:00+00:00,15.3,64,0.0,0.0,0.0,0.0,99,0.0,2.93,6.2,3
2025-06-17 01:00:00+00:00,15.3,63,0.0,0.0,0.0,0.0,97,0.0,2.26,5.5,3
2025-06-17 02:00:00+00:00,14.4,69,0.0,0.0,0.0,0.0,98,0.0,1.69,4.7,3
2025-06-17 03:00:00+00:00,15.0,72,0.0,0.0,0.0,0.0,99,0.0,2.62,5.0,3
2025-06-17 04:00:00+00:00,14.9,73,0.1,0.1,0.0,0.0,100,3303.2,2.73,5.5,51
2025-06-17 05:00:00+00:00,15.0,72,0.2,0.2,0.0,0.0,100,3600.0,3.05,6.3,51
2025-06-17 06:00:00+00:00,15.1,72,0.1,0.1,0.0,0.0,100,482.78,3.06,6.7,51
2025-06-17 07:00:00+00:00,15.3,74,0.3,0.3,0.0,0.0,100,0.0,3.09,6.7,51
2025-06-17 08:00:00+00:00,15.0,81,0.5,0.5,0.0,0.0,100,0.0,3.56,7.3,53
2025-06-17 09:00:00+00:00,15.4,83,0.4,0.4,0.0,0.0,100,0.0,4.35,8.8,51
2025-06-17 10:00:00+00:00,16.5,77,0.4,0.4,0.0,0.0,100,3600.0,5.15,11.1,51
2025-06-17 11:00:00+00:00,16.8,78,0.4,0.4,0.0,0.0,100,470.01,4.38,11.1,51
2025-06-17 12:00:00+00:00,18.1,72,0.0,0.0,0.0,0.0,16,2949.33,4.01,9.6,0
2025-06-17 13:00:00+00:00,18.0,70,0.0,0.0,0.0,0.0,98,3600.0,4.81,12.0,3
2025-06-17 14:00:00+00:00,17.8,74,0.0,0.0,0.0,0.0,97,0.0,4.81,10.7,3
2025-06-17 15:00:00+00:00,18.6,72,0.0,0.0,0.0,0.0,33,3596.0,4.9,11.0,1
2025-06-17 16:00:00+00:00,19.6,67,0.0,0.0,0.0,0.0,35,3600.0,4.85,11.1,1
2025-06-17 17:00:00+00:00,20.3,59,0.0,0.0,0.0,0.0,27,3600.0,4.35,10.4,1
2025-06-17 18:00:00+00:00,20.2,53,0.0,0.0,0.0,0.0,85,3600.0,4.44,10.0,3
2025-06-17 19:00:00+00:00,18.9,58,0.0,0.0,0.0,0.0,100,3600.0,4.7,9.8,3
2025-06-17 20:00:00+00:00,17.7,62,0.0,0.0,0.0,0.0,100,0.0,4.12,9.6,3
2025-06-17 21:00:00+00:00,17.0,64,0.0,0.0,0.0,0.0,81,0.0,4.26,8.2,3
2025-06-17 22:00:00+00:00,15.8,59,0.0,0.0,0.0,0.0,96,0.0,4.05,9.1,3
2025-06-17 23:00:00+00:00,14.9,63,0.0,0.0,0.0,0.0,100,0.0,3.15,8.2,3
2025-06-18 00:00:00+00:00,14.1,67,0.0,0.0,0.0,0.0,100,0.0,2.47,6.4,3
2025-06-18 01:00:00+00:00,12.6,74,0.0,0.0,0.0,0.0,90,0.0,1.39,4.6,3
2025-06-18 02:00:00+00:00,12.0,78,0.0,0.0,0.0,0.0,91,0.0,1.37,3.0,3
2025-06-18 03:00:00+00:00,12.6,76,0.0,0.0,0.0,0.0,59,1103.78,1.57,3.3,2
2025-06-18 04:00:00+00:00,13.5,67,0.0,0.0,0.0,0.0,45,3600.0,2.56,5.1,1
2025-06-18 05:00:00+00:00,14.2,58,0.0,0.0,0.0,0.0,77,3600.0,2.95,6.4,2
2025-06-18 06:00:00+00:00,14.9,51,0.0,0.0,0.0,0.0,19,3600.0,3.26,7.5,0
2025-06-18 07:00:00+00:00,15.6,46,0.0,0.0,0.0,0.0,1,3600.0,3.28,7.8,0
2025-06-18 08:00:00+00:00,16.4,43,0.0,0.0,0.0,0.0,0,3600.0,3.42,8.3,0
2025-06-18 09:00:00+00:00,17.0,42,0.0,0.0,0.0,0.0,0,3600.0,4.0,9.4,0
2025-06-18 10:00:00+00:00,18.5,36,0.0,0.0,0.0,0.0,75,3600.0,3.73,9.9,2
2025-06-18 11:00:00+00:00,19.7,33,0.0,0.0,0.0,0.0,59,3600.0,5.4,11.6,2
2025-06-18 12:00:00+00:00,18.9,37,0.0,0.0,0.0,0.0,29,3600.0,5.32,12.5,1
2025-06-18 13:00:00+00:00,19.8,34,0.0,0.0,0.0,0.0,41,3600.0,4.05,9.6,1
2025-06-18 14:00:00+00:00,19.2,37,0.1,0.1,0.0,0.0,93,3600.0,5.04,10.8,51
2025-06-18 15:00:00+00:00,17.8,47,0.0,0.0,0.0,0.0,4,3600.0,4.6,12.2,0
2025-06-18 16:00:00+00:00,17.8,51,0.4,0.4,0.0,0.0,42,3600.0,4.33,10.1,51
2025-06-18 17:00:00+00:00,17.6,49,0.4,0.4,0.0,0.0,19,3600.0,4.16,10.6,51
2025-06-18 18:00:00+00:00,17.1,50,0.0,0.0,0.0,0.0,4,3600.0,3.24,8.7,0
2025-06-18 19:00:00+00:00,16.4,53,0.0,0.0,0.0,0.0,14,3600.0,2.29,6.9,0
2025-06-18 20:00:00+00:00,15.2,60,0.0,0.0,0.0,0.0,2,3600.0,1.81,4.7,0
2025-06-18 21:00:00+00:00,15.1,53,0.0,0.0,0.0,0.0,1,0.0,4.47,8.9,0
2025-06-18 22:00:00+00:00,14.2,52,0.0,0.0,0.0,0.0,9,0.0,4.39,9.6,0
2025-06-18 23:00:00+00:00,13.3,56,0.0,0.0,0.0,0.0,0,0.0,4.43,9.2,0
2025-06-19 00:00:00+00:00,12.4,60,0.0,0.0,0.0,0.0,0,0.0,4.23,9.2,0
2025-06-19 01:00:00+00:00,11.6,64,0.0,0.0,0.0,0.0,4,0.0,3.05,6.8,0
2025-06-19 02:00:00+00:00,11.1,66,0.0,0.0,0.0,0.0,3,0.0,2.74,6.5,0
2025-06-19 03:00:00+00:00,11.1,66,0.0,0.0,0.0,0.0,1,2484.43,2.79,5.9,0
2025-06-19 04:00:00+00:00,11.5,63,0.0,0.0,0.0,0.0,16,3600.0,2.83,6.6,0
2025-06-19 05:00:00+00:00,12.4,58,0.0,0.0,0.0,0.0,11,3600.0,2.82,6.6,0
2025-06-19 06:00:00+00:00,13.5,54,0.0,0.0,0.0,0.0,0,3600.0,2.42,6.5,0
2025-06-19 07:00:00+00:00,14.9,47,0.0,0.0,0.0,0.0,0,3600.0,3.11,7.4,0
2025-06-19 08:00:00+00:00,16.2,41,0.0,0.0,0.0,0.0,23,3600.0,3.71,8.6,1
2025-06-19 09:00:00+00:00,17.2,37,0.0,0.0,0.0,0.0,86,3600.0,4.0,9.4,3
2025-06-19 10:00:00+00:00,17.4,36,0.0,0.0,0.0,0.0,95,3600.0,3.69,9.4,3
2025-06-19 11:00:00+00:00,18.4,34,0.0,0.0,0.0,0.0,89,3600.0,3.69,9.0,3
2025-06-19 12:00:00+00:00,19.1,31,0.0,0.0,0.0,0.0,68,3600.0,4.0,9.1,2
2025-06-19 13:00:00+00:00,19.1,32,0.0,0.0,0.0,0.0,60,3600.0,2.82,7.5,2
2025-06-19 14:00:00+00:00,19.4,30,0.0,0.0,0.0,0.0,35,3600.0,2.83,7.2,1
2025-06-19 15:00:00+00:00,19.7,30,0.0,0.0,0.0,0.0,46,3600.0,3.58,7.8,1
2025-06-19 16:00:00+00:00,19.8,30,0.0,0.0,0.0,0.0,32,3600.0,4.32,9.3,1
2025-06-19 17:00:00+00:00,19.6,31,0.0,0.0,0.0,0.0,29,3600.0,3.7,9.7,1
2025-06-19 18:00:00+00:00,19.3,31,0.0,0.0,0.0,0.0,46,3600.0,3.12,7.7,1
2025-06-19 19:00:00+00:00,18.1,39,0.0,0.0,0.0,0.0,11,3600.0,1.8,6.5,0
2025-06-19 20:00:00+00:00,16.3,48,0.0,0.0,0.0,0.0,5,3600.0,0.56,3.8,0
2025-06-19 21:00:00+00:00,14.4,56,0.0,0.0,0.0,0.0,7,0.0,0.79,1.7,0
2025-06-19 22:00:00+00:00,13.0,69,0.0,0.0,0.0,0.0,2,0.0,0.67,1.8,0
2025-06-19 23:00:00+00:00,11.9,78,0.0,0.0,0.0,0.0,0,0.0,1.6,3.1,0
2025-06-20 00:00:00+00:00,12.3,70,0.0,0.0,0.0,0.0,0,0.0,1.92,4.1,0
2025-06-20 01:00:00+00:00,10.8,71,0.0,0.0,0.0,0.0,1,0.0,1.55,3.5,0
2025-06-20 02:00:00+00:00,10.4,73,0.0,0.0,0.0,0.0,14,0.0,1.57,3.4,0
2025-06-20 03:00:00+00:00,10.7,74,0.0,0.0,0.0,0.0,32,2490.22,1.37,3.4,1
2025-06-20 04:00:00+00:00,11.9,70,0.0,0.0,0.0,0.0,0,3600.0,1.21,3.0,0
2025-06-20 05:00:00+00:00,13.3,60,0.0,0.0,0.0,0.0,2,3600.0,1.01,3.0,0
2025-06-20 06:00:00+00:00,14.8,51,0.0,0.0,0.0,0.0,0,3600.0,0.71,3.0,0
2025-06-20 07:00:00+00:00,16.0,47,0.0,0.0,0.0,0.0,80,3600.0,0.16,3.0,3
2025-06-20 08:00:00+00:00,16.8,44,0.0,0.0,0.0,0.0,94,3600.0,1.24,4.3,3
2025-06-20 09:00:00+00:00,17.2,43,0.0,0.0,0.0,0.0,23,3600.0,2.21,6.3,1
2025-06-20 10:00:00+00:00,17.7,43,0.0,0.0,0.0,0.0,59,3600.0,2.4,6.8,2
2025-06-20 11:00:00+00:00,19.0,39,0.0,0.0,0.0,0.0,100,3600.0,2.06,6.7,3
2025-06-20 12:00:00+00:00,19.7,37,0.0,0.0,0.0,0.0,100,3600.0,1.99,6.1,3
2025-06-20 13:00:00+00:00,20.0,37,0.0,0.0,0.0,0.0,100,3600.0,2.4,6.3,3
2025-06-20 14:00:00+00:00,20.3,37,0.0,0.0,0.0,0.0,100,3600.0,3.22,7.7,3
2025-06-20 15:00:00+00:00,20.0,39,0.0,0.0,0.0,0.0,100,3600.0,3.24,7.8,3
2025-06-20 16:00:00+00:00,19.5,41,0.0,0.0,0.0,0.0,100,1020.16,4.37,9.3,3
2025-06-20 17:00:00+00:00,18.5,45,0.0,0.0,0.0,0.0,100,721.59,4.66,10.3,3
2025-06-20 18:00:00+00:00,17.4,50,0.0,0.0,0.0,0.0,100,1474.33,4.47,9.7,3
2025-06-20 19:00:00+00:00,16.7,54,0.0,0.0,0.0,0.0,91,0.0,4.5,9.5,3
2025-06-20 20:00:00+00:00,15.7,59,0.0,0.0,0.0,0.0,87,0.0,4.0,9.4,3
2025-06-20 21:00:00+00:00,14.4,76,0.0,0.0,0.0,0.0,38,0.0,4.1,9.1,1
2025-06-20 22:00:00+00:00,14.0,83,0.0,0.0,0.0,0.0,0,0.0,2.97,8.7,0
2025-06-20 23:00:00+00:00,14.2,82,0.0,0.0,0.0,0.0,2,0.0,2.56,6.4,0
2025-06-21 00:00:00+00:00,14.5,79,0.0,0.0,0.0,0.0,3,0.0,2.45,5.4,0
2025-06-21 01:00:00+00:00,13.5,82,0.0,0.0,0.0,0.0,65,0.0,1.77,4.9,2
2025-06-21 02:00:00+00:00,13.6,84,0.0,0.0,0.0,0.0,96,0.0,1.65,4.0,3
2025-06-21 03:00:00+00:00,14.0,80,0.0,0.0,0.0,0.0,96,0.0,2.05,4.3,3
2025-06-21 04:00:00+00:00,14.9,67,0.0,0.0,0.0,0.0,74,2216.28,2.71,5.8,2
2025-06-21 05:00:00+00:00,15.5,63,0.0,0.0,0.0,0.0,32,3600.0,2.6,6.2,1
2025-06-21 06:00:00+00:00,16.6,52,0.0,0.0,0.0,0.0,6,3600.0,2.6,6.1,0
2025-06-21 07:00:00+00:00,17.6,42,0.0,0.0,0.0,0.0,64,3600.0,2.58,6.6,2
2025-06-21 08:00:00+00:00,18.5,39,0.0,0.0,0.0,0.0,69,3600.0,2.22,6.5,2
2025-06-21 09:00:00+00:00,19.5,37,0.0,0.0,0.0,0.0,60,3600.0,1.82,6.1,2
2025-06-21 10:00:00+00:00,20.3,36,0.0,0.0,0.0,0.0,33,3600.0,1.5,5.6,1
2025-06-21 11:00:00+00:00,21.3,33,0.0,0.0,0.0,0.0,14,3600.0,1.86,5.8,0
2025-06-21 12:00:00+00:00,21.8,31,0.0,0.0,0.0,0.0,2,3600.0,3.56,8.7,0
2025-06-21 13:00:00+00:00,22.4,26,0.0,0.0,0.0,0.0,1,3600.0,3.06,7.9,0
2025-06-21 14:00:00+00:00,22.1,28,0.0,0.0,0.0,0.0,0,3600.0,3.18,8.3,0
2025-06-21 15:00:00+00:00,22.9,26,0.0,0.0,0.0,0.0,2,3600.0,2.48,7.9,0
2025-06-21 16:00:00+00:00,23.3,27,0.0,0.0,0.0,0.0,3,3600.0,2.75,8.0,0
2025-06-21 17:00:00+00:00,22.4,28,0.0,0.0,0.0,0.0,7,3600.0,2.27,6.6,0
2025-06-21 18:00:00+00:00,21.9,29,0.0,0.0,0.0,0.0,0,3600.0,2.71,6.4,0
2025-06-21 19:00:00+00:00,20.6,33,0.0,0.0,0.0,0.0,1,3600.0,2.5,5.9,0
2025-06-21 20:00:00+00:00,18.9,37,0.0,0.0,0.0,0.0,3,3600.0,4.14,7.9,0
2025-06-21 21:00:00+00:00,17.2,42,0.0,0.0,0.0,0.0,5,0.0,3.35,8.6,0
2025-06-21 22:00:00+00:00,16.0,47,0.0,0.0,0.0,0.0,8,0.0,3.11,6.7,0
2025-06-21 23:00:00+00:00,14.9,52,0.0,0.0,0.0,0.0,49,0.0,2.55,6.4,1
2025-06-22 00:00:00+00:00,14.0,58,0.0,0.0,0.0,0.0,99,0.0,2.44,5.3,3
2025-06-22 01:00:00+00:00,12.3,63,0.0,0.0,0.0,0.0,100,0.0,1.63,4.1,3
2025-06-22 02:00:00+00:00,12.0,66,0.0,0.0,0.0,0.0,84,0.0,2.05,4.4,3
2025-06-22 03:00:00+00:00,11.8,66,0.0,0.0,0.0,0.0,98,1816.79,2.33,4.8,3
2025-06-22 04:00:00+00:00,12.2,63,0.0,0.0,0.0,0.0,100,3350.04,2.23,4.9,3
2025-06-22 05:00:00+00:00,13.0,58,0.0,0.0,0.0,0.0,100,3600.0,1.92,4.9,3
2025-06-22 06:00:00+00:00,14.2,55,0.0,0.0,0.0,0.0,100,3600.0,2.1,5.4,3
2025-06-22 07:00:00+00:00,15.4,53,0.0,0.0,0.0,0.0,99,2225.92,1.35,5.3,3
2025-06-22 08:00:00+00:00,17.2,49,0.0,0.0,0.0,0.0,79,3600.0,2.07,5.6,2
2025-06-22 09:00:00+00:00,18.4,48,0.0,0.0,0.0,0.0,98,3600.0,2.44,6.4,3
2025-06-22 10:00:00+00:00,20.3,46,0.0,0.0,0.0,0.0,99,3600.0,3.47,8.4,3
2025-06-22 11:00:00+00:00,21.3,43,0.0,0.0,0.0,0.0,100,3600.0,3.65,9.1,3
2025-06-22 12:00:00+00:00,22.6,37,0.0,0.0,0.0,0.0,100,3600.0,3.75,8.9,3
2025-06-22 13:00:00+00:00,20.5,43,0.0,0.0,0.0,0.0,100,0.0,3.68,8.1,3
2025-06-22 14:00:00+00:00,19.3,57,0.4,0.4,0.0,0.0,100,295.96,3.58,8.8,51
2025-06-22 15:00:00+00:00,18.9,63,0.0,0.0,0.0,0.0,100,0.0,3.5,8.4,3
2025-06-22 16:00:00+00:00,18.9,64,0.0,0.0,0.0,0.0,100,800.07,3.06,8.4,3
2025-06-22 17:00:00+00:00,18.6,62,0.0,0.0,0.0,0.0,95,0.0,2.78,6.8,3
2025-06-22 18:00:00+00:00,18.7,60,0.0,0.0,0.0,0.0,71,3600.0,3.38,7.6,2
2025-06-22 19:00:00+00:00,18.8,63,0.0,0.0,0.0,0.0,53,3600.0,3.27,7.3,2
2025-06-22 20:00:00+00:00,18.3,65,0.0,0.0,0.0,0.0,100,1358.74,4.64,9.3,3
2025-06-22 21:00:00+00:00,16.9,76,0.0,0.0,0.0,0.0,100,0.0,3.65,9.8,3
2025-06-22 22:00:00+00:00,16.4,84,1.0,1.0,0.0,0.0,100,0.0,4.34,8.2,55
2025-06-22 23:00:00+00:00,15.8,88,0.1,0.1,0.0,0.0,100,0.0,5.24,10.3,51
2025-06-23 00:00:00+00:00,15.3,92,1.1,1.1,0.0,0.0,100,0.0,5.24,10.7,55
2025-06-23 01:00:00+00:00,15.1,98,0.6,0.6,0.0,0.0,100,0.0,5.4,10.6,53
2025-06-23 02:00:00+00:00,14.8,97,0.1,0.1,0.0,0.0,100,0.0,5.0,11.1,51
2025-06-23 03:00:00+00:00,14.6,96,0.2,0.2,0.0,0.0,92,0.0,5.19,10.0,51
2025-06-23 04:00:00+00:00,14.6,95,0.0,0.0,0.0,0.0,100,0.0,4.69,10.0,3
2025-06-23 05:00:00+00:00,14.5,96,0.3,0.3,0.0,0.0,92,0.0,4.58,9.2,51
2025-06-23 06:00:00+00:00,14.9,95,0.0,0.0,0.0,0.0,32,0.0,3.68,9.4,1
2025-06-23 07:00:00+00:00,14.8,82,0.9,0.9,0.0,0.0,95,3600.0,5.11,10.9,53
2025-06-23 08:00:00+00:00,15.5,84,0.8,0.8,0.0,0.0,90,3600.0,4.65,10.7,53
2025-06-23 09:00:00+00:00,15.6,86,1.3,1.3,0.0,0.0,96,920.31,4.51,9.9,61
2025-06-23 10:00:00+00:00,16.4,81,0.8,0.8,0.0,0.0,27,3600.0,3.73,9.8,53
2025-06-23 11:00:00+00:00,17.9,71,0.1,0.1,0.0,0.0,18,3600.0,3.49,9.8,51
2025-06-23 12:00:00+00:00,18.3,64,0.0,0.0,0.0,0.0,45,3600.0,4.18,10.0,1
2025-06-23 13:00:00+00:00,15.8,86,1.9,1.9,0.0,0.0,93,2117.0,2.71,9.2,61
2025-06-23 14:00:00+00:00,15.8,80,0.1,0.1,0.0,0.0,100,3048.91,2.66,7.2,51
2025-06-23 15:00:00+00:00,14.7,82,0.1,0.1,0.0,0.0,100,0.0,4.15,10.4,51
2025-06-23 16:00:00+00:00,15.2,81,0.1,0.1,0.0,0.0,58,3600.0,2.89,8.7,51
2025-06-23 17:00:00+00:00,15.7,77,0.0,0.0,0.0,0.0,100,3600.0,2.43,6.8,3
2025-06-23 18:00:00+00:00,15.5,74,0.7,0.7,0.0,0.0,96,3236.64,2.72,5.8,53
2025-06-23 19:00:00+00:00,14.0,87,1.1,1.1,0.0,0.0,92,0.0,2.02,5.7,55
2025-06-23 20:00:00+00:00,13.7,86,0.0,0.0,0.0,0.0,71,0.0,0.93,4.0,2
2025-06-23 21:00:00+00:00,13.7,85,0.0,0.0,0.0,0.0,96,0.0,1.78,3.7,3
2025-06-23 22:00:00+00:00,13.1,85,0.0,0.0,0.0,0.0,38,0.0,1.5,3.7,1
2025-06-23 23:00:00+00:00,13.2,83,0.0,0.0,0.0,0.0,47,0.0,2.05,4.0,1
2025-06-24 00:00:00+00:00,13.0,81,0.0,0.0,0.0,0.0,100,0.0,2.6,5.1,3
2025-06-24 01:00:00+00:00,12.1,75,0.0,0.0,0.0,0.0,100,0.0,2.65,6.2,3
2025-06-24 02:00:00+00:00,12.0,76,0.0,0.0,0.0,0.0,97,0.0,2.5,5.5,3
2025-06-24 03:00:00+00:00,12.1,76,0.0,0.0,0.0,0.0,63,0.0,2.55,5.2,2
2025-06-24 04:00:00+00:00,12.7,72,0.0,0.0,0.0,0.0,75,3600.0,2.71,5.9,2
2025-06-24 05:00:00+00:00,13.4,69,0.0,0.0,0.0,0.0,100,3600.0,2.76,6.1,3
2025-06-24 06:00:00+00:00,14.6,64,0.0,0.0,0.0,0.0,99,3600.0,2.76,6.6,3
2025-06-24 07:00:00+00:00,15.4,62,0.0,0.0,0.0,0.0,99,3600.0,2.93,7.0,3
2025-06-24 08:00:00+00:00,16.1,62,0.0,0.0,0.0,0.0,100,3600.0,3.11,7.4,3
2025-06-24 09:00:00+00:00,16.1,63,0.0,0.0,0.0,0.0,100,2415.35,3.05,7.4,3
2025-06-24 10:00:00+00:00,15.5,67,0.1,0.1,0.0,0.0,100,0.0,2.94,7.3,51
2025-06-24 11:00:00+00:00,15.9,65,0.0,0.0,0.0,0.0,100,0.0,2.69,7.0,3
2025-06-24 12:00:00+00:00,16.9,63,0.0,0.0,0.0,0.0,100,3600.0,2.44,6.7,3
2025-06-24 13:00:00+00:00,17.4,59,0.0,0.0,0.0,0.0,85,3576.85,2.37,7.7,3
2025-06-24 14:00:00+00:00,17.6,59,0.0,0.0,0.0,0.0,92,3600.0,2.16,7.3,3
2025-06-24 15:00:00+00:00,18.2,57,0.0,0.0,0.0,0.0,91,3600.0,2.14,7.2,3
2025-06-24 16:00:00+00:00,17.8,57,0.0,0.0,0.0,0.0,78,3600.0,2.14,7.0,2
2025-06-24 17:00:00+00:00,17.8,55,0.0,0.0,0.0,0.0,77,3600.0,1.52,5.5,2
2025-06-24 18:00:00+00:00,17.4,58,0.0,0.0,0.0,0.0,71,2768.35,1.36,3.9,2
2025-06-24 19:00:00+00:00,16.4,70,0.0,0.0,0.0,0.0,58,2618.33,0.91,3.2,2
2025-06-24 20:00:00+00:00,15.5,75,0.0,0.0,0.0,0.0,72,1984.84,0.86,1.9,2
2025-06-24 21:00:00+00:00,14.5,78,0.0,0.0,0.0,0.0,97,0.0,1.16,2.3,3
2025-06-24 22:00:00+00:00,14.1,80,0.0,0.0,0.0,0.0,100,0.0,1.28,2.9,3
2025-06-24 23:00:00+00:00,14.4,78,0.0,0.0,0.0,0.0,100,0.0,1.8,3.7,3
2025-06-25 00:00:00+00:00,13.6,86,0.7,0.7,0.0,0.0,97,0.0,1.65,3.8,53
2025-06-25 01:00:00+00:00,13.2,87,1.0,1.0,0.0,0.0,97,0.0,1.14,2.6,55
2025-06-25 02:00:00+00:00,13.0,93,1.4,1.4,0.0,0.0,100,0.0,1.58,3.2,61
2025-06-25 03:00:00+00:00,12.8,96,1.5,1.5,0.0,0.0,100,0.0,1.86,3.9,61
2025-06-25 04:00:00+00:00,13.3,92,0.8,0.8,0.0,0.0,99,0.0,1.46,3.8,53
2025-06-25 05:00:00+00:00,14.1,89,0.0,0.0,0.0,0.0,92,1509.64,2.08,4.1,3
2025-06-25 06:00:00+00:00,15.3,83,0.0,0.0,0.0,0.0,100,3600.0,2.33,5.5,3
2025-06-25 07:00:00+00:00,16.3,70,0.0,0.0,0.0,0.0,37,3600.0,3.1,7.7,1
2025-06-25 08:00:00+00:00,17.4,61,0.0,0.0,0.0,0.0,14,3600.0,3.45,8.1,0
2025-06-25 09:00:00+00:00,18.6,54,0.0,0.0,0.0,0.0,26,3600.0,3.25,8.0,1
2025-06-25 10:00:00+00:00,19.9,48,0.0,0.0,0.0,0.0,29,3600.0,2.76,7.8,1
2025-06-25 11:00:00+00:00,20.9,44,0.1,0.1,0.0,0.0,39,3600.0,2.2,6.9,51
2025-06-25 12:00:00+00:00,21.6,43,0.0,0.0,0.0,0.0,64,3600.0,2.98,7.1,2
2025-06-25 13:00:00+00:00,20.9,48,0.0,0.0,0.0,0.0,84,3600.0,2.42,6.4,3
2025-06-25 14:00:00+00:00,21.0,47,0.0,0.0,0.0,0.0,54,3600.0,2.42,6.4,2
2025-06-25 15:00:00+00:00,21.5,45,0.0,0.0,0.0,0.0,43,3600.0,2.15,6.0,1
2025-06-25 16:00:00+00:00,21.8,44,0.0,0.0,0.0,0.0,45,3600.0,2.34,5.7,1
2025-06-25 17:00:00+00:00,21.5,46,0.0,0.0,0.0,0.0,12,3600.0,2.62,5.7,0
2025-06-25 18:00:00+00:00,20.6,53,0.0,0.0,0.0,0.0,2,3600.0,2.78,6.0,0
2025-06-25 19:00:00+00:00,19.1,62,0.0,0.0,0.0,0.0,1,3600.0,4.16,8.1,0
2025-06-25 20:00:00+00:00,17.4,69,0.0,0.0,0.0,0.0,2,3600.0,3.46,8.3,0
2025-06-25 21:00:00+00:00,16.5,67,0.0,0.0,0.0,0.0,4,0.0,2.97,6.9,0
2025-06-25 22:00:00+00:00,15.7,69,0.0,0.0,0.0,0.0,1,0.0,2.37,6.0,0
2025-06-25 23:00:00+00:00,15.1,74,0.0,0.0,0.0,0.0,20,0.0,2.64,5.1,1
2025-06-26 00:00:00+00:00,14.4,81,0.0,0.0,0.0,0.0,14,0.0,2.44,5.3,0
2025-06-26 01:00:00+00:00,13.5,86,0.0,0.0,0.0,0.0,7,0.0,2.23,5.3,0
2025-06-26 02:00:00+00:00,12.7,89,0.0,0.0,0.0,0.0,20,0.0,1.61,4.4,1
2025-06-26 03:00:00+00:00,12.9,90,0.0,0.0,0.0,0.0,14,1866.98,2.23,4.4,0
2025-06-26 04:00:00+00:00,13.5,90,0.0,0.0,0.0,0.0,66,3600.0,2.97,6.0,2
2025-06-26 05:00:00+00:00,14.1,90,0.0,0.0,0.0,0.0,91,3600.0,3.36,7.5,3
2025-06-26 06:00:00+00:00,15.6,81,0.0,0.0,0.0,0.0,36,3600.0,2.8,7.3,1
2025-06-26 07:00:00+00:00,17.0,71,0.0,0.0,0.0,0.0,41,3600.0,3.11,7.3,1
2025-06-26 08:00:00+00:00,17.8,68,0.0,0.0,0.0,0.0,21,3600.0,3.46,8.2,1
2025-06-26 09:00:00+00:00,18.4,65,0.0,0.0,0.0,0.0,31,3600.0,3.8,8.8,1
2025-06-26 10:00:00+00:00,18.7,63,0.0,0.0,0.0,0.0,27,3600.0,4.35,10.4,1
2025-06-26 11:00:00+00:00,19.2,53,0.0,0.0,0.0,0.0,99,3600.0,4.7,10.7,3
2025-06-26 12:00:00+00:00,19.1,55,0.0,0.0,0.0,0.0,100,3600.0,5.51,12.2,3
2025-06-26 13:00:00+00:00,18.1,60,0.0,0.0,0.0,0.0,99,3600.0,6.13,13.6,3
2025-06-26 14:00:00+00:00,17.8,61,0.0,0.0,0.0,0.0,94,3600.0,6.05,13.6,3
2025-06-26 15:00:00+00:00,17.3,62,0.0,0.0,0.0,0.0,100,3600.0,5.81,13.3,3
2025-06-26 16:00:00+00:00,16.3,70,0.0,0.0,0.0,0.0,100,0.0,5.81,12.6,3
2025-06-26 17:00:00+00:00,16.1,72,0.0,0.0,0.0,0.0,100,647.02,4.9,12.5,3
2025-06-26 18:00:00+00:00,15.6,78,0.6,0.6,0.0,0.0,100,64.71,4.5,11.2,53
2025-06-26 19:00:00+00:00,15.1,82,0.0,0.0,0.0,0.0,100,0.0,4.38,8.9,3
2025-06-26 20:00:00+00:00,14.8,83,0.0,0.0,0.0,0.0,100,0.0,3.95,8.9,3
2025-06-26 21:00:00+00:00,14.5,86,0.0,0.0,0.0,0.0,100,0.0,3.63,8.0,3
2025-06-26 22:00:00+00:00,14.4,88,0.0,0.0,0.0,0.0,100,0.0,4.05,8.1,3
2025-06-26 23:00:00+00:00,14.4,90,0.3,0.3,0.0,0.0,100,0.0,4.52,9.3,51
2025-06-27 00:00:00+00:00,13.9,96,1.1,1.1,0.0,0.0,100,0.0,4.41,9.2,55
2025-06-27 01:00:00+00:00,14.0,97,0.4,0.4,0.0,0.0,100,0.0,4.8,9.8,51
2025-06-27 02:00:00+00:00,13.8,97,0.3,0.3,0.0,0.0,100,0.0,4.86,10.0,51
2025-06-27 03:00:00+00:00,13.8,98,0.5,0.5,0.0,0.0,100,0.0,4.92,9.8,53
2025-06-27 04:00:00+00:00,13.9,97,0.1,0.1,0.0,0.0,97,0.0,4.99,10.3,51
2025-06-27 05:00:00+00:00,14.4,93,0.1,0.1,0.0,0.0,75,0.0,4.43,10.2,51
2025-06-27 06:00:00+00:00,15.3,88,0.1,0.1,0.0,0.0,100,2753.14,4.12,9.4,51
2025-06-27 07:00:00+00:00,16.7,82,0.1,0.1,0.0,0.0,31,3600.0,3.02,8.3,51
2025-06-27 08:00:00+00:00,18.4,71,0.0,0.0,0.0,0.0,49,3600.0,2.82,7.4,1
2025-06-27 09:00:00+00:00,19.7,56,0.0,0.0,0.0,0.0,28,3600.0,3.72,9.4,1
2025-06-27 10:00:00+00:00,20.4,44,0.0,0.0,0.0,0.0,23,3600.0,4.48,10.2,1
2025-06-27 11:00:00+00:00,21.5,38,0.0,0.0,0.0,0.0,0,3600.0,4.64,10.6,0
2025-06-27 12:00:00+00:00,22.1,35,0.0,0.0,0.0,0.0,1,3600.0,4.95,11.2,0
2025-06-27 13:00:00+00:00,21.1,35,0.0,0.0,0.0,0.0,6,3600.0,4.87,11.9,0
2025-06-27 14:00:00+00:00,21.9,31,0.0,0.0,0.0,0.0,69,3600.0,3.42,10.9,2
2025-06-27 15:00:00+00:00,22.1,30,0.0,0.0,0.0,0.0,98,3600.0,4.24,9.9,3
2025-06-27 16:00:00+00:00,21.6,34,0.0,0.0,0.0,0.0,70,3600.0,3.49,9.3,2
2025-06-27 17:00:00+00:00,21.4,34,0.0,0.0,0.0,0.0,33,3600.0,3.08,7.4,1
2025-06-27 18:00:00+00:00,21.0,36,0.0,0.0,0.0,0.0,56,3600.0,3.18,6.5,2
2025-06-27 19:00:00+00:00,19.5,44,0.0,0.0,0.0,0.0,13,3600.0,4.47,9.1,0
2025-06-27 20:00:00+00:00,17.9,48,0.0,0.0,0.0,0.0,54,3600.0,3.09,9.3,2
2025-06-27 21:00:00+00:00,15.8,58,0.0,0.0,0.0,0.0,50,0.0,1.79,6.2,2
2025-06-27 22:00:00+00:00,15.0,61,0.0,0.0,0.0,0.0,100,0.0,1.57,3.6,3
2025-06-27 23:00:00+00:00,15.6,57,0.0,0.0,0.0,0.0,99,0.0,0.4,3.2,3
2025-06-28 00:00:00+00:00,14.5,68,0.0,0.0,0.0,0.0,91,0.0,1.07,2.2,3
2025-06-28 01:00:00+00:00,14.8,70,0.0,0.0,0.0,0.0,100,0.0,1.05,2.0,3
2025-06-28 02:00:00+00:00,15.0,68,0.0,0.0,0.0,0.0,100,0.0,2.15,3.9,3
2025-06-28 03:00:00+00:00,14.5,70,0.2,0.2,0.0,0.0,100,0.0,2.47,5.5,51
2025-06-28 04:00:00+00:00,13.9,78,0.3,0.3,0.0,0.0,100,0.0,2.78,5.8,51
2025-06-28 05:00:00+00:00,13.5,91,0.9,0.9,0.0,0.0,100,0.0,4.34,8.0,53
2025-06-28 06:00:00+00:00,14.0,96,0.3,0.3,0.0,0.0,100,0.0,4.95,9.8,51
2025-06-28 07:00:00+00:00,14.5,96,0.1,0.1,0.0,0.0,100,0.0,5.36,10.7,51
2025-06-28 08:00:00+00:00,14.8,95,0.1,0.1,0.0,0.0,100,0.0,5.79,12.2,51
2025-06-28 09:00:00+00:00,15.6,93,0.1,0.1,0.0,0.0,100,0.0,4.16,11.1,51
2025-06-28 10:00:00+00:00,16.0,93,0.0,0.0,0.0,0.0,100,0.0,3.69,8.1,3
2025-06-28 11:00:00+00:00,17.3,85,0.0,0.0,0.0,0.0,100,0.0,3.68,9.6,3
2025-06-28 12:00:00+00:00,19.1,78,0.0,0.0,0.0,0.0,88,0.0,2.51,7.5,3
2025-06-28 13:00:00+00:00,21.4,69,0.0,0.0,0.0,0.0,63,3600.0,5.24,10.8,2
2025-06-28 14:00:00+00:00,22.4,63,0.0,0.0,0.0,0.0,24,3600.0,6.92,14.8,1
2025-06-28 15:00:00+00:00,23.4,51,0.0,0.0,0.0,0.0,3,3600.0,6.4,15.3,0
2025-06-28 16:00:00+00:00,22.7,40,0.0,0.0,0.0,0.0,4,3600.0,6.51,14.9,0
2025-06-28 17:00:00+00:00,22.2,39,0.0,0.0,0.0,0.0,3,3600.0,5.89,13.3,0
2025-06-28 18:00:00+00:00,21.0,43,0.0,0.0,0.0,0.0,1,3600.0,5.75,12.3,0
2025-06-28 19:00:00+00:00,19.6,47,0.0,0.0,0.0,0.0,15,3600.0,5.67,12.0,0
2025-06-28 20:00:00+00:00,18.4,49,0.0,0.0,0.0,0.0,1,3600.0,6.21,12.6,0
2025-06-28 21:00:00+00:00,17.5,51,0.0,0.0,0.0,0.0,1,0.0,6.06,12.7,0
2025-06-28 22:00:00+00:00,16.5,55,0.0,0.0,0.0,0.0,3,0.0,5.52,12.5,0
2025-06-28 23:00:00+00:00,15.7,58,0.0,0.0,0.0,0.0,12,0.0,4.9,11.6,0
2025-06-29 00:00:00+00:00,15.0,59,0.0,0.0,0.0,0.0,4,0.0,4.27,10.3,0
2025-06-29 01:00:00+00:00,14.1,62,0.0,0.0,0.0,0.0,17,0.0,4.51,9.3,0
2025-06-29 02:00:00+00:00,13.8,60,0.0,0.0,0.0,0.0,1,0.0,4.65,10.1,0
2025-06-29 03:00:00+00:00,13.6,62,0.0,0.0,0.0,0.0,4,2603.96,4.25,9.8,0
2025-06-29 04:00:00+00:00,13.7,61,0.0,0.0,0.0,0.0,7,3600.0,4.83,10.1,0
2025-06-29 05:00:00+00:00,14.3,57,0.0,0.0,0.0,0.0,6,3600.0,5.22,11.1,0
2025-06-29 06:00:00+00:00,15.2,55,0.0,0.0,0.0,0.0,6,3600.0,5.29,11.8,0
2025-06-29 07:00:00+00:00,16.1,54,0.0,0.0,0.0,0.0,6,3600.0,5.28,11.6,0
2025-06-29 08:00:00+00:00,17.3,52,0.0,0.0,0.0,0.0,6,3600.0,6.2,13.6,0
2025-06-29 09:00:00+00:00,19.0,47,0.0,0.0,0.0,0.0,17,3600.0,5.78,13.8,0
2025-06-29 10:00:00+00:00,20.2,42,0.0,0.0,0.0,0.0,6,3600.0,5.63,12.9,0
2025-06-29 11:00:00+00:00,21.3,37,0.0,0.0,0.0,0.0,5,3600.0,6.55,14.4,0
2025-06-29 12:00:00+00:00,21.7,35,0.0,0.0,0.0,0.0,17,3600.0,7.6,16.4,0
2025-06-29 13:00:00+00:00,21.7,33,0.0,0.0,0.0,0.0,15,3600.0,7.28,16.3,0
2025-06-29 14:00:00+00:00,21.5,33,0.0,0.0,0.0,0.0,7,3600.0,7.17,15.8,0
2025-06-29 15:00:00+00:00,20.8,35,0.0,0.0,0.0,0.0,5,3600.0,6.94,16.0,0
2025-06-29 16:00:00+00:00,20.2,37,0.0,0.0,0.0,0.0,48,3600.0,5.98,15.0,1
2025-06-29 17:00:00+00:00,19.7,38,0.0,0.0,0.0,0.0,88,3600.0,4.78,12.8,3
2025-06-29 18:00:00+00:00,19.2,41,0.0,0.0,0.0,0.0,83,3600.0,3.2,10.1,3
2025-06-29 19:00:00+00:00,18.3,45,0.0,0.0,0.0,0.0,13,3600.0,2.81,6.9,0
2025-06-29 20:00:00+00:00,17.0,51,0.0,0.0,0.0,0.0,95,3600.0,2.73,6.0,3
2025-06-29 21:00:00+00:00,16.0,57,0.0,0.0,0.0,0.0,4,0.0,3.35,6.6,0
2025-06-29 22:00:00+00:00,15.3,59,0.0,0.0,0.0,0.0,20,0.0,3.63,7.5,1
2025-06-29 23:00:00+00:00,14.6,61,0.0,0.0,0.0,0.0,7,0.0,3.45,7.5,0
2025-06-30 00:00:00+00:00,13.8,63,0.0,0.0,0.0,0.0,19,0.0,2.95,7.0,0
2025-06-30 01:00:00+00:00,12.7,71,0.0,0.0,0.0,0.0,37,0.0,1.55,5.6,1
2025-06-30 02:00:00+00:00,11.8,75,0.0,0.0,0.0,0.0,64,0.0,1.05,3.4,2
2025-06-30 03:00:00+00:00,12.3,74,0.0,0.0,0.0,0.0,77,1256.06,1.31,3.0,2
2025-06-30 04:00:00+00:00,13.7,67,0.0,0.0,0.0,0.0,54,3600.0,1.77,3.8,2
2025-06-30 05:00:00+00:00,14.9,59,0.0,0.0,0.0,0.0,78,3600.0,1.14,3.9,2
2025-06-30 06:00:00+00:00,16.0,53,0.0,0.0,0.0,0.0,98,3600.0,1.52,4.3,3
2025-06-30 07:00:00+00:00,17.0,50,0.0,0.0,0.0,0.0,96,3600.0,1.37,4.4,3
2025-06-30 08:00:00+00:00,18.1,46,0.0,0.0,0.0,0.0,68,3600.0,1.37,4.7,2
2025-06-30 09:00:00+00:00,19.1,44,0.0,0.0,0.0,0.0,72,3600.0,1.76,5.5,2
2025-06-30 10:00:00+00:00,20.0,41,0.0,0.0,0.0,0.0,49,3600.0,2.04,6.0,1
2025-06-30 11:00:00+00:00,20.3,39,0.0,0.0,0.0,0.0,82,3600.0,2.79,7.5,3
2025-06-30 12:00:00+00:00,20.9,37,0.0,0.0,0.0,0.0,87,3600.0,2.45,7.5,3
2025-06-30 13:00:00+00:00,21.5,35,0.0,0.0,0.0,0.0,39,3600.0,1.78,7.3,1
2025-06-30 14:00:00+00:00,22.1,35,0.0,0.0,0.0,0.0,11,3600.0,2.15,6.2,0
2025-06-30 15:00:00+00:00,23.3,33,0.0,0.0,0.0,0.0,3,3600.0,1.94,6.3,0
2025-06-30 16:00:00+00:00,22.5,37,0.0,0.0,0.0,0.0,5,3600.0,3.94,8.7,0
2025-06-30 17:00:00+00:00,22.2,38,0.0,0.0,0.0,0.0,10,3600.0,4.0,10.0,0
2025-06-30 18:00:00+00:00,20.9,41,0.0,0.0,0.0,0.0,0,3600.0,4.3,9.2,0
2025-06-30 19:00:00+00:00,19.5,45,0.0,0.0,0.0,0.0,0,3600.0,4.22,9.3,0
2025-06-30 20:00:00+00:00,18.1,50,0.0,0.0,0.0,0.0,0,3600.0,3.35,8.9,0
2025-06-30 21:00:00+00:00,16.9,56,0.0,0.0,0.0,0.0,0,0.0,2.36,6.8,0
2025-06-30 22:00:00+00:00,16.0,62,0.0,0.0,0.0,0.0,27,0.0,2.33,4.8,1
2025-06-30 23:00:00+00:00,15.2,71,0.0,0.0,0.0,0.0,2,0.0,2.3,4.7,0
2025-07-01 00:00:00+00:00,14.6,79,0.0,0.0,0.0,0.0,0,0.0,2.03,4.5,0
2025-07-01 01:00:00+00:00,12.9,84,0.0,0.0,0.0,0.0,5,0.0,1.77,4.2,0
2025-07-01 02:00:00+00:00,12.7,87,0.0,0.0,0.0,0.0,53,0.0,2.08,4.1,2
2025-07-01 03:00:00+00:00,12.7,89,0.0,0.0,0.0,0.0,88,1278.84,2.06,4.2,3
2025-07-01 04:00:00+00:00,13.5,85,0.0,0.0,0.0,0.0,84,3600.0,1.9,4.0,3
2025-07-01 05:00:00+00:00,14.8,81,0.0,0.0,0.0,0.0,92,3600.0,1.71,4.4,3
2025-07-01 06:00:00+00:00,16.3,78,0.0,0.0,0.0,0.0,97,3600.0,2.04,5.5,3
2025-07-01 07:00:00+00:00,18.5,71,0.0,0.0,0.0,0.0,80,3600.0,2.64,6.5,3
2025-07-01 08:00:00+00:00,20.6,62,0.0,0.0,0.0,0.0,96,3600.0,4.02,9.2,3
2025-07-01 09:00:00+00:00,22.4,52,0.0,0.0,0.0,0.0,95,3600.0,5.6,12.4,3
2025-07-01 10:00:00+00:00,23.1,36,0.0,0.0,0.0,0.0,76,3600.0,5.82,13.0,2
2025-07-01 11:00:00+00:00,23.2,28,0.0,0.0,0.0,0.0,77,3600.0,5.93,13.2,2
2025-07-01 12:00:00+00:00,22.7,37,0.0,0.0,0.0,0.0,97,3600.0,5.97,13.3,3
2025-07-01 13:00:00+00:00,22.0,41,0.0,0.0,0.0,0.0,100,3600.0,5.86,13.4,3
2025-07-01 14:00:00+00:00,20.7,52,0.0,0.0,0.0,0.0,100,0.0,5.28,12.8,3
2025-07-01 15:00:00+00:00,19.7,60,0.0,0.0,0.0,0.0,85,0.0,5.0,11.2,3
2025-07-01 16:00:00+00:00,20.2,59,0.0,0.0,0.0,0.0,100,3600.0,4.35,10.8,3
2025-07-01 17:00:00+00:00,19.6,61,0.0,0.0,0.0,0.0,100,3600.0,4.4,9.8,3
2025-07-01 18:00:00+00:00,18.8,65,0.0,0.0,0.0,0.0,78,0.0,3.6,9.3,2
2025-07-01 19:00:00+00:00,19.0,64,0.0,0.0,0.0,0.0,16,3600.0,3.82,8.0,0
2025-07-01 20:00:00+00:00,17.9,69,0.0,0.0,0.0,0.0,33,3600.0,3.25,7.9,1
2025-07-01 21:00:00+00:00,16.8,76,0.0,0.0,0.0,0.0,98,0.0,3.06,6.7,3
2025-07-01 22:00:00+00:00,16.5,80,0.0,0.0,0.0,0.0,100,0.0,2.75,6.1,3
2025-07-01 23:00:00+00:00,16.0,83,0.2,0.2,0.0,0.0,100,0.0,2.56,5.5,51
2025-07-02 00:00:00+00:00,15.5,88,0.2,0.2,0.0,0.0,100,0.0,1.15,4.8,51
2025-07-02 01:00:00+00:00,15.5,90,0.6,0.6,0.0,0.0,100,0.0,1.86,4.4,53
2025-07-02 02:00:00+00:00,15.0,96,0.7,0.7,0.0,0.0,100,0.0,1.19,3.4,53
2025-07-02 03:00:00+00:00,14.8,97,0.3,0.3,0.0,0.0,100,0.0,1.42,3.4,51
2025-07-02 04:00:00+00:00,14.9,97,0.1,0.1,0.0,0.0,100,0.0,0.96,2.6,51
2025-07-02 05:00:00+00:00,15.0,97,0.3,0.3,0.0,0.0,100,0.0,1.98,3.8,51
2025-07-02 06:00:00+00:00,15.1,97,0.8,0.8,0.0,0.0,100,0.0,1.27,3.8,53
2025-07-02 07:00:00+00:00,15.2,97,0.4,0.4,0.0,0.0,100,0.0,1.2,2.6,51
2025-07-02 08:00:00+00:00,17.3,85,0.1,0.1,0.0,0.0,100,2823.37,1.27,4.3,51
2025-07-02 09:00:00+00:00,17.8,84,0.0,0.0,0.0,0.0,100,0.0,1.23,4.4,3
2025-07-02 10:00:00+00:00,18.8,79,0.0,0.0,0.0,0.0,98,0.0,1.6,4.8,3
2025-07-02 11:00:00+00:00,20.1,71,0.0,0.0,0.0,0.0,100,3600.0,1.61,5.7,3
2025-07-02 12:00:00+00:00,20.9,66,0.0,0.0,0.0,0.0,97,3600.0,0.92,5.4,3
2025-07-02 13:00:00+00:00,23.1,50,0.1,0.1,0.0,0.0,99,3600.0,1.37,5.1,51
2025-07-02 14:00:00+00:00,23.1,54,0.1,0.1,0.0,0.0,100,3600.0,1.78,5.2,51
2025-07-02 15:00:00+00:00,21.9,62,1.0,1.0,0.0,0.0,100,3600.0,3.04,6.6,55
2025-07-02 16:00:00+00:00,20.7,71,0.6,0.6,0.0,0.0,100,808.14,2.41,6.9,53
2025-07-02 17:00:00+00:00,20.8,66,0.0,0.0,0.0,0.0,100,3600.0,1.76,5.3,3
2025-07-02 18:00:00+00:00,20.3,67,0.0,0.0,0.0,0.0,100,0.0,1.25,4.0,3
2025-07-02 19:00:00+00:00,19.4,74,0.0,0.0,0.0,0.0,100,0.0,1.03,2.8,3
2025-07-02 20:00:00+00:00,18.3,82,0.0,0.0,0.0,0.0,100,0.0,0.68,1.8,3
2025-07-02 21:00:00+00:00,17.3,85,0.1,0.1,0.0,0.0,100,0.0,0.86,1.8,51
2025-07-02 22:00:00+00:00,16.4,86,0.1,0.1,0.0,0.0,100,0.0,0.22,1.7,51
2025-07-02 23:00:00+00:00,15.5,91,0.4,0.4,0.0,0.0,100,0.0,0.63,1.3,51
2025-07-03 00:00:00+00:00,15.5,88,0.3,0.3,0.0,0.0,100,0.0,1.75,3.2,51
2025-07-03 01:00:00+00:00,14.7,80,0.0,0.0,0.0,0.0,100,0.0,1.95,5.4,3
2025-07-03 02:00:00+00:00,14.2,83,0.4,0.4,0.0,0.0,100,0.0,2.16,4.4,51
2025-07-03 03:00:00+00:00,14.0,89,0.3,0.3,0.0,0.0,100,0.0,1.9,4.6,51
2025-07-03 04:00:00+00:00,14.0,95,1.5,1.5,0.0,0.0,100,0.0,1.65,4.8,61
2025-07-03 05:00:00+00:00,14.0,94,2.7,2.7,0.0,0.0,100,0.0,2.68,5.7,63
2025-07-03 06:00:00+00:00,13.4,94,1.6,1.6,0.0,0.0,100,0.0,3.81,8.7,61
2025-07-03 07:00:00+00:00,13.4,94,1.2,1.2,0.0,0.0,100,0.0,3.6,7.7,55
2025-07-03 08:00:00+00:00,14.0,89,0.4,0.4,0.0,0.0,100,0.0,4.28,9.1,51
2025-07-03 09:00:00+00:00,15.2,81,0.2,0.2,0.0,0.0,100,0.0,4.37,9.6,51
2025-07-03 10:00:00+00:00,15.7,71,0.1,0.1,0.0,0.0,94,616.92,5.03,11.2,51
2025-07-03 11:00:00+00:00,17.2,56,0.0,0.0,0.0,0.0,17,3600.0,5.12,13.6,0
2025-07-03 12:00:00+00:00,17.9,53,0.0,0.0,0.0,0.0,29,3600.0,4.46,12.9,1
2025-07-03 13:00:00+00:00,18.0,46,0.0,0.0,0.0,0.0,28,3600.0,3.7,11.5,1
2025-07-03 14:00:00+00:00,18.1,44,0.0,0.0,0.0,0.0,27,3600.0,2.5,9.1,1
2025-07-03 15:00:00+00:00,18.5,44,0.0,0.0,0.0,0.0,20,3600.0,1.0,7.2,1
2025-07-03 16:00:00+00:00,18.6,45,0.0,0.0,0.0,0.0,42,3600.0,1.64,5.7,1
2025-07-03 17:00:00+00:00,17.5,53,0.5,0.5,0.0,0.0,27,3600.0,2.8,6.8,53
2025-07-03 18:00:00+00:00,17.2,58,0.0,0.0,0.0,0.0,13,3600.0,2.7,6.2,0
2025-07-03 19:00:00+00:00,16.3,65,0.0,0.0,0.0,0.0,13,3600.0,2.29,5.8,0
2025-07-03 20:00:00+00:00,14.8,74,0.0,0.0,0.0,0.0,9,3600.0,1.16,4.6,0
2025-07-03 21:00:00+00:00,13.9,78,0.0,0.0,0.0,0.0,9,0.0,0.76,2.4,0
2025-07-03 22:00:00+00:00,13.5,78,0.0,0.0,0.0,0.0,6,0.0,0.72,2.1,0
2025-07-03 23:00:00+00:00,13.4,80,0.0,0.0,0.0,0.0,0,0.0,0.4,1.8,0
2025-07-04 00:00:00+00:00,12.4,90,0.0,0.0,0.0,0.0,0,0.0,0.92,2.1,0
2025-07-04 01:00:00+00:00,10.6,89,0.0,0.0,0.0,0.0,3,0.0,1.26,2.8,0
2025-07-04 02:00:00+00:00,9.9,89,0.0,0.0,0.0,0.0,8,0.0,1.05,2.9,0
2025-07-04 03:00:00+00:00,9.9,93,0.0,0.0,0.0,0.0,13,3.08,0.99,2.5,0
2025-07-04 04:00:00+00:00,10.6,91,0.0,0.0,0.0,0.0,19,3600.0,1.38,2.9,0
2025-07-04 05:00:00+00:00,11.8,79,0.0,0.0,0.0,0.0,5,3600.0,0.88,3.2,0
2025-07-04 06:00:00+00:00,13.5,65,0.0,0.0,0.0,0.0,0,3600.0,0.4,2.8,0
2025-07-04 07:00:00+00:00,14.7,57,0.0,0.0,0.0,0.0,2,3600.0,0.72,3.4,0
2025-07-04 08:00:00+00:00,15.7,51,0.0,0.0,0.0,0.0,28,3600.0,1.98,5.6,1
2025-07-04 09:00:00+00:00,16.6,46,0.0,0.0,0.0,0.0,0,3600.0,2.84,7.3,0
2025-07-04 10:00:00+00:00,17.4,43,0.0,0.0,0.0,0.0,0,3600.0,3.13,7.9,0
2025-07-04 11:00:00+00:00,17.9,45,0.0,0.0,0.0,0.0,44,3600.0,3.4,8.8,1
2025-07-04 12:00:00+00:00,18.9,42,0.0,0.0,0.0,0.0,58,3600.0,3.71,8.5,2
2025-07-04 13:00:00+00:00,18.1,47,0.0,0.0,0.0,0.0,65,3262.51,4.55,10.1,2
2025-07-04 14:00:00+00:00,16.0,66,0.3,0.3,0.0,0.0,73,3600.0,5.2,12.2,51
2025-07-04 15:00:00+00:00,16.3,75,0.2,0.2,0.0,0.0,49,3600.0,4.16,11.4,51
2025-07-04 16:00:00+00:00,16.0,71,0.4,0.4,0.0,0.0,84,3600.0,4.29,9.7,51
2025-07-04 17:00:00+00:00,16.6,64,0.0,0.0,0.0,0.0,94,3600.0,3.28,9.2,3
2025-07-04 18:00:00+00:00,15.5,73,0.4,0.4,0.0,0.0,100,3600.0,4.05,9.0,51
2025-07-04 19:00:00+00:00,14.8,83,0.2,0.2,0.0,0.0,99,1066.85,3.05,8.4,51
2025-07-04 20:00:00+00:00,14.8,81,0.1,0.1,0.0,0.0,100,0.0,3.2,6.4,51
2025-07-04 21:00:00+00:00,14.2,87,0.0,0.0,0.0,0.0,100,0.0,3.45,6.9,3
2025-07-04 22:00:00+00:00,13.9,85,0.0,0.0,0.0,0.0,100,0.0,3.75,7.7,3
2025-07-04 23:00:00+00:00,13.4,86,0.0,0.0,0.0,0.0,100,0.0,3.26,7.7,3
2025-07-05 00:00:00+00:00,13.4,84,0.0,0.0,0.0,0.0,100,0.0,3.01,6.7,3
2025-07-05 01:00:00+00:00,13.1,87,0.2,0.2,0.0,0.0,100,0.0,3.36,7.1,51
2025-07-05 02:00:00+00:00,12.8,88,0.1,0.1,0.0,0.0,100,0.0,3.15,7.1,51
2025-07-05 03:00:00+00:00,12.6,91,0.1,0.1,0.0,0.0,100,0.0,3.2,6.4,51
2025-07-05 04:00:00+00:00,12.6,91,0.2,0.2,0.0,0.0,100,0.0,2.9,6.8,51
2025-07-05 05:00:00+00:00,12.8,91,0.4,0.4,0.0,0.0,100,0.0,2.88,5.9,51
2025-07-05 06:00:00+00:00,12.8,92,0.7,0.7,0.0,0.0,100,0.0,3.02,5.8,53
2025-07-05 07:00:00+00:00,12.8,97,1.1,1.1,0.0,0.0,100,0.0,2.94,6.1,55
2025-07-05 08:00:00+00:00,13.1,94,1.4,1.4,0.0,0.0,100,0.0,3.47,6.7,61
2025-07-05 09:00:00+00:00,13.2,96,1.4,1.4,0.0,0.0,100,0.0,3.17,7.9,61
2025-07-05 10:00:00+00:00,13.6,96,0.8,0.8,0.0,0.0,100,0.0,2.38,6.1,53
2025-07-05 11:00:00+00:00,13.9,96,2.0,2.0,0.0,0.0,100,0.0,2.16,4.6,61
2025-07-05 12:00:00+00:00,14.3,97,1.3,1.3,0.0,0.0,100,0.0,1.81,5.1,61
2025-07-05 13:00:00+00:00,15.7,89,0.7,0.7,0.0,0.0,100,0.0,2.22,5.6,53
2025-07-05 14:00:00+00:00,16.8,83,0.1,0.1,0.0,0.0,98,3123.39,2.49,6.3,51
2025-07-05 15:00:00+00:00,16.5,82,0.3,0.3,0.0,0.0,94,0.0,2.35,6.4,51
2025-07-05 16:00:00+00:00,17.0,79,0.3,0.3,0.0,0.0,87,0.0,1.97,5.2,51
2025-07-05 17:00:00+00:00,17.2,79,0.3,0.3,0.0,0.0,70,2596.19,2.17,4.7,51
2025-07-05 18:00:00+00:00,16.7,83,0.4,0.4,0.0,0.0,96,3600.0,3.0,6.2,51
2025-07-05 19:00:00+00:00,16.1,91,0.8,0.8,0.0,0.0,69,0.0,1.82,6.0,53
2025-07-05 20:00:00+00:00,15.4,95,0.0,0.0,0.0,0.0,63,1606.7,2.19,4.0,2
2025-07-05 21:00:00+00:00,15.0,97,0.0,0.0,0.0,0.0,80,0.0,2.39,4.5,3
2025-07-05 22:00:00+00:00,15.0,97,0.0,0.0,0.0,0.0,100,0.0,2.2,4.6,3
2025-07-05 23:00:00+00:00,14.8,97,0.0,0.0,0.0,0.0,100,0.0,1.86,4.1,3
2025-07-06 00:00:00+00:00,14.5,97,0.0,0.0,0.0,0.0,100,0.0,1.61,3.5,3
2025-07-06 01:00:00+00:00,14.6,98,0.0,0.0,0.0,0.0,100,0.0,1.08,3.0,3
2025-07-06 02:00:00+00:00,14.3,99,0.0,0.0,0.0,0.0,100,0.0,1.15,2.3,3
2025-07-06 03:00:00+00:00,14.3,99,0.0,0.0,0.0,0.0,100,0.0,1.26,2.5,3
2025-07-06 04:00:00+00:00,14.6,98,0.4,0.4,0.0,0.0,100,0.0,1.4,3.3,51
2025-07-06 05:00:00+00:00,15.0,96,0.1,0.1,0.0,0.0,87,0.0,1.7,3.6,51
2025-07-06 06:00:00+00:00,15.7,89,0.0,0.0,0.0,0.0,48,3255.26,1.78,4.4,1
2025-07-06 07:00:00+00:00,16.8,80,0.0,0.0,0.0,0.0,66,3600.0,1.84,4.9,2
2025-07-06 08:00:00+00:00,17.9,71,0.0,0.0,0.0,0.0,80,3600.0,2.13,6.1,3
2025-07-06 09:00:00+00:00,18.6,65,0.0,0.0,0.0,0.0,62,3600.0,2.69,6.7,2
2025-07-06 10:00:00+00:00,19.0,62,0.0,0.0,0.0,0.0,38,3600.0,2.7,6.9,1
2025-07-06 11:00:00+00:00,19.3,62,0.0,0.0,0.0,0.0,62,3600.0,2.14,6.9,2
2025-07-06 12:00:00+00:00,20.2,58,0.0,0.0,0.0,0.0,62,3600.0,2.25,6.3,2
2025-07-06 13:00:00+00:00,19.6,59,0.0,0.0,0.0,0.0,81,3600.0,3.97,8.7,3
2025-07-06 14:00:00+00:00,18.2,75,0.6,0.6,0.0,0.0,89,3600.0,3.94,10.2,53
2025-07-06 15:00:00+00:00,17.8,81,0.1,0.1,0.0,0.0,87,3600.0,3.63,8.8,51
2025-07-06 16:00:00+00:00,18.4,79,0.0,0.0,0.0,0.0,59,3600.0,3.65,8.3,2
2025-07-06 17:00:00+00:00,18.5,74,0.2,0.2,0.0,0.0,60,3600.0,2.92,8.3,51
2025-07-06 18:00:00+00:00,17.7,78,0.1,0.1,0.0,0.0,29,3600.0,3.89,8.1,51
2025-07-06 19:00:00+00:00,16.7,83,0.0,0.0,0.0,0.0,41,3600.0,3.9,8.2,1
2025-07-06 20:00:00+00:00,15.6,87,0.0,0.0,0.0,0.0,35,3600.0,2.67,8.1,1
2025-07-06 21:00:00+00:00,14.5,93,0.0,0.0,0.0,0.0,63,0.0,2.13,5.4,2
2025-07-06 22:00:00+00:00,14.4,93,0.0,0.0,0.0,0.0,98,0.0,2.3,4.8,3
2025-07-06 23:00:00+00:00,14.3,93,0.0,0.0,0.0,0.0,100,0.0,2.04,5.0,3
2025-07-07 00:00:00+00:00,14.3,93,0.0,0.0,0.0,0.0,100,0.0,1.81,4.4,3
2025-07-07 01:00:00+00:00,14.2,94,0.7,0.7,0.0,0.0,100,0.0,1.59,4.0,53
2025-07-07 02:00:00+00:00,14.1,96,0.5,0.5,0.0,0.0,100,0.0,1.97,4.7,53
2025-07-07 03:00:00+00:00,14.2,95,0.3,0.3,0.0,0.0,100,0.0,1.62,4.2,51
2025-07-07 04:00:00+00:00,14.3,95,0.1,0.1,0.0,0.0,100,0.0,2.15,4.1,51
2025-07-07 05:00:00+00:00,14.6,93,0.3,0.3,0.0,0.0,100,0.0,1.7,4.7,51
2025-07-07 06:00:00+00:00,14.6,95,0.1,0.1,0.0,0.0,100,0.0,2.33,5.1,51
2025-07-07 07:00:00+00:00,14.5,85,1.8,1.8,0.0,0.0,100,0.0,3.54,6.9,61
2025-07-07 08:00:00+00:00,14.3,93,1.2,1.2,0.0,0.0,100,0.0,4.64,9.0,55
2025-07-07 09:00:00+00:00,15.1,92,0.5,0.5,0.0,0.0,100,0.0,4.14,9.5,53
2025-07-07 10:00:00+00:00,15.6,90,0.2,0.2,0.0,0.0,100,0.0,3.75,9.1,51
2025-07-07 11:00:00+00:00,15.4,85,2.7,2.7,0.0,0.0,100,0.0,4.46,9.1,63
2025-07-07 12:00:00+00:00,16.3,86,0.5,0.5,0.0,0.0,100,0.0,3.4,8.7,53
2025-07-07 13:00:00+00:00,17.7,65,0.0,0.0,0.0,0.0,100,3600.0,3.98,8.9,3
2025-07-07 14:00:00+00:00,16.9,68,0.0,0.0,0.0,0.0,100,0.0,3.99,8.9,3
2025-07-07 15:00:00+00:00,15.9,81,1.0,1.0,0.0,0.0,100,0.0,1.95,8.6,55
2025-07-07 16:00:00+00:00,16.0,85,0.9,0.9,0.0,0.0,100,0.0,1.31,4.3,53
2025-07-07 17:00:00+00:00,15.6,89,1.8,1.8,0.0,0.0,100,0.0,0.86,3.4,61
2025-07-07 18:00:00+00:00,15.2,93,0.4,0.4,0.0,0.0,100,0.0,1.35,3.5,51
2025-07-07 19:00:00+00:00,14.5,94,0.4,0.4,0.0,0.0,100,0.0,2.52,5.2,51
2025-07-07 20:00:00+00:00,13.9,96,0.5,0.5,0.0,0.0,100,0.0,3.06,6.4,53
2025-07-07 21:00:00+00:00,14.0,92,0.2,0.2,0.0,0.0,100,0.0,3.71,7.3,51
2025-07-07 22:00:00+00:00,13.7,93,0.1,0.1,0.0,0.0,100,0.0,3.02,7.3,51
2025-07-07 23:00:00+00:00,13.4,94,0.0,0.0,0.0,0.0,100,0.0,2.37,5.9,3
2025-07-08 00:00:00+00:00,13.2,94,0.0,0.0,0.0,0.0,72,0.0,2.22,4.8,2
2025-07-08 01:00:00+00:00,13.0,92,0.0,0.0,0.0,0.0,100,0.0,2.23,4.4,3
2025-07-08 02:00:00+00:00,12.6,92,0.0,0.0,0.0,0.0,100,0.0,2.11,4.4,3
2025-07-08 03:00:00+00:00,12.7,91,0.0,0.0,0.0,0.0,100,0.0,2.06,4.2,3
2025-07-08 04:00:00+00:00,13.4,88,0.0,0.0,0.0,0.0,100,0.0,2.06,4.2,3
2025-07-08 05:00:00+00:00,14.3,84,0.0,0.0,0.0,0.0,100,0.0,2.38,4.6,3
2025-07-08 06:00:00+00:00,15.4,80,0.0,0.0,0.0,0.0,100,190.92,1.57,4.6,3
2025-07-08 07:00:00+00:00,16.4,74,0.0,0.0,0.0,0.0,100,1807.94,1.35,4.0,3
2025-07-08 08:00:00+00:00,17.7,67,0.0,0.0,0.0,0.0,100,2214.08,1.0,3.8,3
2025-07-08 09:00:00+00:00,19.1,54,0.0,0.0,0.0,0.0,100,3600.0,1.3,4.1,3
2025-07-08 10:00:00+00:00,20.3,43,0.0,0.0,0.0,0.0,100,3600.0,1.28,4.3,3
2025-07-08 11:00:00+00:00,21.0,40,0.0,0.0,0.0,0.0,100,3600.0,0.76,4.1,3
2025-07-08 12:00:00+00:00,21.5,38,0.0,0.0,0.0,0.0,99,3600.0,0.62,3.3,3
2025-07-08 13:00:00+00:00,21.4,40,0.0,0.0,0.0,0.0,62,3600.0,1.89,5.4,2
2025-07-08 14:00:00+00:00,21.5,40,0.0,0.0,0.0,0.0,14,3600.0,1.39,5.1,0
2025-07-08 15:00:00+00:00,21.5,40,0.0,0.0,0.0,0.0,16,3600.0,0.59,4.0,0
2025-07-08 16:00:00+00:00,21.7,39,0.0,0.0,0.0,0.0,15,3600.0,0.36,2.5,0
2025-07-08 17:00:00+00:00,21.5,41,0.0,0.0,0.0,0.0,15,3600.0,1.1,2.8,0
2025-07-08 18:00:00+00:00,20.6,51,0.0,0.0,0.0,0.0,10,3600.0,1.39,3.1,0
2025-07-08 19:00:00+00:00,19.1,63,0.0,0.0,0.0,0.0,5,3600.0,1.15,2.8,0
2025-07-08 20:00:00+00:00,16.9,68,0.0,0.0,0.0,0.0,4,3600.0,1.52,2.8,0
2025-07-08 21:00:00+00:00,15.9,74,0.0,0.0,0.0,0.0,1,3.8,1.7,3.3,0
2025-07-08 22:00:00+00:00,15.1,77,0.0,0.0,0.0,0.0,1,0.0,1.51,3.4,0
2025-07-08 23:00:00+00:00,14.6,78,0.0,0.0,0.0,0.0,0,0.0,1.52,3.0,0
2025-07-09 00:00:00+00:00,14.4,77,0.0,0.0,0.0,0.0,0,0.0,1.55,3.1,0
2025-07-09 01:00:00+00:00,13.5,78,0.0,0.0,0.0,0.0,1,0.0,1.54,3.2,0
2025-07-09 02:00:00+00:00,12.7,80,0.0,0.0,0.0,0.0,0,0.0,1.3,3.1,0
2025-07-09 03:00:00+00:00,12.7,81,0.0,0.0,0.0,0.0,0,842.9,1.24,2.7,0
2025-07-09 04:00:00+00:00,14.1,79,0.0,0.0,0.0,0.0,8,3600.0,1.17,2.6,0
2025-07-09 05:00:00+00:00,15.4,74,0.0,0.0,0.0,0.0,57,3600.0,1.5,3.3,2
2025-07-09 06:00:00+00:00,16.6,71,0.0,0.0,0.0,0.0,45,3600.0,1.6,4.2,1
2025-07-09 07:00:00+00:00,17.7,70,0.0,0.0,0.0,0.0,75,3600.0,1.84,5.1,2
2025-07-09 08:00:00+00:00,18.8,71,0.0,0.0,0.0,0.0,100,3600.0,2.3,6.1,3
2025-07-09 09:00:00+00:00,19.9,65,0.0,0.0,0.0,0.0,97,3600.0,2.83,7.0,3
2025-07-09 10:00:00+00:00,20.6,61,0.0,0.0,0.0,0.0,97,3600.0,3.44,8.2,3
2025-07-09 11:00:00+00:00,20.5,61,0.0,0.0,0.0,0.0,100,3600.0,3.86,9.1,3
2025-07-09 12:00:00+00:00,20.8,59,0.0,0.0,0.0,0.0,98,3600.0,3.53,9.0,3
2025-07-09 13:00:00+00:00,20.7,58,0.0,0.0,0.0,0.0,100,2051.99,3.05,7.6,3
2025-07-09 14:00:00+00:00,20.4,62,0.0,0.0,0.0,0.0,100,3600.0,3.44,8.2,3
2025-07-09 15:00:00+00:00,20.6,61,0.0,0.0,0.0,0.0,9,3600.0,4.02,8.9,0
2025-07-09 16:00:00+00:00,20.6,59,0.0,0.0,0.0,0.0,57,3600.0,3.37,9.2,2
2025-07-09 17:00:00+00:00,20.0,62,0.0,0.0,0.0,0.0,34,3600.0,3.39,7.6,1
2025-07-09 18:00:00+00:00,19.0,68,0.0,0.0,0.0,0.0,34,3600.0,3.25,7.2,1
2025-07-09 19:00:00+00:00,18.0,72,0.0,0.0,0.0,0.0,4,3600.0,2.83,6.6,0
2025-07-09 20:00:00+00:00,16.4,79,0.0,0.0,0.0,0.0,0,3600.0,1.85,5.5,0
2025-07-09 21:00:00+00:00,15.1,86,0.0,0.0,0.0,0.0,0,0.0,1.86,3.8,0
2025-07-09 22:00:00+00:00,14.4,90,0.0,0.0,0.0,0.0,0,0.0,1.81,3.9,0
2025-07-09 23:00:00+00:00,13.8,94,0.0,0.0,0.0,0.0,7,0.0,1.5,3.7,0
2025-07-10 00:00:00+00:00,13.1,97,0.0,0.0,0.0,0.0,22,0.0,1.28,3.1,1
2025-07-10 01:00:00+00:00,12.8,100,0.0,0.0,0.0,0.0,38,0.0,1.35,3.5,1
2025-07-10 02:00:00+00:00,12.8,100,0.0,0.0,0.0,0.0,99,0.0,1.46,3.0,3
2025-07-10 03:00:00+00:00,12.8,100,0.0,0.0,0.0,0.0,100,0.0,1.13,3.0,3
2025-07-10 04:00:00+00:00,13.1,99,0.0,0.0,0.0,0.0,100,0.0,0.88,2.6,3
2025-07-10 05:00:00+00:00,13.7,94,0.0,0.0,0.0,0.0,98,1169.37,0.7,2.7,3
2025-07-10 06:00:00+00:00,14.5,89,0.0,0.0,0.0,0.0,44,3600.0,0.69,3.0,1
2025-07-10 07:00:00+00:00,15.7,83,0.0,0.0,0.0,0.0,43,3600.0,0.74,3.4,1
2025-07-10 08:00:00+00:00,17.0,77,0.0,0.0,0.0,0.0,24,3600.0,0.89,4.0,1
2025-07-10 09:00:00+00:00,18.5,71,0.0,0.0,0.0,0.0,4,3600.0,1.1,4.4,0
2025-07-10 10:00:00+00:00,19.9,64,0.0,0.0,0.0,0.0,0,3600.0,1.5,5.1,0
2025-07-10 11:00:00+00:00,21.2,55,0.0,0.0,0.0,0.0,0,3600.0,1.82,5.6,0
2025-07-10 12:00:00+00:00,22.2,50,0.0,0.0,0.0,0.0,0,3600.0,2.02,5.8,0
2025-07-10 13:00:00+00:00,23.4,43,0.0,0.0,0.0,0.0,2,3600.0,2.46,6.3,0
2025-07-10 14:00:00+00:00,23.6,36,0.0,0.0,0.0,0.0,7,3600.0,2.98,7.0,0
2025-07-10 15:00:00+00:00,23.3,35,0.0,0.0,0.0,0.0,7,3600.0,3.21,7.4,0
2025-07-10 16:00:00+00:00,22.6,37,0.0,0.0,0.0,0.0,24,3600.0,3.04,7.3,1
2025-07-10 17:00:00+00:00,21.8,40,0.0,0.0,0.0,0.0,21,3600.0,2.34,6.8,1
2025-07-10 18:00:00+00:00,21.1,48,0.0,0.0,0.0,0.0,20,3600.0,1.3,5.1,1
2025-07-10 19:00:00+00:00,19.6,60,0.0,0.0,0.0,0.0,11,3600.0,1.25,2.7,0
2025-07-10 20:00:00+00:00,17.3,72,0.0,0.0,0.0,0.0,0,3600.0,1.5,2.9,0
2025-07-10 21:00:00+00:00,15.7,79,0.0,0.0,0.0,0.0,0,0.0,1.23,2.8,0
2025-07-10 22:00:00+00:00,15.0,82,0.0,0.0,0.0,0.0,0,0.0,1.34,2.7,0
2025-07-10 23:00:00+00:00,14.3,85,0.0,0.0,0.0,0.0,0,0.0,1.24,2.7,0
2025-07-11 00:00:00+00:00,14.0,87,0.0,0.0,0.0,0.0,0,0.0,0.6,2.5,0
2025-07-11 01:00:00+00:00,13.6,87,0.0,0.0,0.0,0.0,0,0.0,0.28,0.9,0
2025-07-11 02:00:00+00:00,13.0,90,0.0,0.0,0.0,0.0,4,0.0,0.67,1.7,0
2025-07-11 03:00:00+00:00,12.8,92,0.0,0.0,0.0,0.0,2,262.73,1.17,2.4,0
2025-07-11 04:00:00+00:00,14.3,86,0.0,0.0,0.0,0.0,0,3600.0,1.3,2.8,0
2025-07-11 05:00:00+00:00,15.4,79,0.0,0.0,0.0,0.0,0,3600.0,1.28,3.2,0
2025-07-11 06:00:00+00:00,17.2,70,0.0,0.0,0.0,0.0,0,3600.0,1.07,3.4,0
2025-07-11 07:00:00+00:00,19.3,58,0.0,0.0,0.0,0.0,0,3600.0,1.37,4.0,0
2025-07-11 08:00:00+00:00,21.3,49,0.0,0.0,0.0,0.0,0,3600.0,1.57,4.6,0
2025-07-11 09:00:00+00:00,23.0,44,0.0,0.0,0.0,0.0,0,3600.0,1.68,4.8,0
2025-07-11 10:00:00+00:00,24.2,42,0.0,0.0,0.0,0.0,0,3600.0,1.85,5.2,0
2025-07-11 11:00:00+00:00,25.2,39,0.0,0.0,0.0,0.0,0,3600.0,2.13,5.8,0
2025-07-11 12:00:00+00:00,26.0,38,0.0,0.0,0.0,0.0,0,3600.0,2.75,6.8,0
2025-07-11 13:00:00+00:00,27.1,32,0.0,0.0,0.0,0.0,8,3600.0,3.34,7.8,0
2025-07-11 14:00:00+00:00,27.5,31,0.0,0.0,0.0,0.0,14,3600.0,2.75,7.7,0
2025-07-11 15:00:00+00:00,27.6,31,0.0,0.0,0.0,0.0,0,3600.0,3.05,6.6,0
2025-07-11 16:00:00+00:00,27.3,31,0.0,0.0,0.0,0.0,0,3600.0,3.5,7.5,0
2025-07-11 17:00:00+00:00,26.8,33,0.0,0.0,0.0,0.0,0,3600.0,2.79,7.4,0
2025-07-11 18:00:00+00:00,25.8,35,0.0,0.0,0.0,0.0,0,3600.0,2.77,6.0,0
2025-07-11 19:00:00+00:00,23.6,47,0.0,0.0,0.0,0.0,1,3600.0,1.66,5.7,0
2025-07-11 20:00:00+00:00,21.7,50,0.0,0.0,0.0,0.0,0,3600.0,1.15,3.2,0
2025-07-11 21:00:00+00:00,19.5,55,0.0,0.0,0.0,0.0,0,0.0,1.52,2.6,0
2025-07-11 22:00:00+00:00,18.9,56,0.0,0.0,0.0,0.0,0,0.0,1.96,3.8,0
2025-07-11 23:00:00+00:00,18.3,59,0.0,0.0,0.0,0.0,0,0.0,2.01,4.0,0
2025-07-12 00:00:00+00:00,17.0,64,0.0,0.0,0.0,0.0,0,0.0,1.81,4.0,0
2025-07-12 01:00:00+00:00,17.2,62,0.0,0.0,0.0,0.0,0,0.0,2.6,5.4,0
2025-07-12 02:00:00+00:00,17.0,61,0.0,0.0,0.0,0.0,0,0.0,2.93,6.0,0
2025-07-12 03:00:00+00:00,16.9,59,0.0,0.0,0.0,0.0,0,306.66,3.16,6.5,0
2025-07-12 04:00:00+00:00,17.6,55,0.0,0.0,0.0,0.0,0,3600.0,3.6,7.4,0
2025-07-12 05:00:00+00:00,19.1,49,0.0,0.0,0.0,0.0,0,3600.0,4.0,8.7,0
2025-07-12 06:00:00+00:00,21.0,47,0.0,0.0,0.0,0.0,0,3600.0,4.29,9.1,0
2025-07-12 07:00:00+00:00,22.5,41,0.0,0.0,0.0,0.0,0,3600.0,5.14,10.9,0
2025-07-12 08:00:00+00:00,23.4,38,0.0,0.0,0.0,0.0,0,3600.0,5.62,12.2,0
2025-07-12 09:00:00+00:00,24.5,31,0.0,0.0,0.0,0.0,0,3600.0,5.29,12.2,0
2025-07-12 10:00:00+00:00,25.7,27,0.0,0.0,0.0,0.0,0,3600.0,5.01,11.6,0
2025-07-12 11:00:00+00:00,26.6,27,0.0,0.0,0.0,0.0,85,3600.0,5.1,11.4,3
2025-07-12 12:00:00+00:00,27.3,27,0.0,0.0,0.0,0.0,4,3600.0,5.3,11.7,0
2025-07-12 13:00:00+00:00,28.5,25,0.0,0.0,0.0,0.0,70,3600.0,4.87,11.2,2
2025-07-12 14:00:00+00:00,28.7,25,0.0,0.0,0.0,0.0,93,3600.0,5.08,11.2,3
2025-07-12 15:00:00+00:00,28.7,26,0.0,0.0,0.0,0.0,87,3600.0,5.17,11.2,3
2025-07-12 16:00:00+00:00,28.6,26,0.0,0.0,0.0,0.0,100,3600.0,5.08,11.1,3
2025-07-12 17:00:00+00:00,28.1,27,0.0,0.0,0.0,0.0,98,3600.0,4.57,10.8,3
2025-07-12 18:00:00+00:00,27.4,30,0.0,0.0,0.0,0.0,99,3600.0,3.8,9.6,3
2025-07-12 19:00:00+00:00,26.2,35,0.0,0.0,0.0,0.0,0,3600.0,2.96,7.9,0
2025-07-12 20:00:00+00:00,24.8,40,0.0,0.0,0.0,0.0,0,3600.0,3.27,6.7,0
2025-07-12 21:00:00+00:00,23.6,46,0.0,0.0,0.0,0.0,4,0.0,3.73,7.5,0
2025-07-12 22:00:00+00:00,22.6,48,0.0,0.0,0.0,0.0,5,0.0,3.72,8.0,0
2025-07-12 23:00:00+00:00,21.5,49,0.0,0.0,0.0,0.0,6,0.0,3.21,7.8,0
2025-07-13 00:00:00+00:00,20.3,51,0.0,0.0,0.0,0.0,100,0.0,2.65,6.6,3
2025-07-13 01:00:00+00:00,20.5,49,0.0,0.0,0.0,0.0,52,0.0,2.69,6.3,2
2025-07-13 02:00:00+00:00,19.8,51,0.0,0.0,0.0,0.0,91,0.0,2.59,5.8,3
2025-07-13 03:00:00+00:00,19.2,53,0.0,0.0,0.0,0.0,100,0.0,1.4,5.3,3
2025-07-13 04:00:00+00:00,20.0,48,0.0,0.0,0.0,0.0,100,0.0,1.32,3.0,3
2025-07-13 05:00:00+00:00,20.3,47,0.0,0.0,0.0,0.0,87,985.81,1.96,5.2,3
2025-07-13 06:00:00+00:00,20.5,45,0.0,0.0,0.0,0.0,100,0.0,3.34,6.9,3
2025-07-13 07:00:00+00:00,19.2,56,0.1,0.1,0.0,0.0,86,306.5,3.93,9.7,51
2025-07-13 08:00:00+00:00,20.9,54,0.0,0.0,0.0,0.0,100,3600.0,4.46,10.0,3
2025-07-13 09:00:00+00:00,21.4,54,0.0,0.0,0.0,0.0,100,2291.08,4.66,10.4,3
2025-07-13 10:00:00+00:00,22.0,55,0.0,0.0,0.0,0.0,100,1238.53,3.81,10.4,3
2025-07-13 11:00:00+00:00,23.7,53,0.0,0.0,0.0,0.0,100,3600.0,3.85,9.1,3
2025-07-13 12:00:00+00:00,23.6,55,0.0,0.0,0.0,0.0,100,0.0,3.22,8.9,3
2025-07-13 13:00:00+00:00,25.3,48,0.0,0.0,0.0,0.0,94,3600.0,3.74,8.7,3
2025-07-13 14:00:00+00:00,25.5,45,0.0,0.0,0.0,0.0,72,3600.0,3.8,8.7,2
2025-07-13 15:00:00+00:00,24.8,48,0.0,0.0,0.0,0.0,100,0.0,3.21,8.6,3
2025-07-13 16:00:00+00:00,24.6,50,0.0,0.0,0.0,0.0,94,3317.11,2.58,7.1,3
2025-07-13 17:00:00+00:00,24.9,48,0.0,0.0,0.0,0.0,100,3600.0,2.62,6.2,3
2025-07-13 18:00:00+00:00,24.2,50,0.0,0.0,0.0,0.0,92,0.0,2.7,6.2,3
2025-07-13 19:00:00+00:00,23.7,54,0.0,0.0,0.0,0.0,46,2744.97,2.69,5.9,1
2025-07-13 20:00:00+00:00,22.8,58,0.0,0.0,0.0,0.0,100,1034.31,2.72,5.6,3
2025-07-13 21:00:00+00:00,20.1,80,1.4,1.4,0.0,0.0,100,0.0,3.19,6.4,61
2025-07-13 22:00:00+00:00,19.6,82,0.1,0.1,0.0,0.0,100,0.0,1.5,5.9,51
2025-07-13 23:00:00+00:00,18.6,89,0.2,0.2,0.0,0.0,81,0.0,1.2,2.6,51
2025-07-14 00:00:00+00:00,18.4,90,0.2,0.2,0.0,0.0,46,0.0,1.4,2.6,51
2025-07-14 01:00:00+00:00,18.7,93,0.1,0.1,0.0,0.0,57,0.0,2.59,4.7,51
2025-07-14 02:00:00+00:00,18.0,94,0.0,0.0,0.0,0.0,100,0.0,2.94,5.6,3
2025-07-14 03:00:00+00:00,17.9,94,0.0,0.0,0.0,0.0,100,0.0,2.9,5.7,3
2025-07-14 04:00:00+00:00,17.9,94,0.0,0.0,0.0,0.0,86,0.0,2.83,5.6,3
2025-07-14 05:00:00+00:00,18.3,92,0.0,0.0,0.0,0.0,99,0.0,2.83,5.8,3
2025-07-14 06:00:00+00:00,19.1,87,0.1,0.1,0.0,0.0,100,896.91,3.17,6.6,51
2025-07-14 07:00:00+00:00,19.3,86,0.3,0.3,0.0,0.0,100,449.1,3.15,6.8,51
2025-07-14 08:00:00+00:00,18.7,95,1.0,1.0,0.0,0.0,100,0.0,1.63,6.4,55
2025-07-14 09:00:00+00:00,19.0,95,1.1,1.1,0.0,0.0,100,0.0,1.61,3.5,55
2025-07-14 10:00:00+00:00,18.9,95,1.5,1.5,0.0,0.0,100,0.0,1.12,3.2,61
2025-07-14 11:00:00+00:00,19.7,91,0.4,0.4,0.0,0.0,100,0.0,0.41,3.3,51
2025-07-14 12:00:00+00:00,21.3,84,0.3,0.3,0.0,0.0,100,3330.71,0.79,4.6,51
2025-07-14 13:00:00+00:00,20.4,81,0.6,0.6,0.0,0.0,100,0.0,1.35,5.2,53
2025-07-14 14:00:00+00:00,21.5,78,0.1,0.1,0.0,0.0,100,2908.69,0.87,4.6,51
2025-07-14 15:00:00+00:00,22.1,77,0.1,0.1,0.0,0.0,93,3600.0,1.24,5.5,51
2025-07-14 16:00:00+00:00,21.2,79,5.3,5.3,0.0,0.0,90,3600.0,1.69,5.6,63
2025-07-14 17:00:00+00:00,20.1,89,5.2,5.2,0.0,0.0,94,3600.0,0.51,5.4,63
2025-07-14 18:00:00+00:00,18.9,95,3.4,3.4,0.0,0.0,90,181.75,0.6,3.2,63
2025-07-14 19:00:00+00:00,18.7,97,0.6,0.6,0.0,0.0,97,827.12,1.5,3.2,53
2025-07-14 20:00:00+00:00,18.4,97,1.4,1.4,0.0,0.0,100,0.0,0.56,3.3,61
2025-07-14 21:00:00+00:00,18.3,95,0.1,0.1,0.0,0.0,41,0.0,1.55,2.8,51
2025-07-14 22:00:00+00:00,17.7,97,0.0,0.0,0.0,0.0,95,0.0,1.52,3.0,3
2025-07-14 23:00:00+00:00,17.3,98,0.0,0.0,0.0,0.0,62,0.0,1.66,3.2,2
2025-07-15 00:00:00+00:00,17.0,98,0.0,0.0,0.0,0.0,94,0.0,2.12,4.2,3
2025-07-15 01:00:00+00:00,17.2,97,3.2,3.2,0.0,0.0,100,0.0,2.41,4.4,63
2025-07-15 02:00:00+00:00,17.0,97,0.2,0.2,0.0,0.0,99,0.0,2.69,5.1,51
2025-07-15 03:00:00+00:00,16.8,97,0.1,0.1,0.0,0.0,82,0.0,1.9,4.9,51
2025-07-15 04:00:00+00:00,17.2,96,0.0,0.0,0.0,0.0,90,1613.53,1.77,3.5,3
2025-07-15 05:00:00+00:00,17.9,93,0.0,0.0,0.0,0.0,100,3600.0,1.98,4.3,3
2025-07-15 06:00:00+00:00,18.6,89,0.0,0.0,0.0,0.0,100,3600.0,2.2,5.2,3
2025-07-15 07:00:00+00:00,19.4,87,0.1,0.1,0.0,0.0,93,3600.0,1.91,5.5,51
2025-07-15 08:00:00+00:00,20.6,82,0.1,0.1,0.0,0.0,65,3600.0,1.67,5.2,51
2025-07-15 09:00:00+00:00,21.9,74,0.1,0.1,0.0,0.0,93,3600.0,1.17,4.9,51
2025-07-15 10:00:00+00:00,23.1,65,0.1,0.1,0.0,0.0,100,3600.0,0.5,4.5,51
2025-07-15 11:00:00+00:00,23.4,61,0.0,0.0,0.0,0.0,100,3600.0,0.22,3.6,3
2025-07-15 12:00:00+00:00,23.6,60,0.2,0.2,0.0,0.0,97,3600.0,0.35,3.3,51
2025-07-15 13:00:00+00:00,24.2,56,0.0,0.0,0.0,0.0,100,3600.0,1.82,5.1,3
2025-07-15 14:00:00+00:00,22.8,67,0.1,0.1,0.0,0.0,100,3600.0,2.13,5.9,51
2025-07-15 15:00:00+00:00,22.7,68,0.0,0.0,0.0,0.0,100,3600.0,1.58,5.7,3
2025-07-15 16:00:00+00:00,23.2,64,0.0,0.0,0.0,0.0,100,3600.0,0.3,4.5,3
2025-07-15 17:00:00+00:00,23.1,62,0.1,0.1,0.0,0.0,100,1968.84,0.81,2.8,51
2025-07-15 18:00:00+00:00,22.9,65,0.0,0.0,0.0,0.0,100,295.17,0.98,2.6,3
2025-07-15 19:00:00+00:00,21.9,71,0.0,0.0,0.0,0.0,100,0.0,1.05,2.2,3
2025-07-15 20:00:00+00:00,20.9,78,0.0,0.0,0.0,0.0,100,0.0,1.07,2.2,3
2025-07-15 21:00:00+00:00,20.3,82,0.0,0.0,0.0,0.0,100,0.0,0.87,1.9,3
2025-07-15 22:00:00+00:00,19.5,86,0.0,0.0,0.0,0.0,70,0.0,0.63,1.8,2
2025-07-15 23:00:00+00:00,18.4,89,0.0,0.0,0.0,0.0,35,0.0,1.01,2.0,1
2025-07-16 00:00:00+00:00,18.5,87,0.0,0.0,0.0,0.0,21,0.0,1.48,3.1,1
2025-07-16 01:00:00+00:00,17.2,93,0.0,0.0,0.0,0.0,100,0.0,1.37,4.3,3
2025-07-16 02:00:00+00:00,17.1,92,2.6,2.6,0.0,0.0,100,0.0,2.14,4.5,63
2025-07-16 03:00:00+00:00,17.2,94,0.1,0.1,0.0,0.0,34,0.0,2.11,5.4,51
2025-07-16 04:00:00+00:00,17.3,95,4.8,4.8,0.0,0.0,77,2670.89,2.76,6.0,63
2025-07-16 05:00:00+00:00,17.2,96,4.0,4.0,0.0,0.0,60,1954.92,1.75,8.8,63
2025-07-16 06:00:00+00:00,18.2,92,0.0,0.0,0.0,0.0,3,3600.0,2.19,6.3,0
2025-07-16 07:00:00+00:00,20.4,85,0.0,0.0,0.0,0.0,46,3600.0,3.41,7.2,1
2025-07-16 08:00:00+00:00,21.9,76,0.0,0.0,0.0,0.0,93,3600.0,4.31,9.6,3
2025-07-16 09:00:00+00:00,23.4,68,0.0,0.0,0.0,0.0,20,3600.0,3.27,9.3,1
2025-07-16 10:00:00+00:00,24.6,66,0.1,0.1,0.0,0.0,19,3600.0,2.84,9.1,51
2025-07-16 11:00:00+00:00,25.7,61,0.2,0.2,0.0,0.0,46,3600.0,3.08,9.1,51
2025-07-16 12:00:00+00:00,26.8,51,0.1,0.1,0.0,0.0,100,3600.0,2.4,8.1,51
2025-07-16 13:00:00+00:00,21.3,81,1.8,1.8,0.0,0.0,100,2698.44,1.88,7.8,61
2025-07-16 14:00:00+00:00,21.7,80,0.2,0.2,0.0,0.0,87,101.17,1.71,6.7,51
2025-07-16 15:00:00+00:00,23.8,68,0.0,0.0,0.0,0.0,100,3600.0,2.52,6.2,3
2025-07-16 16:00:00+00:00,25.0,64,0.0,0.0,0.0,0.0,93,3600.0,2.55,6.2,3
2025-07-16 17:00:00+00:00,25.6,59,0.0,0.0,0.0,0.0,96,3600.0,2.8,5.9,3
2025-07-16 18:00:00+00:00,23.9,62,0.0,0.0,0.0,0.0,52,3600.0,2.98,7.2,2
2025-07-16 19:00:00+00:00,22.7,72,0.0,0.0,0.0,0.0,3,3600.0,1.32,5.9,0
2025-07-16 20:00:00+00:00,21.2,78,0.0,0.0,0.0,0.0,8,3600.0,1.31,2.8,0
2025-07-16 21:00:00+00:00,20.8,78,0.0,0.0,0.0,0.0,0,0.0,1.78,3.7,0
2025-07-16 22:00:00+00:00,20.7,77,0.0,0.0,0.0,0.0,0,0.0,2.55,5.1,0
2025-07-16 23:00:00+00:00,20.0,80,0.0,0.0,0.0,0.0,0,0.0,2.83,5.7,0
2025-07-17 00:00:00+00:00,19.1,80,0.0,0.0,0.0,0.0,0,0.0,2.94,5.8,0
2025-07-17 01:00:00+00:00,17.9,80,0.0,0.0,0.0,0.0,0,0.0,2.82,5.6,0
2025-07-17 02:00:00+00:00,17.9,74,0.0,0.0,0.0,0.0,0,0.0,2.91,5.8,0
2025-07-17 03:00:00+00:00,18.1,69,0.0,0.0,0.0,0.0,0,0.0,3.05,6.1,0
2025-07-17 04:00:00+00:00,18.4,67,0.0,0.0,0.0,0.0,0,3600.0,2.96,6.1,0
2025-07-17 05:00:00+00:00,19.4,64,0.0,0.0,0.0,0.0,0,3600.0,2.64,5.9,0
2025-07-17 06:00:00+00:00,20.9,60,0.0,0.0,0.0,0.0,0,3600.0,2.02,5.6,0
2025-07-17 07:00:00+00:00,22.6,55,0.0,0.0,0.0,0.0,0,3600.0,2.04,5.0,0
2025-07-17 08:00:00+00:00,24.1,49,0.0,0.0,0.0,0.0,0,3600.0,2.86,6.6,0
2025-07-17 09:00:00+00:00,25.2,39,0.0,0.0,0.0,0.0,0,3600.0,3.57,8.1,0
2025-07-17 10:00:00+00:00,26.2,35,0.0,0.0,0.0,0.0,0,3600.0,3.36,8.3,0
2025-07-17 11:00:00+00:00,27.1,32,0.0,0.0,0.0,0.0,0,3600.0,2.97,7.7,0
2025-07-17 12:00:00+00:00,27.9,28,0.0,0.0,0.0,0.0,0,3600.0,2.58,7.0,0
2025-07-17 13:00:00+00:00,29.0,30,0.0,0.0,0.0,0.0,0,3600.0,1.17,4.9,0
2025-07-17 14:00:00+00:00,29.3,30,0.0,0.0,0.0,0.0,0,3600.0,1.14,3.7,0
2025-07-17 15:00:00+00:00,29.3,31,0.0,0.0,0.0,0.0,1,3600.0,1.77,4.3,0
2025-07-17 16:00:00+00:00,28.8,33,0.0,0.0,0.0,0.0,7,3600.0,2.25,5.1,0
2025-07-17 17:00:00+00:00,28.0,37,0.0,0.0,0.0,0.0,10,3600.0,1.75,5.1,0
2025-07-17 18:00:00+00:00,27.1,56,0.0,0.0,0.0,0.0,8,3600.0,0.58,3.7,0
2025-07-17 19:00:00+00:00,25.6,59,0.0,0.0,0.0,0.0,11,3600.0,1.0,1.7,0
2025-07-17 20:00:00+00:00,24.6,52,0.0,0.0,0.0,0.0,36,3600.0,0.65,1.8,1
2025-07-17 21:00:00+00:00,24.2,53,0.0,0.0,0.0,0.0,100,0.0,0.15,1.3,3
2025-07-17 22:00:00+00:00,23.3,58,0.0,0.0,0.0,0.0,100,0.0,0.3,0.5,3
2025-07-17 23:00:00+00:00,21.8,64,0.0,0.0,0.0,0.0,55,0.0,0.66,1.1,2
2025-07-18 00:00:00+00:00,20.1,73,0.0,0.0,0.0,0.0,20,0.0,0.75,1.6,1
2025-07-18 01:00:00+00:00,17.8,82,0.0,0.0,0.0,0.0,9,0.0,1.57,3.3,0
2025-07-18 02:00:00+00:00,17.5,82,0.0,0.0,0.0,0.0,0,0.0,1.77,3.7,0
2025-07-18 03:00:00+00:00,17.2,81,0.0,0.0,0.0,0.0,0,0.0,1.92,3.8,0
2025-07-18 04:00:00+00:00,17.7,80,0.0,0.0,0.0,0.0,1,3600.0,2.38,4.7,0
2025-07-18 05:00:00+00:00,18.7,76,0.0,0.0,0.0,0.0,0,3600.0,2.33,5.1,0
2025-07-18 06:00:00+00:00,20.3,70,0.0,0.0,0.0,0.0,0,3600.0,1.81,5.0,0
2025-07-18 07:00:00+00:00,22.0,64,0.0,0.0,0.0,0.0,0,3600.0,1.42,4.6,0
2025-07-18 08:00:00+00:00,23.6,59,0.0,0.0,0.0,0.0,0,3600.0,0.97,4.2,0
2025-07-18 09:00:00+00:00,25.0,54,0.0,0.0,0.0,0.0,0,3600.0,0.36,3.7,0
2025-07-18 10:00:00+00:00,26.1,51,0.0,0.0,0.0,0.0,8,3600.0,0.83,3.8,0
2025-07-18 11:00:00+00:00,26.8,47,0.0,0.0,0.0,0.0,31,3600.0,1.33,4.6,1
2025-07-18 12:00:00+00:00,27.2,44,0.0,0.0,0.0,0.0,25,3600.0,1.45,4.7,1
2025-07-18 13:00:00+00:00,28.2,39,0.0,0.0,0.0,0.0,5,3600.0,1.51,4.6,0
2025-07-18 14:00:00+00:00,28.2,39,0.0,0.0,0.0,0.0,11,3600.0,2.17,5.6,0
2025-07-18 15:00:00+00:00,28.2,38,0.0,0.0,0.0,0.0,63,3600.0,2.2,5.7,2
2025-07-18 16:00:00+00:00,27.6,40,0.0,0.0,0.0,0.0,48,3600.0,2.68,6.2,1
2025-07-18 17:00:00+00:00,27.0,43,0.0,0.0,0.0,0.0,36,3600.0,2.42,6.2,1
2025-07-18 18:00:00+00:00,26.4,48,0.0,0.0,0.0,0.0,25,3600.0,1.64,5.2,1
2025-07-18 19:00:00+00:00,25.0,57,0.0,0.0,0.0,0.0,28,3600.0,1.67,3.5,1
2025-07-18 20:00:00+00:00,22.8,69,0.0,0.0,0.0,0.0,11,3600.0,1.47,3.2,0
2025-07-18 21:00:00+00:00,21.9,73,0.0,0.0,0.0,0.0,10,0.0,1.2,2.7,0
2025-07-18 22:00:00+00:00,21.8,71,0.0,0.0,0.0,0.0,1,0.0,0.73,2.0,0
2025-07-18 23:00:00+00:00,21.8,67,0.0,0.0,0.0,0.0,5,0.0,0.29,1.3,0
2025-07-19 00:00:00+00:00,21.1,68,0.0,0.0,0.0,0.0,5,0.0,0.35,0.7,0
2025-07-19 01:00:00+00:00,18.7,80,0.0,0.0,0.0,0.0,0,0.0,0.78,1.7,0
2025-07-19 02:00:00+00:00,18.2,82,0.0,0.0,0.0,0.0,6,0.0,0.62,1.7,0
2025-07-19 03:00:00+00:00,17.8,86,0.0,0.0,0.0,0.0,16,0.0,0.35,1.4,0
2025-07-19 04:00:00+00:00,18.7,89,0.0,0.0,0.0,0.0,9,3600.0,0.25,1.1,0
2025-07-19 05:00:00+00:00,20.5,79,0.0,0.0,0.0,0.0,8,3600.0,0.82,2.1,0
2025-07-19 06:00:00+00:00,22.0,68,0.0,0.0,0.0,0.0,6,3600.0,0.5,2.4,0
2025-07-19 07:00:00+00:00,23.5,65,0.0,0.0,0.0,0.0,3,3600.0,0.21,2.4,0
2025-07-19 08:00:00+00:00,24.8,59,0.0,0.0,0.0,0.0,0,3600.0,0.78,3.5,0
2025-07-19 09:00:00+00:00,25.8,54,0.0,0.0,0.0,0.0,4,3600.0,1.38,4.7,0
2025-07-19 10:00:00+00:00,26.5,49,0.0,0.0,0.0,0.0,14,3600.0,1.84,5.5,0
2025-07-19 11:00:00+00:00,27.0,44,0.0,0.0,0.0,0.0,22,3600.0,2.15,6.1,1
2025-07-19 12:00:00+00:00,27.6,40,0.0,0.0,0.0,0.0,9,3600.0,2.18,6.4,0
2025-07-19 13:00:00+00:00,28.3,36,0.0,0.0,0.0,0.0,17,3600.0,2.47,6.6,0
2025-07-19 14:00:00+00:00,28.4,35,0.0,0.0,0.0,0.0,15,3600.0,2.2,6.4,0
2025-07-19 15:00:00+00:00,28.2,35,0.0,0.0,0.0,0.0,13,3600.0,1.86,5.8,0
2025-07-19 16:00:00+00:00,28.3,34,0.0,0.0,0.0,0.0,8,3600.0,1.71,4.9,0
2025-07-19 17:00:00+00:00,28.0,34,0.0,0.0,0.0,0.0,8,3600.0,2.03,4.9,0
2025-07-19 18:00:00+00:00,27.2,37,0.0,0.0,0.0,0.0,3,3600.0,1.87,4.9,0
2025-07-19 19:00:00+00:00,25.2,47,0.0,0.0,0.0,0.0,3,3600.0,1.63,4.2,0
2025-07-19 20:00:00+00:00,23.1,58,0.0,0.0,0.0,0.0,7,3600.0,1.36,3.1,0
2025-07-19 21:00:00+00:00,21.9,64,0.0,0.0,0.0,0.0,8,0.0,1.27,2.4,0
2025-07-19 22:00:00+00:00,21.1,69,0.0,0.0,0.0,0.0,5,0.0,1.0,2.3,0
2025-07-19 23:00:00+00:00,21.1,67,0.0,0.0,0.0,0.0,4,0.0,0.49,2.0,0
2025-07-20 00:00:00+00:00,20.5,68,0.0,0.0,0.0,0.0,0,0.0,0.45,1.2,0
2025-07-20 01:00:00+00:00,17.7,84,0.0,0.0,0.0,0.0,0,0.0,0.8,1.9,0
2025-07-20 02:00:00+00:00,17.2,91,0.0,0.0,0.0,0.0,0,0.0,0.81,2.0,0
2025-07-20 03:00:00+00:00,17.1,94,0.0,0.0,0.0,0.0,0,0.0,0.46,1.8,0
2025-07-20 04:00:00+00:00,18.1,96,0.0,0.0,0.0,0.0,0,3600.0,0.51,1.3,0
2025-07-20 05:00:00+00:00,20.3,81,0.0,0.0,0.0,0.0,3,3600.0,1.08,2.7,0
2025-07-20 06:00:00+00:00,22.1,62,0.0,0.0,0.0,0.0,0,3600.0,0.71,2.7,0
2025-07-20 07:00:00+00:00,24.1,48,0.0,0.0,0.0,0.0,0,3600.0,0.36,2.7,0
2025-07-20 08:00:00+00:00,25.9,41,0.0,0.0,0.0,0.0,0,3600.0,0.21,2.8,0
2025-07-20 09:00:00+00:00,27.3,38,0.0,0.0,0.0,0.0,0,3600.0,0.69,3.6,0
2025-07-20 10:00:00+00:00,28.3,36,0.0,0.0,0.0,0.0,4,3600.0,1.31,4.7,0
2025-07-20 11:00:00+00:00,29.0,35,0.0,0.0,0.0,0.0,5,3600.0,1.68,6.0,0
2025-07-20 12:00:00+00:00,29.6,33,0.0,0.0,0.0,0.0,3,3600.0,1.86,6.0,0
2025-07-20 13:00:00+00:00,30.1,30,0.0,0.0,0.0,0.0,6,3600.0,2.33,6.6,0
2025-07-20 14:00:00+00:00,30.3,29,0.0,0.0,0.0,0.0,5,3600.0,2.62,6.7,0
2025-07-20 15:00:00+00:00,30.0,29,0.0,0.0,0.0,0.0,2,3600.0,2.92,6.9,0
2025-07-20 16:00:00+00:00,30.1,29,0.0,0.0,0.0,0.0,5,3600.0,2.6,6.9,0
2025-07-20 17:00:00+00:00,28.9,34,0.0,0.0,0.0,0.0,31,3600.0,3.76,8.0,1
2025-07-20 18:00:00+00:00,27.4,42,0.0,0.0,0.0,0.0,11,3600.0,3.48,8.5,0
2025-07-20 19:00:00+00:00,26.3,49,0.0,0.0,0.0,0.0,5,3600.0,2.88,7.1,0
2025-07-20 20:00:00+00:00,24.5,56,0.0,0.0,0.0,0.0,16,3600.0,2.61,5.7,0
2025-07-20 21:00:00+00:00,23.3,61,0.0,0.0,0.0,0.0,19,0.0,2.05,5.1,0
2025-07-20 22:00:00+00:00,22.2,67,0.0,0.0,0.0,0.0,18,0.0,1.76,4.1,0
2025-07-20 23:00:00+00:00,21.3,72,0.0,0.0,0.0,0.0,25,0.0,1.55,3.5,1
2025-07-21 00:00:00+00:00,20.5,77,0.0,0.0,0.0,0.0,21,0.0,1.35,3.2,1
2025-07-21 01:00:00+00:00,18.8,92,0.0,0.0,0.0,0.0,77,0.0,2.35,4.8,2
2025-07-21 02:00:00+00:00,18.1,94,0.0,0.0,0.0,0.0,54,0.0,2.94,5.7,2
2025-07-21 03:00:00+00:00,17.9,92,0.0,0.0,0.0,0.0,45,0.0,2.94,5.7,1
2025-07-21 04:00:00+00:00,18.4,87,0.0,0.0,0.0,0.0,20,3600.0,3.23,6.0,1
2025-07-21 05:00:00+00:00,19.0,85,0.0,0.0,0.0,0.0,45,3600.0,3.1,6.4,1
2025-07-21 06:00:00+00:00,20.2,75,0.0,0.0,0.0,0.0,10,3600.0,2.88,6.5,0
2025-07-21 07:00:00+00:00,21.9,66,0.0,0.0,0.0,0.0,23,3600.0,2.73,6.6,1
2025-07-21 08:00:00+00:00,23.6,56,0.0,0.0,0.0,0.0,67,3600.0,2.67,6.9,2
2025-07-21 09:00:00+00:00,25.0,48,0.0,0.0,0.0,0.0,35,3600.0,2.95,7.2,1
2025-07-21 10:00:00+00:00,25.4,46,0.1,0.1,0.0,0.0,97,3600.0,3.66,8.6,51
2025-07-21 11:00:00+00:00,25.9,43,0.1,0.1,0.0,0.0,88,3600.0,3.6,8.8,51
2025-07-21 12:00:00+00:00,26.1,43,0.1,0.1,0.0,0.0,99,3600.0,3.49,8.7,51
2025-07-21 13:00:00+00:00,25.7,44,0.2,0.2,0.0,0.0,100,3600.0,3.79,8.7,51
2025-07-21 14:00:00+00:00,26.1,43,0.3,0.3,0.0,0.0,100,3600.0,3.39,8.7,51
2025-07-21 15:00:00+00:00,26.2,42,0.3,0.3,0.0,0.0,98,3600.0,3.26,7.9,51
2025-07-21 16:00:00+00:00,25.6,45,0.2,0.2,0.0,0.0,97,3600.0,3.64,8.0,51
2025-07-21 17:00:00+00:00,25.2,47,0.1,0.1,0.0,0.0,100,3600.0,3.29,7.9,51
2025-07-21 18:00:00+00:00,24.8,51,0.0,0.0,0.0,0.0,100,2812.48,2.57,6.9,3
2025-07-21 19:00:00+00:00,23.9,57,0.0,0.0,0.0,0.0,100,199.44,1.92,5.2,3
2025-07-21 20:00:00+00:00,22.7,62,0.0,0.0,0.0,0.0,100,0.0,2.41,4.6,3
2025-07-21 21:00:00+00:00,22.0,64,0.0,0.0,0.0,0.0,100,0.0,2.35,4.6,3
2025-07-21 22:00:00+00:00,21.8,63,0.0,0.0,0.0,0.0,100,0.0,2.21,4.6,3
2025-07-21 23:00:00+00:00,21.5,65,0.0,0.0,0.0,0.0,97,0.0,2.25,4.4,3
2025-07-22 00:00:00+00:00,21.0,67,0.0,0.0,0.0,0.0,39,0.0,2.29,4.5,1
2025-07-22 01:00:00+00:00,20.5,69,0.0,0.0,0.0,0.0,100,0.0,2.51,4.9,3
2025-07-22 02:00:00+00:00,20.3,69,0.0,0.0,0.0,0.0,90,0.0,3.08,6.3,3
2025-07-22 03:00:00+00:00,19.5,73,0.0,0.0,0.0,0.0,70,0.0,3.02,6.3,2
2025-07-22 04:00:00+00:00,19.2,75,0.0,0.0,0.0,0.0,84,2935.74,2.83,6.2,3
2025-07-22 05:00:00+00:00,19.7,72,0.0,0.0,0.0,0.0,93,3600.0,2.97,6.4,3
2025-07-22 06:00:00+00:00,20.6,68,0.0,0.0,0.0,0.0,96,3600.0,3.23,7.3,3
2025-07-22 07:00:00+00:00,22.3,62,0.0,0.0,0.0,0.0,93,3600.0,3.15,7.6,3
2025-07-22 08:00:00+00:00,23.3,60,0.0,0.0,0.0,0.0,53,3600.0,2.97,9.2,2
2025-07-22 09:00:00+00:00,24.9,55,0.0,0.0,0.0,0.0,91,3600.0,3.27,9.7,3
2025-07-22 10:00:00+00:00,25.9,49,0.0,0.0,0.0,0.0,81,3600.0,4.11,9.7,3
2025-07-22 11:00:00+00:00,26.1,48,0.1,0.1,0.0,0.0,25,3600.0,3.99,10.0,51
2025-07-22 12:00:00+00:00,27.7,42,0.0,0.0,0.0,0.0,31,3600.0,4.0,9.9,1
2025-07-22 13:00:00+00:00,27.9,40,0.0,0.0,0.0,0.0,32,3600.0,4.12,10.1,1
2025-07-22 14:00:00+00:00,27.8,41,0.2,0.2,0.0,0.0,32,3600.0,4.21,9.9,51
2025-07-22 15:00:00+00:00,27.4,43,0.1,0.1,0.0,0.0,39,3600.0,4.55,10.1,51
2025-07-22 16:00:00+00:00,25.5,54,0.1,0.1,0.0,0.0,42,3600.0,3.84,10.5,51
2025-07-22 17:00:00+00:00,25.8,53,0.0,0.0,0.0,0.0,10,3600.0,3.59,8.2,0
2025-07-22 18:00:00+00:00,25.4,55,0.0,0.0,0.0,0.0,23,3600.0,3.08,8.0,1
2025-07-22 19:00:00+00:00,24.6,58,0.0,0.0,0.0,0.0,23,3600.0,2.8,6.4,1
2025-07-22 20:00:00+00:00,22.7,68,0.0,0.0,0.0,0.0,10,3508.67,1.31,5.8,0
2025-07-22 21:00:00+00:00,21.3,76,0.0,0.0,0.0,0.0,12,0.0,1.04,2.7,0
2025-07-22 22:00:00+00:00,21.3,75,0.0,0.0,0.0,0.0,7,0.0,1.61,3.2,0
2025-07-22 23:00:00+00:00,21.3,72,0.0,0.0,0.0,0.0,1,0.0,2.63,5.3,0
2025-07-23 00:00:00+00:00,20.4,76,0.0,0.0,0.0,0.0,5,0.0,2.66,5.4,0
2025-07-23 01:00:00+00:00,19.6,82,0.0,0.0,0.0,0.0,10,0.0,2.23,5.6,0
2025-07-23 02:00:00+00:00,19.2,84,0.0,0.0,0.0,0.0,12,0.0,2.33,4.8,0
2025-07-23 03:00:00+00:00,18.6,86,0.0,0.0,0.0,0.0,12,0.0,2.15,4.8,0
2025-07-23 04:00:00+00:00,19.0,84,0.0,0.0,0.0,0.0,4,3600.0,2.43,5.2,0
2025-07-23 05:00:00+00:00,20.1,78,0.0,0.0,0.0,0.0,4,3600.0,2.46,5.4,0
2025-07-23 06:00:00+00:00,21.5,71,0.0,0.0,0.0,0.0,0,3600.0,3.22,7.3,0
2025-07-23 07:00:00+00:00,22.9,63,0.0,0.0,0.0,0.0,4,3600.0,3.53,8.2,0
2025-07-23 08:00:00+00:00,24.1,55,0.0,0.0,0.0,0.0,15,3600.0,3.78,8.8,0
2025-07-23 09:00:00+00:00,25.3,47,0.0,0.0,0.0,0.0,23,3600.0,3.81,8.9,1
2025-07-23 10:00:00+00:00,26.1,43,0.1,0.1,0.0,0.0,19,3600.0,3.73,9.4,51
2025-07-23 11:00:00+00:00,27.0,41,0.0,0.0,0.0,0.0,14,3600.0,3.65,9.3,0
2025-07-23 12:00:00+00:00,27.5,39,0.0,0.0,0.0,0.0,23,3600.0,3.25,9.1,1
2025-07-23 13:00:00+00:00,23.9,58,0.3,0.3,0.0,0.0,88,3600.0,4.59,10.7,51
2025-07-23 14:00:00+00:00,24.9,53,0.0,0.0,0.0,0.0,63,3600.0,3.86,10.5,2
2025-07-23 15:00:00+00:00,25.6,49,0.0,0.0,0.0,0.0,57,3600.0,3.52,9.8,2
2025-07-23 16:00:00+00:00,25.6,48,0.0,0.0,0.0,0.0,36,3600.0,3.2,9.0,1
2025-07-23 17:00:00+00:00,25.3,48,0.0,0.0,0.0,0.0,55,3600.0,3.34,7.9,2
2025-07-23 18:00:00+00:00,23.4,63,0.3,0.3,0.0,0.0,85,3600.0,2.61,8.3,51
2025-07-23 19:00:00+00:00,22.0,76,0.1,0.1,0.0,0.0,91,1028.24,0.18,5.8,51
2025-07-23 20:00:00+00:00,21.2,81,0.0,0.0,0.0,0.0,51,617.15,0.5,1.1,2
2025-07-23 21:00:00+00:00,20.5,77,0.0,0.0,0.0,0.0,7,0.0,1.05,2.1,0
2025-07-23 22:00:00+00:00,20.4,73,0.0,0.0,0.0,0.0,1,0.0,1.43,3.2,0
2025-07-23 23:00:00+00:00,19.5,78,0.0,0.0,0.0,0.0,0,0.0,1.45,3.3,0
2025-07-24 00:00:00+00:00,18.6,83,0.0,0.0,0.0,0.0,1,0.0,1.32,3.1,0
2025-07-24 01:00:00+00:00,17.6,90,0.0,0.0,0.0,0.0,7,0.0,1.38,2.9,0
2025-07-24 02:00:00+00:00,17.7,90,0.0,0.0,0.0,0.0,15,0.0,1.71,3.6,0
2025-07-24 03:00:00+00:00,17.0,90,0.0,0.0,0.0,0.0,100,0.0,1.2,3.6,3
2025-07-24 04:00:00+00:00,17.9,88,0.0,0.0,0.0,0.0,100,2513.25,0.89,2.8,3
2025-07-24 05:00:00+00:00,19.3,82,0.0,0.0,0.0,0.0,84,3600.0,1.25,2.9,3
2025-07-24 06:00:00+00:00,21.3,69,0.0,0.0,0.0,0.0,34,3600.0,0.93,3.1,1
2025-07-24 07:00:00+00:00,23.4,56,0.0,0.0,0.0,0.0,8,3600.0,0.65,3.0,0
2025-07-24 08:00:00+00:00,24.9,49,0.0,0.0,0.0,0.0,38,3600.0,0.6,3.1,1
2025-07-24 09:00:00+00:00,26.0,44,0.0,0.0,0.0,0.0,92,3600.0,0.3,3.1,3
2025-07-24 10:00:00+00:00,26.9,40,0.0,0.0,0.0,0.0,88,3600.0,0.14,2.8,3
2025-07-24 11:00:00+00:00,27.4,38,0.0,0.0,0.0,0.0,81,3600.0,0.82,4.3,3
2025-07-24 12:00:00+00:00,28.0,37,0.0,0.0,0.0,0.0,100,3600.0,1.38,5.0,3
2025-07-24 13:00:00+00:00,28.1,41,0.0,0.0,0.0,0.0,97,3600.0,1.64,5.0,3
2025-07-24 14:00:00+00:00,27.7,42,0.0,0.0,0.0,0.0,99,3600.0,2.11,5.5,3
2025-07-24 15:00:00+00:00,27.1,44,0.1,0.1,0.0,0.0,100,3600.0,2.92,7.0,51
2025-07-24 16:00:00+00:00,26.7,45,0.0,0.0,0.0,0.0,100,3600.0,1.09,6.9,3
2025-07-24 17:00:00+00:00,26.7,45,0.0,0.0,0.0,0.0,100,3600.0,0.86,2.9,3
2025-07-24 18:00:00+00:00,26.4,48,0.0,0.0,0.0,0.0,98,3600.0,0.83,2.2,3
2025-07-24 19:00:00+00:00,24.7,56,0.0,0.0,0.0,0.0,25,3392.35,1.56,2.9,1
2025-07-24 20:00:00+00:00,23.4,65,0.0,0.0,0.0,0.0,9,1829.06,1.78,4.1,0
2025-07-24 21:00:00+00:00,22.0,72,0.0,0.0,0.0,0.0,5,0.0,0.99,3.5,0
2025-07-24 22:00:00+00:00,21.6,74,0.0,0.0,0.0,0.0,6,0.0,0.8,2.0,0
2025-07-24 23:00:00+00:00,21.2,75,0.0,0.0,0.0,0.0,18,0.0,0.63,1.7,0
2025-07-25 00:00:00+00:00,20.2,79,0.0,0.0,0.0,0.0,7,0.0,0.96,1.9,0
2025-07-25 01:00:00+00:00,18.7,82,0.0,0.0,0.0,0.0,0,0.0,0.89,2.0,0
2025-07-25 02:00:00+00:00,18.1,84,0.0,0.0,0.0,0.0,0,0.0,1.14,2.2,0
2025-07-25 03:00:00+00:00,17.6,86,0.0,0.0,0.0,0.0,0,0.0,1.33,2.7,0
2025-07-25 04:00:00+00:00,18.4,87,0.0,0.0,0.0,0.0,0,3600.0,1.03,2.7,0
2025-07-25 05:00:00+00:00,20.0,79,0.0,0.0,0.0,0.0,2,3600.0,1.1,2.5,0
2025-07-25 06:00:00+00:00,21.3,71,0.0,0.0,0.0,0.0,2,3600.0,0.96,3.1,0
2025-07-25 07:00:00+00:00,22.6,66,0.0,0.0,0.0,0.0,1,3600.0,1.25,4.0,0
2025-07-25 08:00:00+00:00,24.0,62,0.0,0.0,0.0,0.0,22,3600.0,1.72,5.1,1
2025-07-25 09:00:00+00:00,25.3,57,0.0,0.0,0.0,0.0,24,3600.0,2.42,6.5,1
2025-07-25 10:00:00+00:00,26.0,52,0.2,0.2,0.0,0.0,19,3600.0,2.93,7.5,51
2025-07-25 11:00:00+00:00,27.0,46,0.0,0.0,0.0,0.0,1,3600.0,3.22,8.0,0
2025-07-25 12:00:00+00:00,27.4,43,0.0,0.0,0.0,0.0,1,3600.0,3.82,9.2,0
2025-07-25 13:00:00+00:00,27.3,45,0.0,0.0,0.0,0.0,10,3600.0,3.75,9.1,0
2025-07-25 14:00:00+00:00,27.3,43,0.0,0.0,0.0,0.0,42,3600.0,4.14,9.6,1
2025-07-25 15:00:00+00:00,26.8,44,0.0,0.0,0.0,0.0,99,3600.0,4.55,10.2,3
2025-07-25 16:00:00+00:00,25.6,50,0.0,0.0,0.0,0.0,100,3600.0,4.57,10.6,3
2025-07-25 17:00:00+00:00,24.6,56,0.0,0.0,0.0,0.0,95,3600.0,4.16,10.0,3
2025-07-25 18:00:00+00:00,23.3,63,0.0,0.0,0.0,0.0,100,3600.0,3.65,9.0,3
2025-07-25 19:00:00+00:00,22.0,71,0.0,0.0,0.0,0.0,94,752.43,3.4,7.7,3
2025-07-25 20:00:00+00:00,20.5,82,0.0,0.0,0.0,0.0,100,0.0,3.01,7.2,3
2025-07-25 21:00:00+00:00,19.7,86,0.0,0.0,0.0,0.0,89,0.0,2.91,6.5,3
2025-07-25 22:00:00+00:00,19.1,90,0.0,0.0,0.0,0.0,98,0.0,2.6,6.1,3
2025-07-25 23:00:00+00:00,18.6,94,0.0,0.0,0.0,0.0,100,0.0,2.16,5.4,3
2025-07-26 00:00:00+00:00,18.5,93,0.0,0.0,0.0,0.0,97,0.0,1.88,4.5,3
2025-07-26 01:00:00+00:00,18.5,90,0.0,0.0,0.0,0.0,100,0.0,2.17,5.3,3
2025-07-26 02:00:00+00:00,18.5,90,0.0,0.0,0.0,0.0,97,0.0,2.08,4.6,3
2025-07-26 03:00:00+00:00,18.3,92,0.0,0.0,0.0,0.0,100,0.0,1.86,4.4,3
2025-07-26 04:00:00+00:00,18.8,90,0.0,0.0,0.0,0.0,100,0.0,1.9,4.1,3
2025-07-26 05:00:00+00:00,19.4,86,0.0,0.0,0.0,0.0,100,2245.04,1.61,4.1,3
2025-07-26 06:00:00+00:00,19.9,83,0.0,0.0,0.0,0.0,100,2692.01,0.97,4.0,3
2025-07-26 07:00:00+00:00,20.6,79,0.0,0.0,0.0,0.0,100,3600.0,0.74,3.3,3
2025-07-26 08:00:00+00:00,21.8,72,0.0,0.0,0.0,0.0,100,52.06,0.76,3.4,3
2025-07-26 09:00:00+00:00,22.9,66,0.0,0.0,0.0,0.0,95,3580.6,1.43,4.4,3
2025-07-26 10:00:00+00:00,24.0,61,0.0,0.0,0.0,0.0,52,3600.0,1.91,5.5,2
2025-07-26 11:00:00+00:00,24.9,56,0.0,0.0,0.0,0.0,38,3600.0,1.95,5.8,1
2025-07-26 12:00:00+00:00,26.0,52,0.0,0.0,0.0,0.0,98,3600.0,1.66,5.9,3
2025-07-26 13:00:00+00:00,25.1,53,0.0,0.0,0.0,0.0,86,3600.0,2.06,6.5,3
2025-07-26 14:00:00+00:00,26.1,48,0.0,0.0,0.0,0.0,49,3600.0,1.7,5.7,1
2025-07-26 15:00:00+00:00,25.9,48,0.0,0.0,0.0,0.0,90,3600.0,2.49,7.0,3
2025-07-26 16:00:00+00:00,26.3,46,0.0,0.0,0.0,0.0,88,3600.0,3.1,6.7,3
2025-07-26 17:00:00+00:00,23.2,66,0.0,0.0,0.0,0.0,62,3600.0,4.7,10.7,2
2025-07-26 18:00:00+00:00,22.9,65,0.0,0.0,0.0,0.0,51,3600.0,3.96,10.1,2
2025-07-26 19:00:00+00:00,22.0,68,0.0,0.0,0.0,0.0,25,3600.0,3.08,8.4,1
2025-07-26 20:00:00+00:00,21.0,75,0.0,0.0,0.0,0.0,19,1917.95,2.4,6.4,0
2025-07-26 21:00:00+00:00,20.2,79,0.0,0.0,0.0,0.0,96,0.0,2.34,5.1,3
2025-07-26 22:00:00+00:00,19.7,82,0.0,0.0,0.0,0.0,100,0.0,2.21,4.8,3
2025-07-26 23:00:00+00:00,19.1,86,0.0,0.0,0.0,0.0,99,0.0,1.88,4.6,3
2025-07-27 00:00:00+00:00,18.5,89,0.0,0.0,0.0,0.0,100,0.0,1.66,3.9,3
2025-07-27 01:00:00+00:00,17.7,92,1.6,1.6,0.0,0.0,100,0.0,1.77,3.6,61
2025-07-27 02:00:00+00:00,17.6,93,0.9,0.9,0.0,0.0,100,0.0,1.21,3.4,53
2025-07-27 03:00:00+00:00,17.3,95,1.9,1.9,0.0,0.0,100,0.0,0.9,2.6,61
2025-07-27 04:00:00+00:00,17.5,94,0.3,0.3,0.0,0.0,100,0.0,1.32,2.6,51
2025-07-27 05:00:00+00:00,17.6,94,0.1,0.1,0.0,0.0,100,0.0,1.56,3.3,51
2025-07-27 06:00:00+00:00,17.8,94,0.2,0.2,0.0,0.0,100,0.0,1.7,3.7,51
2025-07-27 07:00:00+00:00,18.2,90,0.0,0.0,0.0,0.0,100,0.0,1.45,3.8,3
2025-07-27 08:00:00+00:00,18.5,88,0.2,0.2,0.0,0.0,100,0.0,1.25,3.8,51
2025-07-27 09:00:00+00:00,18.8,88,0.4,0.4,0.0,0.0,100,0.0,1.35,4.0,51
2025-07-27 10:00:00+00:00,19.2,85,0.2,0.2,0.0,0.0,100,0.0,1.81,4.9,51
2025-07-27 11:00:00+00:00,19.9,76,0.1,0.1,0.0,0.0,100,0.0,2.16,5.3,51
2025-07-27 12:00:00+00:00,20.9,64,0.0,0.0,0.0,0.0,100,224.4,1.52,5.5,3
2025-07-27 13:00:00+00:00,21.9,56,0.0,0.0,0.0,0.0,100,3600.0,1.53,4.5,3
2025-07-27 14:00:00+00:00,22.5,53,0.0,0.0,0.0,0.0,100,3453.29,2.25,5.8,3
2025-07-27 15:00:00+00:00,22.8,52,0.0,0.0,0.0,0.0,100,3600.0,1.77,6.1,3
2025-07-27 16:00:00+00:00,23.0,49,0.0,0.0,0.0,0.0,99,3600.0,1.12,4.8,3
2025-07-27 17:00:00+00:00,22.0,54,0.0,0.0,0.0,0.0,99,3600.0,2.42,5.7,3
2025-07-27 18:00:00+00:00,20.5,65,0.4,0.4,0.0,0.0,100,2562.64,2.57,6.6,51
2025-07-27 19:00:00+00:00,19.4,73,0.2,0.2,0.0,0.0,100,0.0,2.17,5.7,51
2025-07-27 20:00:00+00:00,19.2,73,0.0,0.0,0.0,0.0,100,0.0,1.18,4.3,3
2025-07-27 21:00:00+00:00,18.9,78,0.0,0.0,0.0,0.0,100,0.0,1.45,3.3,3
2025-07-27 22:00:00+00:00,18.1,85,0.0,0.0,0.0,0.0,100,0.0,1.68,3.6,3
2025-07-27 23:00:00+00:00,16.8,90,0.0,0.0,0.0,0.0,100,0.0,0.86,3.6,3
2025-07-28 00:00:00+00:00,17.0,90,0.0,0.0,0.0,0.0,100,0.0,0.71,2.2,3
2025-07-28 01:00:00+00:00,15.5,90,0.0,0.0,0.0,0.0,87,0.0,0.52,1.4,3
2025-07-28 02:00:00+00:00,14.7,96,0.0,0.0,0.0,0.0,53,0.0,0.68,1.7,2
2025-07-28 03:00:00+00:00,14.3,98,0.0,0.0,0.0,0.0,98,0.0,0.76,1.9,3
2025-07-28 04:00:00+00:00,15.7,97,0.0,0.0,0.0,0.0,100,880.61,1.19,2.6,3
2025-07-28 05:00:00+00:00,16.4,91,0.0,0.0,0.0,0.0,100,125.62,1.45,3.5,3
2025-07-28 06:00:00+00:00,17.4,82,0.0,0.0,0.0,0.0,100,3600.0,1.38,4.0,3
2025-07-28 07:00:00+00:00,18.4,73,0.0,0.0,0.0,0.0,54,3600.0,0.83,4.0,2
2025-07-28 08:00:00+00:00,19.7,67,0.1,0.1,0.0,0.0,58,3600.0,0.47,3.9,51
2025-07-28 09:00:00+00:00,20.4,62,0.2,0.2,0.0,0.0,54,3600.0,0.73,3.8,51
2025-07-28 10:00:00+00:00,21.3,58,0.2,0.2,0.0,0.0,55,3600.0,0.65,4.3,51
2025-07-28 11:00:00+00:00,22.1,54,0.3,0.3,0.0,0.0,53,3600.0,0.88,4.6,51
2025-07-28 12:00:00+00:00,22.7,53,0.3,0.3,0.0,0.0,32,3600.0,1.43,5.3,51
2025-07-28 13:00:00+00:00,23.0,55,0.0,0.0,0.0,0.0,74,3600.0,0.54,3.9,2
2025-07-28 14:00:00+00:00,23.8,49,0.0,0.0,0.0,0.0,9,3600.0,0.89,4.1,0
2025-07-28 15:00:00+00:00,24.1,46,0.1,0.1,0.0,0.0,58,3600.0,2.16,5.7,51
2025-07-28 16:00:00+00:00,21.9,56,0.3,0.3,0.0,0.0,19,3600.0,2.16,6.1,51
2025-07-28 17:00:00+00:00,22.2,56,0.0,0.0,0.0,0.0,9,3600.0,1.68,5.6,0
2025-07-28 18:00:00+00:00,21.5,58,0.1,0.1,0.0,0.0,22,3600.0,1.31,4.7,51
2025-07-28 19:00:00+00:00,20.5,69,0.0,0.0,0.0,0.0,8,3600.0,0.46,3.2,0
2025-07-28 20:00:00+00:00,18.8,76,0.0,0.0,0.0,0.0,4,1444.07,1.21,2.6,0
2025-07-28 21:00:00+00:00,17.9,84,0.0,0.0,0.0,0.0,4,0.0,1.0,2.6,0
2025-07-28 22:00:00+00:00,17.7,90,0.0,0.0,0.0,0.0,7,0.0,1.36,3.0,0
2025-07-28 23:00:00+00:00,17.4,87,0.0,0.0,0.0,0.0,100,0.0,2.1,4.5,3
2025-07-29 00:00:00+00:00,16.6,88,0.0,0.0,0.0,0.0,95,0.0,2.14,4.6,3
2025-07-29 01:00:00+00:00,15.0,91,0.0,0.0,0.0,0.0,3,0.0,1.44,3.7,0
2025-07-29 02:00:00+00:00,15.1,89,0.0,0.0,0.0,0.0,31,0.0,1.82,3.9,1
2025-07-29 03:00:00+00:00,15.0,91,0.0,0.0,0.0,0.0,84,0.0,1.85,4.2,3
2025-07-29 04:00:00+00:00,15.4,89,0.0,0.0,0.0,0.0,100,2148.78,1.92,4.1,3
2025-07-29 05:00:00+00:00,16.5,79,0.0,0.0,0.0,0.0,92,3600.0,2.35,5.3,3
2025-07-29 06:00:00+00:00,18.0,71,0.0,0.0,0.0,0.0,100,3600.0,2.91,6.8,3
2025-07-29 07:00:00+00:00,19.0,67,0.0,0.0,0.0,0.0,100,3600.0,3.49,7.9,3
2025-07-29 08:00:00+00:00,19.5,65,0.0,0.0,0.0,0.0,100,0.0,4.45,9.5,3
2025-07-29 09:00:00+00:00,19.5,66,0.0,0.0,0.0,0.0,100,0.0,3.92,9.9,3
2025-07-29 10:00:00+00:00,20.5,61,0.1,0.1,0.0,0.0,100,0.0,4.32,10.5,51
2025-07-29 11:00:00+00:00,20.2,63,0.4,0.4,0.0,0.0,100,0.0,4.45,10.7,51
2025-07-29 12:00:00+00:00,18.8,80,1.4,1.4,0.0,0.0,100,0.0,4.08,9.7,61
2025-07-29 13:00:00+00:00,17.1,94,2.3,2.3,0.0,0.0,100,0.0,3.62,7.2,61
2025-07-29 14:00:00+00:00,16.6,94,2.5,2.5,0.0,0.0,100,0.0,2.43,7.4,63
2025-07-29 15:00:00+00:00,16.5,93,1.5,1.5,0.0,0.0,100,0.0,3.7,7.4,61
2025-07-29 16:00:00+00:00,16.1,93,1.9,1.9,0.0,0.0,100,0.0,4.62,9.5,61
2025-07-29 17:00:00+00:00,15.7,92,3.6,3.6,0.0,0.0,100,0.0,5.16,10.7,63
2025-07-29 18:00:00+00:00,15.5,92,3.4,3.4,0.0,0.0,100,0.0,3.92,10.7,63
2025-07-29 19:00:00+00:00,15.4,93,4.2,4.2,0.0,0.0,100,0.0,2.66,8.0,63
2025-07-29 20:00:00+00:00,15.3,93,3.4,3.4,0.0,0.0,100,0.0,1.8,5.9,63
2025-07-29 21:00:00+00:00,15.8,87,1.5,1.5,0.0,0.0,100,0.0,3.04,5.8,61
2025-07-29 22:00:00+00:00,16.0,85,0.2,0.2,0.0,0.0,100,0.0,3.87,7.5,51
2025-07-29 23:00:00+00:00,16.2,83,0.0,0.0,0.0,0.0,100,0.0,4.56,9.1,3
2025-07-30 00:00:00+00:00,16.5,81,0.0,0.0,0.0,0.0,100,0.0,4.9,10.0,3
2025-07-30 01:00:00+00:00,15.7,86,0.0,0.0,0.0,0.0,100,0.0,2.3,4.8,3
2025-07-30 02:00:00+00:00,15.8,86,0.1,0.1,0.0,0.0,100,0.0,2.26,4.8,51
2025-07-30 03:00:00+00:00,15.5,93,0.6,0.6,0.0,0.0,100,0.0,1.53,4.5,53
2025-07-30 04:00:00+00:00,15.5,94,0.6,0.6,0.0,0.0,100,0.0,1.41,3.5,53
2025-07-30 05:00:00+00:00,15.6,94,0.6,0.6,0.0,0.0,100,0.0,1.72,3.8,53
2025-07-30 06:00:00+00:00,15.7,94,0.4,0.4,0.0,0.0,100,0.0,1.52,4.0,51
2025-07-30 07:00:00+00:00,16.1,92,0.1,0.1,0.0,0.0,100,0.0,1.57,3.7,51
2025-07-30 08:00:00+00:00,16.6,89,0.1,0.1,0.0,0.0,100,0.0,1.82,4.0,51
2025-07-30 09:00:00+00:00,17.5,84,0.1,0.1,0.0,0.0,100,0.0,2.11,4.8,51
2025-07-30 10:00:00+00:00,18.8,76,0.1,0.1,0.0,0.0,72,1064.16,1.56,5.1,51
2025-07-30 11:00:00+00:00,19.5,72,0.1,0.1,0.0,0.0,45,2525.18,0.96,4.2,51
2025-07-30 12:00:00+00:00,20.2,69,0.3,0.3,0.0,0.0,62,3600.0,1.81,5.2,51
2025-07-30 13:00:00+00:00,20.4,66,0.2,0.2,0.0,0.0,36,3600.0,1.95,6.2,51
2025-07-30 14:00:00+00:00,20.6,64,0.2,0.2,0.0,0.0,37,3600.0,2.06,5.7,51
2025-07-30 15:00:00+00:00,20.5,65,0.2,0.2,0.0,0.0,62,3600.0,1.83,5.6,51
2025-07-30 16:00:00+00:00,20.5,65,0.1,0.1,0.0,0.0,100,3600.0,1.68,5.1,51
2025-07-30 17:00:00+00:00,20.2,65,0.0,0.0,0.0,0.0,100,3600.0,1.59,4.6,3
2025-07-30 18:00:00+00:00,19.7,68,0.0,0.0,0.0,0.0,24,3600.0,0.97,3.9,1
2025-07-30 19:00:00+00:00,18.6,76,0.0,0.0,0.0,0.0,30,3600.0,0.71,2.1,1
2025-07-30 20:00:00+00:00,17.5,78,0.0,0.0,0.0,0.0,42,988.58,0.4,1.5,1
2025-07-30 21:00:00+00:00,16.9,83,0.0,0.0,0.0,0.0,35,0.0,0.35,1.2,1
2025-07-30 22:00:00+00:00,16.1,90,0.0,0.0,0.0,0.0,92,0.0,0.57,1.5,3
2025-07-30 23:00:00+00:00,15.2,95,0.0,0.0,0.0,0.0,100,0.0,0.81,1.9,3
2025-07-31 00:00:00+00:00,15.1,95,0.0,0.0,0.0,0.0,88,0.0,1.17,2.5,3
2025-07-31 01:00:00+00:00,15.0,93,0.0,0.0,0.0,0.0,100,0.0,1.39,3.0,3
2025-07-31 02:00:00+00:00,14.7,95,0.0,0.0,0.0,0.0,100,0.0,1.49,3.2,3
2025-07-31 03:00:00+00:00,14.7,95,0.0,0.0,0.0,0.0,100,0.0,1.48,3.4,3
2025-07-31 04:00:00+00:00,15.0,95,0.0,0.0,0.0,0.0,100,0.0,1.4,3.2,3
2025-07-31 05:00:00+00:00,15.8,88,0.0,0.0,0.0,0.0,100,0.0,1.27,3.1,3
2025-07-31 06:00:00+00:00,16.5,83,0.0,0.0,0.0,0.0,100,0.0,1.7,3.9,3
2025-07-31 07:00:00+00:00,16.5,82,0.0,0.0,0.0,0.0,100,0.0,1.34,3.9,3
2025-07-31 08:00:00+00:00,17.1,80,0.0,0.0,0.0,0.0,100,0.0,1.37,3.5,3
2025-07-31 09:00:00+00:00,17.5,78,0.0,0.0,0.0,0.0,100,0.0,0.99,3.4,3
2025-07-31 10:00:00+00:00,18.2,76,0.0,0.0,0.0,0.0,100,0.0,0.97,3.1,3
2025-07-31 11:00:00+00:00,18.9,72,0.0,0.0,0.0,0.0,100,0.0,0.65,3.3,3
2025-07-31 12:00:00+00:00,19.7,66,0.0,0.0,0.0,0.0,100,0.0,1.07,3.4,3
2025-07-31 13:00:00+00:00,18.5,76,0.0,0.0,0.0,0.0,100,0.0,1.65,4.0,3
2025-07-31 14:00:00+00:00,18.5,76,0.1,0.1,0.0,0.0,100,0.0,2.31,5.3,51
2025-07-31 15:00:00+00:00,18.4,79,0.0,0.0,0.0,0.0,100,0.0,2.06,5.3,3
2025-07-31 16:00:00+00:00,18.1,82,0.0,0.0,0.0,0.0,100,0.0,1.74,4.7,3
2025-07-31 17:00:00+00:00,18.2,82,0.0,0.0,0.0,0.0,100,0.0,1.63,4.2,3
2025-07-31 18:00:00+00:00,18.0,84,0.0,0.0,0.0,0.0,100,0.0,1.53,3.7,3
2025-07-31 19:00:00+00:00,17.9,85,0.0,0.0,0.0,0.0,100,0.0,2.01,4.0,3
2025-07-31 20:00:00+00:00,17.7,84,0.0,0.0,0.0,0.0,72,0.0,1.85,4.1,2
2025-07-31 21:00:00+00:00,17.3,84,0.0,0.0,0.0,0.0,100,0.0,1.65,3.6,3
2025-07-31 22:00:00+00:00,17.6,81,0.0,0.0,0.0,0.0,100,0.0,1.71,3.5,3
2025-07-31 23:00:00+00:00,17.7,80,0.0,0.0,0.0,0.0,100,0.0,2.0,3.9,3
2025-08-01 00:00:00+00:00,17.6,82,0.0,0.0,0.0,0.0,100,0.0,2.34,4.5,3
2025-08-01 01:00:00+00:00,17.1,84,0.0,0.0,0.0,0.0,96,0.0,2.52,4.9,3
2025-08-01 02:00:00+00:00,16.6,86,0.0,0.0,0.0,0.0,100,0.0,2.45,5.0,3
2025-08-01 03:00:00+00:00,16.2,87,0.0,0.0,0.0,0.0,100,0.0,2.51,4.9,3
2025-08-01 04:00:00+00:00,16.3,88,0.0,0.0,0.0,0.0,100,0.0,2.6,5.1,3
2025-08-01 05:00:00+00:00,16.8,89,0.0,0.0,0.0,0.0,97,0.0,2.13,5.0,3
2025-08-01 06:00:00+00:00,17.9,81,0.0,0.0,0.0,0.0,93,3600.0,1.91,4.5,3
2025-08-01 07:00:00+00:00,18.9,73,0.0,0.0,0.0,0.0,100,3600.0,1.65,4.6,3
2025-08-01 08:00:00+00:00,19.5,69,0.0,0.0,0.0,0.0,100,3600.0,1.21,4.3,3
2025-08-01 09:00:00+00:00,20.3,62,0.0,0.0,0.0,0.0,100,3600.0,1.32,4.1,3
2025-08-01 10:00:00+00:00,20.9,58,0.0,0.0,0.0,0.0,100,3600.0,1.41,4.9,3
2025-08-01 11:00:00+00:00,21.6,55,0.0,0.0,0.0,0.0,80,3600.0,1.41,4.7,3
2025-08-01 12:00:00+00:00,21.7,54,0.1,0.1,0.0,0.0,100,3600.0,1.51,4.9,51
2025-08-01 13:00:00+00:00,22.0,53,0.1,0.1,0.0,0.0,100,735.57,0.46,2.7,51
2025-08-01 14:00:00+00:00,21.9,53,0.0,0.0,0.0,0.0,100,2584.52,0.91,3.1,3
2025-08-01 15:00:00+00:00,21.4,55,0.0,0.0,0.0,0.0,100,1850.38,1.66,4.0,3
2025-08-01 16:00:00+00:00,20.6,61,0.0,0.0,0.0,0.0,100,0.0,2.01,4.6,3
2025-08-01 17:00:00+00:00,19.1,73,0.1,0.1,0.0,0.0,100,0.0,2.1,4.4,51
2025-08-01 18:00:00+00:00,18.2,80,0.2,0.2,0.0,0.0,100,0.0,1.36,4.5,51
2025-08-01 19:00:00+00:00,17.7,87,0.0,0.0,0.0,0.0,100,0.0,0.25,2.7,3
2025-08-01 20:00:00+00:00,17.5,86,0.0,0.0,0.0,0.0,100,0.0,0.4,1.1,3
2025-08-01 21:00:00+00:00,17.2,86,0.0,0.0,0.0,0.0,100,0.0,0.8,1.8,3
2025-08-01 22:00:00+00:00,17.2,86,0.0,0.0,0.0,0.0,100,0.0,0.69,1.9,3
2025-08-01 23:00:00+00:00,17.1,88,0.1,0.1,0.0,0.0,100,0.0,1.08,2.4,51
2025-08-02 00:00:00+00:00,16.8,88,0.3,0.3,0.0,0.0,100,0.0,0.98,2.5,51
2025-08-02 01:00:00+00:00,16.8,91,0.9,0.9,0.0,0.0,100,0.0,0.94,2.2,53
2025-08-02 02:00:00+00:00,16.7,91,0.9,0.9,0.0,0.0,100,0.0,1.13,2.6,53
2025-08-02 03:00:00+00:00,16.4,94,2.3,2.3,0.0,0.0,100,0.0,1.0,4.5,61
2025-08-02 04:00:00+00:00,16.4,93,1.6,1.6,0.0,0.0,100,0.0,0.87,2.8,61
2025-08-02 05:00:00+00:00,16.7,91,2.4,2.4,0.0,0.0,100,0.0,2.65,5.1,61
2025-08-02 06:00:00+00:00,16.9,92,0.9,0.9,0.0,0.0,100,0.0,3.36,6.5,53
2025-08-02 07:00:00+00:00,17.6,91,0.1,0.1,0.0,0.0,100,0.0,3.6,7.6,51
2025-08-02 08:00:00+00:00,17.9,90,0.5,0.5,0.0,0.0,100,0.0,3.62,7.2,53
2025-08-02 09:00:00+00:00,17.2,96,1.6,1.6,0.0,0.0,100,0.0,2.83,7.3,61
2025-08-02 10:00:00+00:00,17.7,95,2.2,2.2,0.0,0.0,100,0.0,2.56,5.8,61
2025-08-02 11:00:00+00:00,18.1,95,2.2,2.2,0.0,0.0,100,0.0,1.8,5.8,61
2025-08-02 12:00:00+00:00,18.4,94,3.1,3.1,0.0,0.0,100,0.0,2.52,5.5,63
2025-08-02 13:00:00+00:00,18.7,92,1.3,1.3,0.0,0.0,100,0.0,3.58,6.3,61
2025-08-02 14:00:00+00:00,19.3,92,0.3,0.3,0.0,0.0,100,0.0,3.07,7.6,51
2025-08-02 15:00:00+00:00,18.6,91,2.5,2.5,0.0,0.0,100,0.0,2.55,6.5,63
2025-08-02 16:00:00+00:00,18.2,92,0.2,0.2,0.0,0.0,100,0.0,2.26,5.2,51
2025-08-02 17:00:00+00:00,18.1,91,0.2,0.2,0.0,0.0,100,0.0,1.7,4.6,51
2025-08-02 18:00:00+00:00,17.6,94,0.5,0.5,0.0,0.0,100,0.0,0.99,3.4,53
2025-08-02 19:00:00+00:00,17.2,95,0.6,0.6,0.0,0.0,100,0.0,1.79,3.5,53
2025-08-02 20:00:00+00:00,17.0,97,0.2,0.2,0.0,0.0,100,0.0,1.77,3.9,51
2025-08-02 21:00:00+00:00,16.6,95,0.0,0.0,0.0,0.0,73,0.0,2.48,4.5,2
2025-08-02 22:00:00+00:00,16.1,97,0.0,0.0,0.0,0.0,37,0.0,2.28,4.7,1
2025-08-02 23:00:00+00:00,15.7,98,0.0,0.0,0.0,0.0,7,0.0,1.45,4.2,0
2025-08-03 00:00:00+00:00,15.3,98,0.0,0.0,0.0,0.0,13,0.0,1.22,3.0,0
2025-08-03 01:00:00+00:00,14.9,97,0.0,0.0,0.0,0.0,19,0.0,1.1,2.3,0
2025-08-03 02:00:00+00:00,14.6,97,0.0,0.0,0.0,0.0,19,0.0,1.01,2.3,0
2025-08-03 03:00:00+00:00,14.5,97,0.0,0.0,0.0,0.0,27,0.0,0.84,2.1,1
2025-08-03 04:00:00+00:00,14.6,98,0.0,0.0,0.0,0.0,29,741.77,0.7,1.8,1
2025-08-03 05:00:00+00:00,15.2,97,0.0,0.0,0.0,0.0,55,3600.0,1.11,2.8,2
2025-08-03 06:00:00+00:00,16.0,92,0.0,0.0,0.0,0.0,60,3600.0,1.1,3.2,2
2025-08-03 07:00:00+00:00,16.9,85,0.1,0.1,0.0,0.0,20,3600.0,1.14,3.7,51
2025-08-03 08:00:00+00:00,18.0,76,0.0,0.0,0.0,0.0,18,3600.0,1.07,3.9,0
2025-08-03 09:00:00+00:00,19.2,68,0.0,0.0,0.0,0.0,28,3600.0,1.28,4.2,1
2025-08-03 10:00:00+00:00,20.0,66,0.3,0.3,0.0,0.0,66,3600.0,2.12,5.8,51
2025-08-03 11:00:00+00:00,20.4,64,0.0,0.0,0.0,0.0,100,3600.0,2.45,6.1,3
2025-08-03 12:00:00+00:00,21.2,60,0.0,0.0,0.0,0.0,100,3600.0,2.41,6.6,3
2025-08-03 13:00:00+00:00,21.3,63,0.0,0.0,0.0,0.0,17,3600.0,2.52,7.2,0
2025-08-03 14:00:00+00:00,20.4,66,0.4,0.4,0.0,0.0,39,3600.0,2.61,7.3,51
2025-08-03 15:00:00+00:00,19.0,71,0.5,0.5,0.0,0.0,87,3600.0,3.78,7.9,53
2025-08-03 16:00:00+00:00,19.1,76,0.2,0.2,0.0,0.0,43,3600.0,2.04,8.4,51
2025-08-03 17:00:00+00:00,19.3,76,0.0,0.0,0.0,0.0,21,3600.0,1.81,5.0,1
2025-08-03 18:00:00+00:00,18.6,74,0.0,0.0,0.0,0.0,63,3600.0,2.26,4.8,2
2025-08-03 19:00:00+00:00,17.5,87,0.1,0.1,0.0,0.0,39,3600.0,0.94,4.6,51
2025-08-03 20:00:00+00:00,16.9,90,0.0,0.0,0.0,0.0,99,0.0,2.09,3.9,3
2025-08-03 21:00:00+00:00,16.3,94,0.0,0.0,0.0,0.0,100,0.0,1.46,4.1,3
2025-08-03 22:00:00+00:00,15.7,96,0.0,0.0,0.0,0.0,79,0.0,1.36,3.1,2
2025-08-03 23:00:00+00:00,14.9,98,0.0,0.0,0.0,0.0,24,0.0,1.14,2.7,1
2025-08-04 00:00:00+00:00,15.0,97,0.0,0.0,0.0,0.0,57,0.0,1.11,2.5,2
2025-08-04 01:00:00+00:00,15.4,97,0.1,0.1,0.0,0.0,99,0.0,1.48,3.3,51
2025-08-04 02:00:00+00:00,15.6,93,0.1,0.1,0.0,0.0,99,0.0,1.77,4.0,51
2025-08-04 03:00:00+00:00,15.7,91,0.1,0.1,0.0,0.0,89,0.0,1.51,3.4,51
2025-08-04 04:00:00+00:00,15.8,91,0.1,0.1,0.0,0.0,67,0.0,1.55,3.2,51
2025-08-04 05:00:00+00:00,15.8,92,0.2,0.2,0.0,0.0,96,255.92,2.2,4.2,51
2025-08-04 06:00:00+00:00,16.2,93,0.1,0.1,0.0,0.0,100,310.88,2.07,4.6,51
2025-08-04 07:00:00+00:00,16.7,93,0.1,0.1,0.0,0.0,100,412.97,2.39,5.5,51
2025-08-04 08:00:00+00:00,17.6,87,0.1,0.1,0.0,0.0,100,2402.52,2.46,5.7,51
2025-08-04 09:00:00+00:00,18.6,80,0.1,0.1,0.0,0.0,83,3321.2,2.46,6.2,51
2025-08-04 10:00:00+00:00,19.5,75,0.1,0.1,0.0,0.0,100,3600.0,1.72,6.1,51
2025-08-04 11:00:00+00:00,19.0,77,1.1,1.1,0.0,0.0,96,3600.0,1.78,5.5,55
2025-08-04 12:00:00+00:00,18.0,89,1.4,1.4,0.0,0.0,24,3600.0,2.26,6.6,61
2025-08-04 13:00:00+00:00,19.3,77,0.1,0.1,0.0,0.0,100,3600.0,3.8,8.8,51
2025-08-04 14:00:00+00:00,20.1,72,0.1,0.1,0.0,0.0,100,3600.0,4.42,9.8,51
2025-08-04 15:00:00+00:00,19.9,69,0.0,0.0,0.0,0.0,100,3600.0,5.7,12.4,3
2025-08-04 16:00:00+00:00,17.9,79,0.3,0.3,0.0,0.0,100,0.0,6.07,12.7,51
2025-08-04 17:00:00+00:00,17.5,83,0.5,0.5,0.0,0.0,100,847.3,6.3,13.7,53
2025-08-04 18:00:00+00:00,17.1,78,0.0,0.0,0.0,0.0,100,0.0,6.81,14.3,3
2025-08-04 19:00:00+00:00,16.3,77,0.2,0.2,0.0,0.0,100,0.0,6.14,14.6,51
2025-08-04 20:00:00+00:00,15.0,86,1.1,1.1,0.0,0.0,100,0.0,6.55,13.7,55
2025-08-04 21:00:00+00:00,14.7,89,0.4,0.4,0.0,0.0,100,0.0,6.48,13.5,51
2025-08-04 22:00:00+00:00,13.9,95,3.3,3.3,0.0,0.0,100,0.0,6.74,13.5,63
2025-08-04 23:00:00+00:00,14.2,94,2.1,2.1,0.0,0.0,100,0.0,7.21,15.4,61
2025-08-05 00:00:00+00:00,15.5,94,0.1,0.1,0.0,0.0,47,0.0,6.91,14.1,51
2025-08-05 01:00:00+00:00,14.6,90,0.1,0.1,0.0,0.0,4,0.0,6.39,13.9,51
2025-08-05 02:00:00+00:00,13.7,88,0.0,0.0,0.0,0.0,9,0.0,6.0,12.8,0
2025-08-05 03:00:00+00:00,13.5,87,0.0,0.0,0.0,0.0,14,0.0,6.31,12.9,0
2025-08-05 04:00:00+00:00,13.6,83,0.0,0.0,0.0,0.0,39,1397.24,6.65,13.5,1
2025-08-05 05:00:00+00:00,14.4,76,0.0,0.0,0.0,0.0,41,3600.0,6.85,14.3,1
2025-08-05 06:00:00+00:00,15.1,70,0.0,0.0,0.0,0.0,87,3600.0,8.63,17.2,3
2025-08-05 07:00:00+00:00,15.5,69,0.2,0.2,0.0,0.0,88,3600.0,8.95,19.0,51
2025-08-05 08:00:00+00:00,16.0,66,0.1,0.1,0.0,0.0,100,3600.0,8.67,18.8,51
2025-08-05 09:00:00+00:00,15.5,69,0.1,0.1,0.0,0.0,97,0.0,8.52,19.1,51
2025-08-05 10:00:00+00:00,16.1,67,0.1,0.1,0.0,0.0,85,3600.0,9.03,19.3,51
2025-08-05 11:00:00+00:00,16.2,69,0.0,0.0,0.0,0.0,52,3600.0,9.03,19.9,2
2025-08-05 12:00:00+00:00,17.3,68,0.1,0.1,0.0,0.0,64,3600.0,9.2,19.9,51
2025-08-05 13:00:00+00:00,14.8,81,0.6,0.6,0.0,0.0,100,0.0,7.95,18.3,53
2025-08-05 14:00:00+00:00,16.2,75,0.0,0.0,0.0,0.0,100,893.51,7.81,16.4,3
2025-08-05 15:00:00+00:00,17.8,60,0.0,0.0,0.0,0.0,100,3600.0,8.01,17.5,3
2025-08-05 16:00:00+00:00,18.1,55,0.0,0.0,0.0,0.0,100,3600.0,6.8,16.9,3
2025-08-05 17:00:00+00:00,17.9,58,0.0,0.0,0.0,0.0,100,2048.12,5.91,14.3,3
2025-08-05 18:00:00+00:00,17.2,58,0.0,0.0,0.0,0.0,100,1791.32,6.19,12.8,3
2025-08-05 19:00:00+00:00,16.2,59,0.0,0.0,0.0,0.0,89,377.77,5.96,12.9,3
2025-08-05 20:00:00+00:00,15.4,62,0.0,0.0,0.0,0.0,100,0.0,5.34,12.2,3
2025-08-05 21:00:00+00:00,15.0,62,0.0,0.0,0.0,0.0,100,0.0,5.35,11.3,3
2025-08-05 22:00:00+00:00,14.6,62,0.0,0.0,0.0,0.0,100,0.0,5.34,11.2,3
2025-08-05 23:00:00+00:00,14.4,63,0.0,0.0,0.0,0.0,100,0.0,5.08,11.1,3
2025-08-06 00:00:00+00:00,14.2,63,0.0,0.0,0.0,0.0,100,0.0,4.62,10.6,3
2025-08-06 01:00:00+00:00,13.9,63,0.0,0.0,0.0,0.0,84,0.0,4.77,10.2,3
2025-08-06 02:00:00+00:00,13.4,65,0.0,0.0,0.0,0.0,81,0.0,4.81,10.2,3
2025-08-06 03:00:00+00:00,13.2,66,0.0,0.0,0.0,0.0,100,0.0,4.58,9.9,3
2025-08-06 04:00:00+00:00,13.3,67,0.0,0.0,0.0,0.0,79,0.0,4.64,9.8,2
2025-08-06 05:00:00+00:00,13.6,68,0.0,0.0,0.0,0.0,95,806.69,4.6,9.7,3
2025-08-06 06:00:00+00:00,14.6,65,0.0,0.0,0.0,0.0,95,3600.0,4.3,9.5,3
2025-08-06 07:00:00+00:00,15.5,59,0.0,0.0,0.0,0.0,100,3600.0,4.42,9.7,3
2025-08-06 08:00:00+00:00,16.3,54,0.0,0.0,0.0,0.0,100,3600.0,4.42,9.9,3
2025-08-06 09:00:00+00:00,16.8,53,0.0,0.0,0.0,0.0,100,3600.0,4.23,9.9,3
2025-08-06 10:00:00+00:00,17.3,53,0.0,0.0,0.0,0.0,100,3600.0,4.39,10.0,3
2025-08-06 11:00:00+00:00,18.2,51,0.0,0.0,0.0,0.0,60,3600.0,5.04,11.6,2
2025-08-06 12:00:00+00:00,19.4,45,0.0,0.0,0.0,0.0,1,3600.0,4.26,11.2,0
2025-08-06 13:00:00+00:00,20.3,37,0.0,0.0,0.0,0.0,58,3600.0,4.27,10.2,2
2025-08-06 14:00:00+00:00,20.4,36,0.0,0.0,0.0,0.0,24,3600.0,4.83,10.7,1
2025-08-06 15:00:00+00:00,20.5,36,0.0,0.0,0.0,0.0,55,3600.0,4.16,10.6,2
2025-08-06 16:00:00+00:00,20.3,40,0.0,0.0,0.0,0.0,55,3600.0,3.46,8.9,2
2025-08-06 17:00:00+00:00,19.9,44,0.0,0.0,0.0,0.0,47,3600.0,2.68,7.2,1
2025-08-06 18:00:00+00:00,18.8,51,0.0,0.0,0.0,0.0,25,3600.0,3.3,6.4,1
2025-08-06 19:00:00+00:00,17.9,55,0.0,0.0,0.0,0.0,1,3600.0,3.98,8.0,0
2025-08-06 20:00:00+00:00,16.9,61,0.0,0.0,0.0,0.0,3,0.0,3.86,8.2,0
2025-08-06 21:00:00+00:00,15.7,68,0.0,0.0,0.0,0.0,11,0.0,2.72,7.8,0
2025-08-06 22:00:00+00:00,14.8,74,0.0,0.0,0.0,0.0,15,0.0,2.21,5.6,0
2025-08-06 23:00:00+00:00,14.6,71,0.0,0.0,0.0,0.0,76,0.0,2.71,5.5,2
2025-08-07 00:00:00+00:00,14.2,72,0.0,0.0,0.0,0.0,100,0.0,2.48,5.5,3
2025-08-07 01:00:00+00:00,13.7,73,0.0,0.0,0.0,0.0,66,0.0,3.04,6.2,2
2025-08-07 02:00:00+00:00,13.7,73,0.0,0.0,0.0,0.0,27,0.0,2.91,6.3,1
2025-08-07 03:00:00+00:00,13.4,76,0.0,0.0,0.0,0.0,20,0.0,2.43,5.8,1
2025-08-07 04:00:00+00:00,13.5,78,0.0,0.0,0.0,0.0,14,973.18,2.26,4.9,0
2025-08-07 05:00:00+00:00,14.2,76,0.0,0.0,0.0,0.0,99,3600.0,2.42,5.1,3
2025-08-07 06:00:00+00:00,15.2,70,0.0,0.0,0.0,0.0,44,3600.0,2.47,5.5,1
2025-08-07 07:00:00+00:00,16.1,64,0.0,0.0,0.0,0.0,100,3600.0,2.84,6.6,3
2025-08-07 08:00:00+00:00,17.1,58,0.0,0.0,0.0,0.0,100,3600.0,2.87,7.0,3
2025-08-07 09:00:00+00:00,18.0,53,0.0,0.0,0.0,0.0,100,3600.0,2.89,7.0,3
2025-08-07 10:00:00+00:00,18.5,54,0.0,0.0,0.0,0.0,100,3600.0,3.77,8.6,3
2025-08-07 11:00:00+00:00,18.4,55,0.0,0.0,0.0,0.0,99,3600.0,5.14,11.4,3
2025-08-07 12:00:00+00:00,17.9,57,0.0,0.0,0.0,0.0,92,898.98,5.27,11.7,3
2025-08-07 13:00:00+00:00,19.1,48,0.0,0.0,0.0,0.0,100,3600.0,5.43,12.2,3
2025-08-07 14:00:00+00:00,18.1,50,0.0,0.0,0.0,0.0,100,0.0,5.72,12.0,3
2025-08-07 15:00:00+00:00,16.6,65,0.0,0.0,0.0,0.0,100,0.0,6.31,14.0,3
2025-08-07 16:00:00+00:00,15.7,71,0.0,0.0,0.0,0.0,100,0.0,6.02,13.3,3
2025-08-07 17:00:00+00:00,14.9,78,0.2,0.2,0.0,0.0,100,0.0,4.97,12.8,51
2025-08-07 18:00:00+00:00,14.3,87,0.2,0.2,0.0,0.0,100,0.0,4.81,10.3,51
2025-08-07 19:00:00+00:00,14.1,90,0.0,0.0,0.0,0.0,100,0.0,4.1,9.7,3
2025-08-07 20:00:00+00:00,13.9,90,0.0,0.0,0.0,0.0,35,0.0,4.25,9.2,1
2025-08-07 21:00:00+00:00,13.8,92,0.0,0.0,0.0,0.0,88,0.0,4.22,8.8,3
2025-08-07 22:00:00+00:00,14.1,91,0.0,0.0,0.0,0.0,35,0.0,4.05,8.8,1
2025-08-07 23:00:00+00:00,13.8,95,0.0,0.0,0.0,0.0,38,0.0,3.81,8.4,1
2025-08-08 00:00:00+00:00,14.2,92,0.0,0.0,0.0,0.0,68,0.0,3.46,7.9,2
2025-08-08 01:00:00+00:00,13.6,95,0.0,0.0,0.0,0.0,19,0.0,3.45,7.3,0
2025-08-08 02:00:00+00:00,13.4,93,0.0,0.0,0.0,0.0,18,0.0,3.61,7.3,0
2025-08-08 03:00:00+00:00,13.3,92,0.0,0.0,0.0,0.0,32,0.0,3.2,7.4,1
2025-08-08 04:00:00+00:00,13.6,92,0.0,0.0,0.0,0.0,51,0.0,2.98,6.6,2
2025-08-08 05:00:00+00:00,14.4,87,0.0,0.0,0.0,0.0,39,3600.0,3.46,6.9,1
2025-08-08 06:00:00+00:00,15.2,84,0.0,0.0,0.0,0.0,80,3600.0,4.48,10.5,3
2025-08-08 07:00:00+00:00,16.0,82,0.0,0.0,0.0,0.0,75,3600.0,4.22,10.0,2
2025-08-08 08:00:00+00:00,16.6,78,0.2,0.2,0.0,0.0,16,3600.0,4.02,9.3,51
2025-08-08 09:00:00+00:00,17.7,67,0.0,0.0,0.0,0.0,9,3600.0,4.0,9.2,0
2025-08-08 10:00:00+00:00,18.8,59,0.0,0.0,0.0,0.0,12,3600.0,4.38,9.9,0
2025-08-08 11:00:00+00:00,19.6,53,0.0,0.0,0.0,0.0,25,3600.0,5.47,12.0,1
2025-08-08 12:00:00+00:00,20.4,48,0.0,0.0,0.0,0.0,64,3600.0,5.4,12.2,2
2025-08-08 13:00:00+00:00,20.4,43,0.0,0.0,0.0,0.0,100,3600.0,5.34,13.0,3
2025-08-08 14:00:00+00:00,20.2,47,0.0,0.0,0.0,0.0,72,3600.0,5.71,12.4,2
2025-08-08 15:00:00+00:00,19.3,58,0.0,0.0,0.0,0.0,62,3600.0,6.3,13.4,2
2025-08-08 16:00:00+00:00,18.8,62,0.0,0.0,0.0,0.0,88,3600.0,6.16,13.5,3
2025-08-08 17:00:00+00:00,18.0,62,0.0,0.0,0.0,0.0,86,3600.0,5.65,13.0,3
2025-08-08 18:00:00+00:00,17.5,67,0.0,0.0,0.0,0.0,100,3600.0,4.8,11.8,3
2025-08-08 19:00:00+00:00,17.0,71,0.0,0.0,0.0,0.0,95,1928.47,4.28,9.6,3
2025-08-08 20:00:00+00:00,16.6,67,0.0,0.0,0.0,0.0,69,0.0,4.36,8.7,2
2025-08-08 21:00:00+00:00,16.0,65,0.0,0.0,0.0,0.0,15,0.0,3.48,8.7,0
2025-08-08 22:00:00+00:00,15.0,68,0.0,0.0,0.0,0.0,33,0.0,2.82,6.9,1
2025-08-08 23:00:00+00:00,14.4,72,0.0,0.0,0.0,0.0,5,0.0,2.82,5.6,0
2025-08-09 00:00:00+00:00,14.1,74,0.0,0.0,0.0,0.0,8,0.0,3.05,5.9,0
2025-08-09 01:00:00+00:00,13.5,74,0.0,0.0,0.0,0.0,5,0.0,3.23,6.6,0
2025-08-09 02:00:00+00:00,12.9,79,0.0,0.0,0.0,0.0,1,0.0,3.07,6.5,0
2025-08-09 03:00:00+00:00,12.5,83,0.0,0.0,0.0,0.0,64,0.0,2.52,6.2,2
2025-08-09 04:00:00+00:00,12.5,85,0.0,0.0,0.0,0.0,31,32.25,2.66,5.3,1
2025-08-09 05:00:00+00:00,13.1,84,0.0,0.0,0.0,0.0,59,3600.0,2.62,6.0,2
2025-08-09 06:00:00+00:00,14.0,82,0.0,0.0,0.0,0.0,38,3600.0,2.72,6.2,1
2025-08-09 07:00:00+00:00,15.1,78,0.0,0.0,0.0,0.0,8,3600.0,2.95,7.1,0
2025-08-09 08:00:00+00:00,16.4,71,0.0,0.0,0.0,0.0,0,3600.0,3.39,7.9,0
2025-08-09 09:00:00+00:00,17.6,64,0.0,0.0,0.0,0.0,33,3600.0,4.86,10.3,1
2025-08-09 10:00:00+00:00,18.4,60,0.0,0.0,0.0,0.0,33,3600.0,5.97,12.9,1
2025-08-09 11:00:00+00:00,18.8,55,0.0,0.0,0.0,0.0,58,3600.0,6.2,13.2,2
2025-08-09 12:00:00+00:00,18.5,59,0.0,0.0,0.0,0.0,57,3600.0,6.6,14.3,2
2025-08-09 13:00:00+00:00,17.9,63,0.0,0.0,0.0,0.0,19,3600.0,6.39,14.3,0
2025-08-09 14:00:00+00:00,18.3,59,0.2,0.2,0.0,0.0,60,3600.0,7.04,15.2,51
2025-08-09 15:00:00+00:00,17.2,65,0.0,0.0,0.0,0.0,92,3600.0,6.66,15.2,3
2025-08-09 16:00:00+00:00,17.3,66,0.0,0.0,0.0,0.0,95,3600.0,6.65,15.2,3
2025-08-09 17:00:00+00:00,15.7,77,0.3,0.3,0.0,0.0,92,658.26,4.98,16.0,51
2025-08-09 18:00:00+00:00,14.7,87,0.2,0.2,0.0,0.0,23,836.15,7.4,15.5,51
2025-08-09 19:00:00+00:00,14.4,88,0.4,0.4,0.0,0.0,99,1792.85,6.7,15.0,51
2025-08-09 20:00:00+00:00,14.3,92,0.5,0.5,0.0,0.0,42,0.0,5.03,13.1,53
2025-08-09 21:00:00+00:00,14.0,93,0.0,0.0,0.0,0.0,14,0.0,4.52,9.8,0
2025-08-09 22:00:00+00:00,13.6,92,0.0,0.0,0.0,0.0,4,0.0,4.15,9.0,0
2025-08-09 23:00:00+00:00,13.0,92,0.0,0.0,0.0,0.0,2,0.0,3.64,8.3,0
2025-08-10 00:00:00+00:00,12.6,92,0.0,0.0,0.0,0.0,0,0.0,2.94,7.2,0
2025-08-10 01:00:00+00:00,12.2,91,0.0,0.0,0.0,0.0,1,0.0,3.06,6.4,0
2025-08-10 02:00:00+00:00,12.0,90,0.0,0.0,0.0,0.0,0,0.0,2.95,6.1,0
2025-08-10 03:00:00+00:00,11.8,89,0.0,0.0,0.0,0.0,7,0.0,3.0,5.9,0
2025-08-10 04:00:00+00:00,11.8,88,0.0,0.0,0.0,0.0,3,96.76,3.01,6.0,0
2025-08-10 05:00:00+00:00,12.6,83,0.0,0.0,0.0,0.0,1,3600.0,2.82,5.9,0
2025-08-10 06:00:00+00:00,13.8,78,0.0,0.0,0.0,0.0,10,3600.0,2.59,5.8,0
2025-08-10 07:00:00+00:00,15.0,68,0.0,0.0,0.0,0.0,7,3600.0,2.87,6.7,0
2025-08-10 08:00:00+00:00,16.4,62,0.0,0.0,0.0,0.0,1,3600.0,2.97,7.1,0
2025-08-10 09:00:00+00:00,17.6,56,0.0,0.0,0.0,0.0,47,3600.0,3.06,7.6,1
2025-08-10 10:00:00+00:00,18.7,53,0.0,0.0,0.0,0.0,88,3600.0,2.99,7.6,3
2025-08-10 11:00:00+00:00,19.6,48,0.0,0.0,0.0,0.0,95,3600.0,2.93,9.1,3
2025-08-10 12:00:00+00:00,20.8,42,0.0,0.0,0.0,0.0,85,3600.0,3.46,8.0,3
2025-08-10 13:00:00+00:00,20.4,39,0.0,0.0,0.0,0.0,66,3600.0,4.37,10.0,2
2025-08-10 14:00:00+00:00,20.8,38,0.0,0.0,0.0,0.0,9,3600.0,4.52,10.0,0
2025-08-10 15:00:00+00:00,20.8,38,0.0,0.0,0.0,0.0,35,3600.0,4.16,9.9,1
2025-08-10 16:00:00+00:00,21.2,37,0.0,0.0,0.0,0.0,46,3600.0,3.39,9.0,1
2025-08-10 17:00:00+00:00,20.5,40,0.0,0.0,0.0,0.0,0,3600.0,3.97,8.4,0
2025-08-10 18:00:00+00:00,19.0,48,0.0,0.0,0.0,0.0,100,3600.0,2.33,8.2,3
2025-08-10 19:00:00+00:00,16.6,58,0.0,0.0,0.0,0.0,100,3600.0,1.42,4.8,3
2025-08-10 20:00:00+00:00,15.8,59,0.0,0.0,0.0,0.0,85,0.0,1.35,2.6,3
2025-08-10 21:00:00+00:00,15.2,64,0.0,0.0,0.0,0.0,99,0.0,1.3,2.6,3
2025-08-10 22:00:00+00:00,15.1,66,0.0,0.0,0.0,0.0,100,0.0,1.37,3.0,3
2025-08-10 23:00:00+00:00,14.6,68,0.0,0.0,0.0,0.0,58,0.0,1.06,2.8,2
2025-08-11 00:00:00+00:00,14.1,70,0.0,0.0,0.0,0.0,21,0.0,0.83,2.3,1
2025-08-11 01:00:00+00:00,12.5,79,0.0,0.0,0.0,0.0,87,0.0,0.22,0.9,3
2025-08-11 02:00:00+00:00,12.1,86,0.0,0.0,0.0,0.0,100,0.0,0.28,1.1,3
2025-08-11 03:00:00+00:00,12.5,87,0.0,0.0,0.0,0.0,100,0.0,0.32,1.1,3
2025-08-11 04:00:00+00:00,12.7,90,0.0,0.0,0.0,0.0,100,0.0,0.21,1.1,3
2025-08-11 05:00:00+00:00,13.1,92,0.0,0.0,0.0,0.0,100,0.0,0.81,1.6,3
2025-08-11 06:00:00+00:00,13.9,88,0.0,0.0,0.0,0.0,100,0.0,0.97,2.1,3
2025-08-11 07:00:00+00:00,14.2,85,0.0,0.0,0.0,0.0,93,0.0,1.3,2.7,3
2025-08-11 08:00:00+00:00,16.1,66,0.0,0.0,0.0,0.0,1,3600.0,1.54,4.4,0
2025-08-11 09:00:00+00:00,17.4,54,0.0,0.0,0.0,0.0,0,3600.0,1.95,5.5,0
2025-08-11 10:00:00+00:00,18.1,51,0.0,0.0,0.0,0.0,11,3600.0,2.54,6.7,0
2025-08-11 11:00:00+00:00,19.0,47,0.0,0.0,0.0,0.0,65,3600.0,2.45,6.8,2
2025-08-11 12:00:00+00:00,19.9,42,0.0,0.0,0.0,0.0,100,3600.0,3.53,7.9,3
2025-08-11 13:00:00+00:00,18.5,49,0.0,0.0,0.0,0.0,98,0.0,3.48,7.8,3
2025-08-11 14:00:00+00:00,19.2,45,0.0,0.0,0.0,0.0,75,3600.0,3.55,7.7,2
2025-08-11 15:00:00+00:00,19.5,45,0.0,0.0,0.0,0.0,90,3600.0,4.46,10.7,3
2025-08-11 16:00:00+00:00,19.0,52,0.0,0.0,0.0,0.0,55,1657.18,5.34,10.9,2
2025-08-11 17:00:00+00:00,17.8,65,0.1,0.1,0.0,0.0,41,3600.0,5.42,11.6,51
2025-08-11 18:00:00+00:00,17.1,70,0.0,0.0,0.0,0.0,4,3600.0,4.7,11.2,0
2025-08-11 19:00:00+00:00,16.1,78,0.0,0.0,0.0,0.0,17,3600.0,4.52,9.7,0
2025-08-11 20:00:00+00:00,15.6,84,0.0,0.0,0.0,0.0,17,0.0,3.54,9.3,0
2025-08-11 21:00:00+00:00,15.1,88,0.0,0.0,0.0,0.0,0,0.0,2.74,7.2,0
2025-08-11 22:00:00+00:00,14.8,88,0.0,0.0,0.0,0.0,0,0.0,1.99,5.5,0
2025-08-11 23:00:00+00:00,14.6,87,0.0,0.0,0.0,0.0,0,0.0,1.7,4.1,0
2025-08-12 00:00:00+00:00,14.0,89,0.0,0.0,0.0,0.0,0,0.0,1.71,3.7,0
2025-08-12 01:00:00+00:00,14.1,81,0.0,0.0,0.0,0.0,6,0.0,2.36,4.8,0
2025-08-12 02:00:00+00:00,13.2,77,0.0,0.0,0.0,0.0,45,0.0,2.05,4.9,1
2025-08-12 03:00:00+00:00,11.7,82,0.0,0.0,0.0,0.0,26,0.0,1.53,4.3,1
2025-08-12 04:00:00+00:00,11.4,83,0.0,0.0,0.0,0.0,37,0.0,0.95,3.2,1
2025-08-12 05:00:00+00:00,13.1,81,0.0,0.0,0.0,0.0,86,3600.0,0.76,2.2,3
2025-08-12 06:00:00+00:00,14.2,73,0.0,0.0,0.0,0.0,7,3600.0,0.72,2.5,0
2025-08-12 07:00:00+00:00,15.5,64,0.0,0.0,0.0,0.0,1,3600.0,0.83,3.2,0
2025-08-12 08:00:00+00:00,16.8,53,0.0,0.0,0.0,0.0,8,3600.0,0.97,3.7,0
2025-08-12 09:00:00+00:00,17.9,48,0.0,0.0,0.0,0.0,6,3600.0,0.4,3.6,0
2025-08-12 10:00:00+00:00,18.6,44,0.0,0.0,0.0,0.0,0,3600.0,0.58,3.4,0
2025-08-12 11:00:00+00:00,19.2,43,0.0,0.0,0.0,0.0,0,3600.0,1.61,5.0,0
2025-08-12 12:00:00+00:00,19.6,41,0.0,0.0,0.0,0.0,42,3600.0,2.26,6.2,1
2025-08-12 13:00:00+00:00,20.0,37,0.0,0.0,0.0,0.0,43,3600.0,2.4,6.7,1
2025-08-12 14:00:00+00:00,20.5,37,0.0,0.0,0.0,0.0,70,3600.0,1.94,6.3,2
2025-08-12 15:00:00+00:00,20.8,38,0.0,0.0,0.0,0.0,100,3600.0,2.41,5.6,3
2025-08-12 16:00:00+00:00,19.1,47,0.0,0.0,0.0,0.0,100,12.59,2.61,5.8,3
2025-08-12 17:00:00+00:00,17.2,64,1.1,1.1,0.0,0.0,100,0.0,2.8,5.7,55
2025-08-12 18:00:00+00:00,16.4,76,0.3,0.3,0.0,0.0,100,0.0,0.72,5.1,51
2025-08-12 19:00:00+00:00,16.0,74,0.0,0.0,0.0,0.0,100,0.0,1.03,1.8,3
2025-08-12 20:00:00+00:00,15.6,74,0.1,0.1,0.0,0.0,100,0.0,1.82,3.1,51
2025-08-12 21:00:00+00:00,15.2,80,0.0,0.0,0.0,0.0,100,0.0,2.07,3.9,3
2025-08-12 22:00:00+00:00,14.5,86,0.0,0.0,0.0,0.0,47,0.0,2.28,4.2,1
2025-08-12 23:00:00+00:00,13.8,91,0.0,0.0,0.0,0.0,100,0.0,2.14,4.2,3
2025-08-13 00:00:00+00:00,14.2,90,0.0,0.0,0.0,0.0,100,0.0,1.97,4.3,3
2025-08-13 01:00:00+00:00,12.9,94,0.0,0.0,0.0,0.0,100,0.0,1.57,4.2,3
2025-08-13 02:00:00+00:00,13.4,94,0.0,0.0,0.0,0.0,100,0.0,1.59,3.1,3
2025-08-13 03:00:00+00:00,14.0,94,0.0,0.0,0.0,0.0,100,0.0,1.36,3.2,3
2025-08-13 04:00:00+00:00,14.3,95,0.0,0.0,0.0,0.0,100,0.0,1.05,2.8,3
2025-08-13 05:00:00+00:00,15.1,94,0.0,0.0,0.0,0.0,99,1764.14,1.35,2.5,3
2025-08-13 06:00:00+00:00,15.7,92,0.0,0.0,0.0,0.0,70,3600.0,1.59,3.8,2
2025-08-13 07:00:00+00:00,16.6,87,0.0,0.0,0.0,0.0,96,3600.0,1.52,4.2,3
2025-08-13 08:00:00+00:00,17.6,81,0.0,0.0,0.0,0.0,44,3600.0,1.57,4.5,1
2025-08-13 09:00:00+00:00,18.9,73,0.0,0.0,0.0,0.0,41,3600.0,1.57,4.8,1
2025-08-13 10:00:00+00:00,20.0,69,0.0,0.0,0.0,0.0,10,3600.0,1.58,5.0,0
2025-08-13 11:00:00+00:00,20.7,66,0.0,0.0,0.0,0.0,12,3600.0,1.57,5.1,0
2025-08-13 12:00:00+00:00,21.8,61,0.0,0.0,0.0,0.0,73,3600.0,1.59,5.2,2
2025-08-13 13:00:00+00:00,22.9,60,0.0,0.0,0.0,0.0,44,3600.0,3.02,7.3,1
2025-08-13 14:00:00+00:00,22.8,59,0.0,0.0,0.0,0.0,32,3600.0,3.4,8.0,1
2025-08-13 15:00:00+00:00,22.7,60,0.0,0.0,0.0,0.0,21,3600.0,3.26,7.9,1
2025-08-13 16:00:00+00:00,22.0,63,0.0,0.0,0.0,0.0,7,3600.0,3.26,7.6,0
2025-08-13 17:00:00+00:00,21.0,68,0.0,0.0,0.0,0.0,0,3600.0,3.46,7.2,0
2025-08-13 18:00:00+00:00,19.6,74,0.0,0.0,0.0,0.0,0,3600.0,3.31,7.2,0
2025-08-13 19:00:00+00:00,18.1,80,0.0,0.0,0.0,0.0,0,3600.0,2.93,6.7,0
2025-08-13 20:00:00+00:00,17.0,83,0.0,0.0,0.0,0.0,1,0.0,2.65,5.8,0
2025-08-13 21:00:00+00:00,16.4,85,0.0,0.0,0.0,0.0,6,0.0,2.67,5.1,0
2025-08-13 22:00:00+00:00,16.0,88,0.0,0.0,0.0,0.0,8,0.0,2.43,5.2,0
2025-08-13 23:00:00+00:00,15.7,90,0.0,0.0,0.0,0.0,12,0.0,2.01,4.7,0
2025-08-14 00:00:00+00:00,15.5,91,0.0,0.0,0.0,0.0,19,0.0,1.88,4.0,0
2025-08-14 01:00:00+00:00,14.9,92,0.0,0.0,0.0,0.0,13,0.0,1.36,3.7,0
2025-08-14 02:00:00+00:00,14.7,92,0.0,0.0,0.0,0.0,12,0.0,1.61,3.2,0
2025-08-14 03:00:00+00:00,14.7,92,0.0,0.0,0.0,0.0,26,0.0,1.96,3.8,1
2025-08-14 04:00:00+00:00,14.6,92,0.0,0.0,0.0,0.0,31,0.0,1.9,3.9,1
2025-08-14 05:00:00+00:00,15.4,87,0.0,0.0,0.0,0.0,9,3600.0,1.87,3.7,0
2025-08-14 06:00:00+00:00,16.8,80,0.0,0.0,0.0,0.0,12,3600.0,1.65,4.0,0
2025-08-14 07:00:00+00:00,18.3,74,0.0,0.0,0.0,0.0,7,3600.0,1.58,4.3,0
2025-08-14 08:00:00+00:00,19.9,67,0.0,0.0,0.0,0.0,0,3600.0,1.46,4.3,0
2025-08-14 09:00:00+00:00,21.2,64,0.0,0.0,0.0,0.0,87,3600.0,1.99,5.5,3
2025-08-14 10:00:00+00:00,22.4,59,0.0,0.0,0.0,0.0,98,3600.0,2.04,5.7,3
2025-08-14 11:00:00+00:00,23.4,54,0.0,0.0,0.0,0.0,100,3600.0,2.67,6.6,3
2025-08-14 12:00:00+00:00,24.1,50,0.0,0.0,0.0,0.0,68,3600.0,3.04,7.1,2
2025-08-14 13:00:00+00:00,24.6,49,0.0,0.0,0.0,0.0,100,3600.0,3.84,8.6,3
2025-08-14 14:00:00+00:00,23.6,53,0.0,0.0,0.0,0.0,100,3600.0,4.05,8.9,3
2025-08-14 15:00:00+00:00,22.5,59,0.0,0.0,0.0,0.0,100,0.0,3.56,8.6,3
2025-08-14 16:00:00+00:00,20.6,64,0.0,0.0,0.0,0.0,100,0.0,4.07,9.1,3
2025-08-14 17:00:00+00:00,19.3,72,0.1,0.1,0.0,0.0,100,0.0,2.6,8.0,51
2025-08-14 18:00:00+00:00,18.3,80,0.3,0.3,0.0,0.0,100,0.0,1.51,5.0,51
2025-08-14 19:00:00+00:00,17.5,87,0.7,0.7,0.0,0.0,100,0.0,0.78,3.0,53
2025-08-14 20:00:00+00:00,17.0,94,1.2,1.2,0.0,0.0,100,0.0,1.14,2.4,55
2025-08-14 21:00:00+00:00,16.9,96,1.3,1.3,0.0,0.0,100,0.0,1.27,3.5,61
2025-08-14 22:00:00+00:00,16.6,94,0.0,0.0,0.0,0.0,26,0.0,0.99,2.5,1
2025-08-14 23:00:00+00:00,16.1,94,0.0,0.0,0.0,0.0,37,0.0,1.07,2.1,1
2025-08-15 00:00:00+00:00,15.6,95,0.0,0.0,0.0,0.0,24,0.0,1.36,2.5,1
2025-08-15 01:00:00+00:00,15.3,97,0.0,0.0,0.0,0.0,38,0.0,1.36,2.9,1
2025-08-15 02:00:00+00:00,15.2,97,0.0,0.0,0.0,0.0,64,0.0,1.45,2.9,2
2025-08-15 03:00:00+00:00,15.1,97,0.0,0.0,0.0,0.0,66,0.0,1.4,3.1,2
2025-08-15 04:00:00+00:00,15.2,97,0.0,0.0,0.0,0.0,71,0.0,1.81,3.7,2
2025-08-15 05:00:00+00:00,15.9,97,0.0,0.0,0.0,0.0,99,2657.28,2.63,4.9,3
2025-08-15 06:00:00+00:00,16.3,95,0.0,0.0,0.0,0.0,99,1238.53,3.23,6.9,3
2025-08-15 07:00:00+00:00,16.9,91,0.0,0.0,0.0,0.0,90,330.92,3.83,7.8,3
2025-08-15 08:00:00+00:00,17.7,86,0.0,0.0,0.0,0.0,100,1218.86,4.12,9.2,3
2025-08-15 09:00:00+00:00,18.7,81,0.1,0.1,0.0,0.0,100,857.07,4.18,9.3,51
2025-08-15 10:00:00+00:00,20.0,76,0.1,0.1,0.0,0.0,87,834.44,3.78,8.8,51
2025-08-15 11:00:00+00:00,21.0,71,0.0,0.0,0.0,0.0,97,0.0,3.0,8.2,3
2025-08-15 12:00:00+00:00,22.4,63,0.0,0.0,0.0,0.0,76,3600.0,3.55,8.0,2
2025-08-15 13:00:00+00:00,23.6,57,0.1,0.1,0.0,0.0,100,3600.0,4.61,11.3,51
2025-08-15 14:00:00+00:00,24.6,48,0.0,0.0,0.0,0.0,100,3600.0,4.4,10.0,3
2025-08-15 15:00:00+00:00,23.0,48,0.0,0.0,0.0,0.0,75,0.0,5.57,11.2,2
2025-08-15 16:00:00+00:00,22.4,43,0.0,0.0,0.0,0.0,32,3600.0,5.9,13.1,1
2025-08-15 17:00:00+00:00,21.5,42,0.0,0.0,0.0,0.0,0,3600.0,5.01,12.3,0
2025-08-15 18:00:00+00:00,20.0,41,0.0,0.0,0.0,0.0,0,3600.0,4.16,10.4,0
2025-08-15 19:00:00+00:00,18.4,44,0.0,0.0,0.0,0.0,0,3600.0,4.77,9.8,0
2025-08-15 20:00:00+00:00,17.2,48,0.0,0.0,0.0,0.0,0,0.0,4.64,9.8,0
2025-08-15 21:00:00+00:00,16.1,52,0.0,0.0,0.0,0.0,0,0.0,4.34,9.6,0
2025-08-15 22:00:00+00:00,15.3,55,0.0,0.0,0.0,0.0,7,0.0,3.84,9.0,0
2025-08-15 23:00:00+00:00,14.3,60,0.0,0.0,0.0,0.0,19,0.0,2.65,7.9,0
2025-08-16 00:00:00+00:00,13.3,67,0.0,0.0,0.0,0.0,1,0.0,1.8,5.5,0
2025-08-16 01:00:00+00:00,11.7,73,0.0,0.0,0.0,0.0,37,0.0,1.14,3.1,1
2025-08-16 02:00:00+00:00,11.5,74,0.0,0.0,0.0,0.0,15,0.0,1.14,2.8,0
2025-08-16 03:00:00+00:00,11.4,77,0.0,0.0,0.0,0.0,82,0.0,1.25,2.9,3
2025-08-16 04:00:00+00:00,11.4,78,0.0,0.0,0.0,0.0,32,0.0,1.24,2.9,1
2025-08-16 05:00:00+00:00,13.0,72,0.0,0.0,0.0,0.0,1,3600.0,1.09,2.8,0
2025-08-16 06:00:00+00:00,14.1,65,0.0,0.0,0.0,0.0,0,3600.0,1.3,3.3,0
2025-08-16 07:00:00+00:00,15.1,58,0.0,0.0,0.0,0.0,0,3600.0,1.52,4.3,0
2025-08-16 08:00:00+00:00,16.1,53,0.0,0.0,0.0,0.0,0,3600.0,1.92,5.5,0
2025-08-16 09:00:00+00:00,17.2,46,0.0,0.0,0.0,0.0,0,3600.0,1.81,5.5,0
2025-08-16 10:00:00+00:00,18.0,44,0.0,0.0,0.0,0.0,0,3600.0,2.09,6.0,0
2025-08-16 11:00:00+00:00,19.0,42,0.0,0.0,0.0,0.0,69,3600.0,2.66,6.9,2
2025-08-16 12:00:00+00:00,19.7,40,0.0,0.0,0.0,0.0,18,3600.0,2.83,7.2,0
2025-08-16 13:00:00+00:00,20.4,34,0.0,0.0,0.0,0.0,11,3600.0,2.95,7.3,0
2025-08-16 14:00:00+00:00,20.8,32,0.0,0.0,0.0,0.0,33,3600.0,3.96,8.9,1
2025-08-16 15:00:00+00:00,21.3,31,0.0,0.0,0.0,0.0,96,3600.0,4.69,10.3,3
2025-08-16 16:00:00+00:00,22.1,33,0.0,0.0,0.0,0.0,60,3600.0,1.42,10.0,2
2025-08-16 17:00:00+00:00,18.5,41,0.0,0.0,0.0,0.0,1,3600.0,4.66,10.0,0
2025-08-16 18:00:00+00:00,17.0,51,0.0,0.0,0.0,0.0,3,3600.0,2.01,9.7,0
2025-08-16 19:00:00+00:00,15.4,64,0.0,0.0,0.0,0.0,8,3507.51,0.87,3.9,0
2025-08-16 20:00:00+00:00,14.5,72,0.0,0.0,0.0,0.0,13,0.0,1.39,2.9,0
2025-08-16 21:00:00+00:00,14.7,69,0.0,0.0,0.0,0.0,24,0.0,1.95,4.1,1
2025-08-16 22:00:00+00:00,13.8,70,0.0,0.0,0.0,0.0,36,0.0,1.81,4.2,1
2025-08-16 23:00:00+00:00,12.8,76,0.0,0.0,0.0,0.0,31,0.0,1.51,4.1,1
2025-08-17 00:00:00+00:00,12.2,80,0.0,0.0,0.0,0.0,71,0.0,1.35,3.5,2
2025-08-17 01:00:00+00:00,11.0,79,0.0,0.0,0.0,0.0,31,0.0,1.04,2.8,1
2025-08-17 02:00:00+00:00,10.9,82,0.0,0.0,0.0,0.0,62,0.0,1.12,2.9,2
2025-08-17 03:00:00+00:00,10.9,84,0.0,0.0,0.0,0.0,57,0.0,1.11,2.9,2
2025-08-17 04:00:00+00:00,11.2,83,0.0,0.0,0.0,0.0,18,0.0,1.06,2.8,0
2025-08-17 05:00:00+00:00,12.9,80,0.0,0.0,0.0,0.0,11,3600.0,1.1,2.8,0
2025-08-17 06:00:00+00:00,14.4,73,0.0,0.0,0.0,0.0,16,3600.0,1.43,3.6,0
2025-08-17 07:00:00+00:00,16.0,64,0.0,0.0,0.0,0.0,22,3600.0,1.68,4.4,1
2025-08-17 08:00:00+00:00,17.6,54,0.0,0.0,0.0,0.0,21,3600.0,2.55,6.4,1
2025-08-17 09:00:00+00:00,18.8,48,0.0,0.0,0.0,0.0,1,3600.0,2.77,7.0,0
2025-08-17 10:00:00+00:00,19.8,46,0.0,0.0,0.0,0.0,9,3600.0,2.7,7.0,0
2025-08-17 11:00:00+00:00,20.6,44,0.0,0.0,0.0,0.0,4,3600.0,2.99,7.5,0
2025-08-17 12:00:00+00:00,21.2,43,0.0,0.0,0.0,0.0,5,3600.0,2.93,7.7,0
2025-08-17 13:00:00+00:00,23.2,39,0.0,0.0,0.0,0.0,0,3600.0,2.15,6.0,0
2025-08-17 14:00:00+00:00,23.7,39,0.0,0.0,0.0,0.0,0,3600.0,1.99,5.8,0
2025-08-17 15:00:00+00:00,23.9,39,0.0,0.0,0.0,0.0,0,3600.0,1.81,5.3,0
2025-08-17 16:00:00+00:00,23.7,40,0.0,0.0,0.0,0.0,0,3600.0,1.48,4.7,0
2025-08-17 17:00:00+00:00,23.0,46,0.0,0.0,0.0,0.0,0,3600.0,1.15,3.7,0
2025-08-17 18:00:00+00:00,21.0,57,0.0,0.0,0.0,0.0,0,3600.0,1.26,2.7,0
2025-08-17 19:00:00+00:00,19.4,58,0.0,0.0,0.0,0.0,0,3342.5,0.69,2.3,0
2025-08-17 20:00:00+00:00,18.7,58,0.0,0.0,0.0,0.0,0,0.0,0.21,1.4,0
2025-08-17 21:00:00+00:00,17.9,61,0.0,0.0,0.0,0.0,0,0.0,0.35,0.9,0
2025-08-17 22:00:00+00:00,16.3,70,0.0,0.0,0.0,0.0,0,0.0,1.53,2.6,0
2025-08-17 23:00:00+00:00,16.8,69,0.0,0.0,0.0,0.0,0,0.0,2.65,5.1,0
2025-08-18 00:00:00+00:00,15.5,78,0.0,0.0,0.0,0.0,0,0.0,2.3,5.2,0
2025-08-18 01:00:00+00:00,13.2,84,0.0,0.0,0.0,0.0,0,0.0,1.52,3.2,0
2025-08-18 02:00:00+00:00,12.7,86,0.0,0.0,0.0,0.0,0,0.0,1.34,3.1,0
2025-08-18 03:00:00+00:00,12.6,87,0.0,0.0,0.0,0.0,0,0.0,1.37,2.8,0
2025-08-18 04:00:00+00:00,12.3,89,0.0,0.0,0.0,0.0,0,0.0,0.98,2.8,0
2025-08-18 05:00:00+00:00,13.9,88,0.0,0.0,0.0,0.0,0,3600.0,0.76,2.0,0
2025-08-18 06:00:00+00:00,15.7,78,0.0,0.0,0.0,0.0,0,3600.0,0.54,2.2,0
2025-08-18 07:00:00+00:00,17.3,68,0.0,0.0,0.0,0.0,0,3600.0,0.07,2.3,0
2025-08-18 08:00:00+00:00,18.9,60,0.0,0.0,0.0,0.0,0,3600.0,0.6,3.2,0
2025-08-18 09:00:00+00:00,20.3,55,0.0,0.0,0.0,0.0,0,3600.0,1.15,4.2,0
2025-08-18 10:00:00+00:00,21.3,51,0.0,0.0,0.0,0.0,0,3600.0,1.73,5.4,0
2025-08-18 11:00:00+00:00,22.1,50,0.0,0.0,0.0,0.0,0,3600.0,2.02,5.9,0
2025-08-18 12:00:00+00:00,22.7,51,0.0,0.0,0.0,0.0,16,3600.0,2.13,6.2,0
2025-08-18 13:00:00+00:00,24.2,52,0.0,0.0,0.0,0.0,45,3600.0,2.57,6.9,1
2025-08-18 14:00:00+00:00,24.8,50,0.0,0.0,0.0,0.0,77,3600.0,2.72,6.7,2
2025-08-18 15:00:00+00:00,24.6,49,0.0,0.0,0.0,0.0,4,3600.0,3.41,7.7,0
2025-08-18 16:00:00+00:00,23.4,52,0.0,0.0,0.0,0.0,15,3600.0,3.5,8.0,0
2025-08-18 17:00:00+00:00,21.8,58,0.0,0.0,0.0,0.0,3,3600.0,3.24,7.6,0
2025-08-18 18:00:00+00:00,19.9,67,0.0,0.0,0.0,0.0,0,3600.0,3.27,7.0,0
2025-08-18 19:00:00+00:00,18.1,78,0.0,0.0,0.0,0.0,2,3175.7,2.47,6.8,0
2025-08-18 20:00:00+00:00,16.9,85,0.0,0.0,0.0,0.0,7,0.0,2.15,4.9,0
2025-08-18 21:00:00+00:00,15.6,92,0.0,0.0,0.0,0.0,2,0.0,1.15,4.2,0
2025-08-18 22:00:00+00:00,15.8,93,0.0,0.0,0.0,0.0,10,0.0,1.48,3.2,0
2025-08-18 23:00:00+00:00,15.4,96,0.0,0.0,0.0,0.0,88,0.0,1.35,3.3,3
2025-08-19 00:00:00+00:00,14.4,98,0.0,0.0,0.0,0.0,87,0.0,0.84,2.8,3
2025-08-19 01:00:00+00:00,15.7,79,0.0,0.0,0.0,0.0,28,0.0,4.21,7.8,1
2025-08-19 02:00:00+00:00,15.5,65,0.0,0.0,0.0,0.0,12,0.0,5.08,10.7,0
2025-08-19 03:00:00+00:00,14.8,64,0.0,0.0,0.0,0.0,26,0.0,5.16,10.9,1
2025-08-19 04:00:00+00:00,14.2,65,0.0,0.0,0.0,0.0,32,0.0,4.91,10.9,1
2025-08-19 05:00:00+00:00,14.2,64,0.0,0.0,0.0,0.0,77,3600.0,4.88,10.7,2
2025-08-19 06:00:00+00:00,14.8,60,0.0,0.0,0.0,0.0,34,3600.0,5.19,10.9,1
2025-08-19 07:00:00+00:00,15.6,54,0.0,0.0,0.0,0.0,22,3600.0,5.54,12.1,1
2025-08-19 08:00:00+00:00,16.4,48,0.0,0.0,0.0,0.0,24,3600.0,5.63,12.4,1
2025-08-19 09:00:00+00:00,17.2,38,0.0,0.0,0.0,0.0,34,3600.0,5.63,12.7,1
2025-08-19 10:00:00+00:00,17.7,36,0.0,0.0,0.0,0.0,51,3600.0,5.43,12.6,2
2025-08-19 11:00:00+00:00,17.8,38,0.0,0.0,0.0,0.0,12,3600.0,5.71,12.9,0
2025-08-19 12:00:00+00:00,18.4,35,0.0,0.0,0.0,0.0,13,3600.0,4.99,12.9,0
2025-08-19 13:00:00+00:00,19.7,28,0.0,0.0,0.0,0.0,65,3600.0,5.42,11.9,2
2025-08-19 14:00:00+00:00,19.6,27,0.0,0.0,0.0,0.0,78,3600.0,5.47,13.0,2
2025-08-19 15:00:00+00:00,19.0,28,0.0,0.0,0.0,0.0,47,3600.0,5.69,13.5,1
2025-08-19 16:00:00+00:00,18.2,33,0.0,0.0,0.0,0.0,2,3600.0,5.8,13.8,0
2025-08-19 17:00:00+00:00,18.2,32,0.0,0.0,0.0,0.0,8,3600.0,5.29,12.3,0
2025-08-19 18:00:00+00:00,17.5,35,0.0,0.0,0.0,0.0,0,3600.0,4.43,11.3,0
2025-08-19 19:00:00+00:00,16.1,40,0.0,0.0,0.0,0.0,0,3007.28,3.15,9.2,0
2025-08-19 20:00:00+00:00,15.1,44,0.0,0.0,0.0,0.0,0,0.0,3.33,6.9,0
2025-08-19 21:00:00+00:00,14.4,47,0.0,0.0,0.0,0.0,0,0.0,3.71,7.7,0
2025-08-19 22:00:00+00:00,13.9,50,0.0,0.0,0.0,0.0,0,0.0,4.53,9.4,0
2025-08-19 23:00:00+00:00,13.1,52,0.0,0.0,0.0,0.0,1,0.0,5.14,10.9,0
2025-08-20 00:00:00+00:00,12.4,54,0.0,0.0,0.0,0.0,0,0.0,4.21,11.0,0
2025-08-20 01:00:00+00:00,10.4,61,0.0,0.0,0.0,0.0,1,0.0,3.06,9.4,0
2025-08-20 02:00:00+00:00,9.8,65,0.0,0.0,0.0,0.0,1,0.0,1.96,6.8,0
2025-08-20 03:00:00+00:00,9.0,69,0.0,0.0,0.0,0.0,0,0.0,1.3,5.0,0
2025-08-20 04:00:00+00:00,8.3,74,0.0,0.0,0.0,0.0,1,0.0,1.19,3.4,0
2025-08-20 05:00:00+00:00,9.9,70,0.0,0.0,0.0,0.0,6,3600.0,1.08,3.1,0
2025-08-20 06:00:00+00:00,11.5,60,0.0,0.0,0.0,0.0,57,3600.0,1.26,3.5,2
2025-08-20 07:00:00+00:00,13.0,52,0.0,0.0,0.0,0.0,49,3600.0,1.75,5.0,1
2025-08-20 08:00:00+00:00,14.3,47,0.0,0.0,0.0,0.0,44,3600.0,1.55,5.1,1
2025-08-20 09:00:00+00:00,15.5,43,0.0,0.0,0.0,0.0,54,3600.0,1.3,5.1,2
2025-08-20 10:00:00+00:00,16.6,39,0.0,0.0,0.0,0.0,79,3600.0,0.99,4.8,2
2025-08-20 11:00:00+00:00,17.7,35,0.0,0.0,0.0,0.0,88,3600.0,1.21,4.7,3
2025-08-20 12:00:00+00:00,18.1,34,0.0,0.0,0.0,0.0,96,3600.0,2.3,6.5,3
2025-08-20 13:00:00+00:00,16.9,39,0.0,0.0,0.0,0.0,100,3600.0,1.56,4.6,3
2025-08-20 14:00:00+00:00,16.3,43,0.0,0.0,0.0,0.0,100,0.0,2.66,6.3,3
2025-08-20 15:00:00+00:00,16.1,44,0.0,0.0,0.0,0.0,100,0.0,2.62,6.6,3
2025-08-20 16:00:00+00:00,16.4,41,0.0,0.0,0.0,0.0,100,0.0,2.15,6.0,3
2025-08-20 17:00:00+00:00,15.7,46,0.0,0.0,0.0,0.0,100,0.0,2.33,4.7,3
2025-08-20 18:00:00+00:00,14.7,55,0.0,0.0,0.0,0.0,100,0.0,2.8,6.3,3
2025-08-20 19:00:00+00:00,14.0,62,0.0,0.0,0.0,0.0,100,0.0,1.97,5.9,3
2025-08-20 20:00:00+00:00,13.5,69,0.0,0.0,0.0,0.0,100,0.0,1.72,4.3,3
2025-08-20 21:00:00+00:00,12.9,78,0.0,0.0,0.0,0.0,100,0.0,0.49,3.8,3
2025-08-20 22:00:00+00:00,12.6,76,0.0,0.0,0.0,0.0,100,0.0,0.76,1.9,3
2025-08-20 23:00:00+00:00,12.4,75,0.2,0.2,0.0,0.0,100,0.0,2.84,5.8,51
2025-08-21 00:00:00+00:00,11.5,79,0.4,0.4,0.0,0.0,100,0.0,3.18,6.8,51
2025-08-21 01:00:00+00:00,10.4,81,0.2,0.2,0.0,0.0,100,0.0,4.33,9.2,51
2025-08-21 02:00:00+00:00,10.3,83,0.3,0.3,0.0,0.0,100,0.0,4.02,9.2,51
2025-08-21 03:00:00+00:00,10.2,83,0.2,0.2,0.0,0.0,96,0.0,4.06,8.4,51
2025-08-21 04:00:00+00:00,10.1,82,0.0,0.0,0.0,0.0,96,0.0,3.97,8.4,3
2025-08-21 05:00:00+00:00,10.2,78,0.0,0.0,0.0,0.0,86,0.0,3.96,8.7,3
2025-08-21 06:00:00+00:00,10.6,72,0.0,0.0,0.0,0.0,21,3600.0,3.95,8.6,1
2025-08-21 07:00:00+00:00,11.7,64,0.0,0.0,0.0,0.0,4,3600.0,4.02,9.1,0
2025-08-21 08:00:00+00:00,13.0,55,0.0,0.0,0.0,0.0,16,3600.0,4.22,9.7,0
2025-08-21 09:00:00+00:00,14.1,49,0.0,0.0,0.0,0.0,30,3600.0,4.0,9.8,1
2025-08-21 10:00:00+00:00,15.0,44,0.0,0.0,0.0,0.0,45,3600.0,3.44,9.4,1
2025-08-21 11:00:00+00:00,16.1,38,0.0,0.0,0.0,0.0,87,3600.0,3.0,8.3,3
2025-08-21 12:00:00+00:00,16.6,36,0.0,0.0,0.0,0.0,100,3600.0,2.74,7.5,3
2025-08-21 13:00:00+00:00,16.6,37,0.0,0.0,0.0,0.0,100,3600.0,2.16,6.9,3
2025-08-21 14:00:00+00:00,16.9,35,0.0,0.0,0.0,0.0,100,3600.0,2.2,5.8,3
2025-08-21 15:00:00+00:00,16.7,36,0.0,0.0,0.0,0.0,95,3327.9,2.57,6.1,3
2025-08-21 16:00:00+00:00,16.6,36,0.0,0.0,0.0,0.0,42,2284.76,2.27,6.2,1
2025-08-21 17:00:00+00:00,16.4,39,0.0,0.0,0.0,0.0,3,3600.0,1.1,5.2,0
2025-08-21 18:00:00+00:00,14.8,52,0.0,0.0,0.0,0.0,52,3600.0,1.41,2.7,2
2025-08-21 19:00:00+00:00,14.1,58,0.0,0.0,0.0,0.0,98,624.41,2.66,4.9,3
2025-08-21 20:00:00+00:00,13.9,56,0.0,0.0,0.0,0.0,100,0.0,2.57,5.2,3
2025-08-21 21:00:00+00:00,14.2,54,0.0,0.0,0.0,0.0,72,0.0,3.07,5.7,2
2025-08-21 22:00:00+00:00,13.5,62,0.0,0.0,0.0,0.0,15,0.0,2.98,6.7,0
2025-08-21 23:00:00+00:00,12.4,73,0.0,0.0,0.0,0.0,83,0.0,1.94,6.1,3
2025-08-22 00:00:00+00:00,11.8,78,0.0,0.0,0.0,0.0,80,0.0,1.03,4.1,3
2025-08-22 01:00:00+00:00,10.7,70,0.0,0.0,0.0,0.0,1,0.0,2.53,5.5,0
2025-08-22 02:00:00+00:00,9.2,80,0.0,0.0,0.0,0.0,0,0.0,2.39,5.5,0
2025-08-22 03:00:00+00:00,8.5,89,0.0,0.0,0.0,0.0,1,0.0,2.51,5.1,0
2025-08-22 04:00:00+00:00,8.0,91,0.0,0.0,0.0,0.0,32,0.0,1.6,5.1,1
2025-08-22 05:00:00+00:00,8.9,85,0.0,0.0,0.0,0.0,89,3600.0,1.35,3.5,3
2025-08-22 06:00:00+00:00,10.2,74,0.0,0.0,0.0,0.0,94,3371.63,1.59,3.9,3
2025-08-22 07:00:00+00:00,10.9,71,0.0,0.0,0.0,0.0,95,3600.0,1.84,4.7,3
2025-08-22 08:00:00+00:00,12.0,65,0.1,0.1,0.0,0.0,89,3600.0,2.15,6.4,51
2025-08-22 09:00:00+00:00,13.7,52,0.0,0.0,0.0,0.0,23,3600.0,3.35,8.0,1
2025-08-22 10:00:00+00:00,14.7,45,0.0,0.0,0.0,0.0,15,3600.0,3.76,10.1,0
2025-08-22 11:00:00+00:00,15.8,42,0.0,0.0,0.0,0.0,18,3600.0,3.52,9.8,0
2025-08-22 12:00:00+00:00,16.4,39,0.0,0.0,0.0,0.0,16,3600.0,3.58,9.3,0
2025-08-22 13:00:00+00:00,16.2,40,0.0,0.0,0.0,0.0,93,3600.0,3.43,8.8,3
2025-08-22 14:00:00+00:00,16.4,37,0.0,0.0,0.0,0.0,93,3600.0,3.2,8.7,3
2025-08-22 15:00:00+00:00,16.4,36,0.0,0.0,0.0,0.0,88,3600.0,2.74,7.9,3
2025-08-22 16:00:00+00:00,15.8,37,0.5,0.5,0.0,0.0,97,3600.0,4.25,8.6,53
2025-08-22 17:00:00+00:00,11.4,69,0.1,0.1,0.0,0.0,91,0.0,2.35,13.3,51
2025-08-22 18:00:00+00:00,11.6,70,0.0,0.0,0.0,0.0,29,2593.6,1.55,4.7,1
2025-08-22 19:00:00+00:00,10.3,75,0.0,0.0,0.0,0.0,2,1191.15,0.65,3.5,0
2025-08-22 20:00:00+00:00,9.6,80,0.0,0.0,0.0,0.0,14,0.0,1.35,3.1,0
2025-08-22 21:00:00+00:00,10.7,70,0.0,0.0,0.0,0.0,3,0.0,2.51,5.3,0
2025-08-22 22:00:00+00:00,9.9,69,0.0,0.0,0.0,0.0,26,0.0,2.41,5.6,1
2025-08-22 23:00:00+00:00,9.4,72,0.0,0.0,0.0,0.0,9,0.0,2.37,5.2,0
2025-08-23 00:00:00+00:00,8.7,80,0.0,0.0,0.0,0.0,1,0.0,1.94,5.2,0
2025-08-23 01:00:00+00:00,8.6,70,0.0,0.0,0.0,0.0,25,0.0,2.75,5.6,1
2025-08-23 02:00:00+00:00,8.5,71,0.0,0.0,0.0,0.0,17,0.0,3.01,6.5,0
2025-08-23 03:00:00+00:00,8.3,71,0.0,0.0,0.0,0.0,6,0.0,2.82,6.4,0
2025-08-23 04:00:00+00:00,8.1,71,0.0,0.0,0.0,0.0,2,0.0,2.86,6.1,0
2025-08-23 05:00:00+00:00,8.8,67,0.0,0.0,0.0,0.0,0,3600.0,3.3,7.0,0
2025-08-23 06:00:00+00:00,10.3,60,0.0,0.0,0.0,0.0,0,3600.0,3.25,7.9,0
2025-08-23 07:00:00+00:00,11.9,54,0.0,0.0,0.0,0.0,0,3600.0,3.65,8.3,0
2025-08-23 08:00:00+00:00,13.3,48,0.0,0.0,0.0,0.0,2,3600.0,3.75,8.9,0
2025-08-23 09:00:00+00:00,14.7,43,0.0,0.0,0.0,0.0,2,3600.0,3.11,8.8,0
2025-08-23 10:00:00+00:00,16.1,41,0.0,0.0,0.0,0.0,9,3600.0,2.91,7.8,0
2025-08-23 11:00:00+00:00,17.0,40,0.0,0.0,0.0,0.0,100,3600.0,3.54,8.6,3
2025-08-23 12:00:00+00:00,17.3,38,0.0,0.0,0.0,0.0,100,2249.48,2.84,8.5,3
2025-08-23 13:00:00+00:00,17.8,37,0.0,0.0,0.0,0.0,100,320.91,3.12,8.1,3
2025-08-23 14:00:00+00:00,17.6,40,0.0,0.0,0.0,0.0,80,0.0,2.25,6.8,3
2025-08-23 15:00:00+00:00,18.8,36,0.0,0.0,0.0,0.0,99,3600.0,2.92,6.2,3
2025-08-23 16:00:00+00:00,18.6,37,0.0,0.0,0.0,0.0,46,3600.0,3.86,8.5,1
2025-08-23 17:00:00+00:00,17.8,41,0.0,0.0,0.0,0.0,67,2823.0,3.34,8.0,2
2025-08-23 18:00:00+00:00,16.5,48,0.0,0.0,0.0,0.0,41,2766.15,3.18,7.9,1
2025-08-23 19:00:00+00:00,13.9,63,0.0,0.0,0.0,0.0,8,297.4,1.24,6.4,0
2025-08-23 20:00:00+00:00,12.7,70,0.0,0.0,0.0,0.0,14,0.0,1.21,2.5,0
2025-08-23 21:00:00+00:00,12.3,74,0.0,0.0,0.0,0.0,1,0.0,1.65,3.7,0
2025-08-23 22:00:00+00:00,12.6,62,0.0,0.0,0.0,0.0,0,0.0,2.95,5.9,0
2025-08-23 23:00:00+00:00,12.6,56,0.0,0.0,0.0,0.0,0,0.0,3.31,6.9,0
2025-08-24 00:00:00+00:00,12.2,57,0.0,0.0,0.0,0.0,0,0.0,3.18,6.9,0
2025-08-24 01:00:00+00:00,11.3,59,0.0,0.0,0.0,0.0,18,0.0,2.9,7.9,0
2025-08-24 02:00:00+00:00,10.6,63,0.0,0.0,0.0,0.0,84,0.0,2.36,6.1,3
2025-08-24 03:00:00+00:00,9.9,68,0.0,0.0,0.0,0.0,18,0.0,1.97,5.1,0
2025-08-24 04:00:00+00:00,9.1,73,0.0,0.0,0.0,0.0,0,0.0,1.7,4.5,0
2025-08-24 05:00:00+00:00,10.2,69,0.0,0.0,0.0,0.0,0,3551.79,1.53,4.0,0
2025-08-24 06:00:00+00:00,11.9,63,0.0,0.0,0.0,0.0,3,3600.0,1.5,3.6,0
2025-08-24 07:00:00+00:00,13.4,56,0.0,0.0,0.0,0.0,2,3600.0,1.6,4.4,0
2025-08-24 08:00:00+00:00,14.8,47,0.0,0.0,0.0,0.0,2,3600.0,2.83,6.9,0
2025-08-24 09:00:00+00:00,15.7,42,0.0,0.0,0.0,0.0,1,3600.0,2.92,7.6,0
2025-08-24 10:00:00+00:00,16.8,40,0.0,0.0,0.0,0.0,24,3600.0,2.48,7.4,1
2025-08-24 11:00:00+00:00,17.9,36,0.0,0.0,0.0,0.0,32,3600.0,2.65,7.0,1
2025-08-24 12:00:00+00:00,18.8,33,0.0,0.0,0.0,0.0,81,3600.0,3.62,8.7,3
2025-08-24 13:00:00+00:00,19.7,32,0.0,0.0,0.0,0.0,100,3600.0,3.16,8.4,3
2025-08-24 14:00:00+00:00,20.2,31,0.0,0.0,0.0,0.0,76,3600.0,3.18,7.7,2
2025-08-24 15:00:00+00:00,20.1,30,0.0,0.0,0.0,0.0,78,3600.0,2.65,7.4,2
2025-08-24 16:00:00+00:00,20.1,30,0.0,0.0,0.0,0.0,12,3600.0,2.16,6.0,0
2025-08-24 17:00:00+00:00,19.3,47,0.0,0.0,0.0,0.0,11,3600.0,0.55,4.8,0
2025-08-24 18:00:00+00:00,17.5,45,0.0,0.0,0.0,0.0,15,3600.0,0.6,1.3,0
2025-08-24 19:00:00+00:00,15.3,45,0.0,0.0,0.0,0.0,34,863.75,1.64,3.3,1
2025-08-24 20:00:00+00:00,14.2,51,0.0,0.0,0.0,0.0,37,0.0,0.81,3.4,1
2025-08-24 21:00:00+00:00,12.6,60,0.0,0.0,0.0,0.0,16,0.0,1.63,3.0,0
2025-08-24 22:00:00+00:00,12.9,59,0.0,0.0,0.0,0.0,27,0.0,2.59,5.1,1
2025-08-24 23:00:00+00:00,12.3,59,0.0,0.0,0.0,0.0,27,0.0,3.41,6.8,1
2025-08-25 00:00:00+00:00,11.8,58,0.0,0.0,0.0,0.0,28,0.0,3.61,7.4,1
2025-08-25 01:00:00+00:00,9.2,70,0.0,0.0,0.0,0.0,3,0.0,1.79,5.1,0
2025-08-25 02:00:00+00:00,8.9,72,0.0,0.0,0.0,0.0,5,0.0,1.63,4.2,0
2025-08-25 03:00:00+00:00,8.2,78,0.0,0.0,0.0,0.0,5,0.0,1.57,3.9,0
2025-08-25 04:00:00+00:00,7.9,79,0.0,0.0,0.0,0.0,6,0.0,1.5,3.5,0
2025-08-25 05:00:00+00:00,9.1,75,0.0,0.0,0.0,0.0,0,3411.04,1.52,3.5,0
2025-08-25 06:00:00+00:00,10.8,65,0.0,0.0,0.0,0.0,0,3600.0,1.61,3.8,0
2025-08-25 07:00:00+00:00,12.7,54,0.0,0.0,0.0,0.0,2,3600.0,2.38,5.7,0
2025-08-25 08:00:00+00:00,14.1,49,0.0,0.0,0.0,0.0,0,3600.0,2.39,6.5,0
2025-08-25 09:00:00+00:00,15.4,44,0.0,0.0,0.0,0.0,0,3600.0,2.0,6.2,0
2025-08-25 10:00:00+00:00,16.8,40,0.0,0.0,0.0,0.0,56,3600.0,1.75,5.8,2
2025-08-25 11:00:00+00:00,18.0,37,0.0,0.0,0.0,0.0,100,3600.0,1.93,5.9,3
2025-08-25 12:00:00+00:00,18.7,35,0.0,0.0,0.0,0.0,63,3600.0,1.55,5.8,2
2025-08-25 13:00:00+00:00,19.8,30,0.0,0.0,0.0,0.0,59,3600.0,0.93,4.6,2
2025-08-25 14:00:00+00:00,20.5,27,0.0,0.0,0.0,0.0,84,3600.0,1.03,3.9,3
2025-08-25 15:00:00+00:00,20.0,29,0.0,0.0,0.0,0.0,34,3600.0,1.64,4.9,1
2025-08-25 16:00:00+00:00,19.1,31,0.0,0.0,0.0,0.0,33,3600.0,0.59,4.7,1
2025-08-25 17:00:00+00:00,18.2,35,0.0,0.0,0.0,0.0,3,3600.0,2.2,4.7,0
2025-08-25 18:00:00+00:00,16.3,48,0.0,0.0,0.0,0.0,0,3600.0,2.16,4.9,0
2025-08-25 19:00:00+00:00,14.1,58,0.0,0.0,0.0,0.0,0,462.06,1.59,4.1,0
2025-08-25 20:00:00+00:00,12.8,64,0.0,0.0,0.0,0.0,4,0.0,1.53,3.0,0
2025-08-25 21:00:00+00:00,12.1,67,0.0,0.0,0.0,0.0,2,0.0,1.58,3.3,0
2025-08-25 22:00:00+00:00,11.0,75,0.0,0.0,0.0,0.0,1,0.0,1.25,3.2,0
2025-08-25 23:00:00+00:00,10.4,81,0.0,0.0,0.0,0.0,0,0.0,1.32,2.7,0
2025-08-26 00:00:00+00:00,9.9,84,0.0,0.0,0.0,0.0,53,0.0,1.05,2.7,2
2025-08-26 01:00:00+00:00,8.0,93,0.0,0.0,0.0,0.0,0,0.0,1.14,2.3,0
2025-08-26 02:00:00+00:00,8.3,91,0.0,0.0,0.0,0.0,0,0.0,1.72,3.6,0
2025-08-26 03:00:00+00:00,7.7,91,0.0,0.0,0.0,0.0,1,0.0,1.54,3.7,0
2025-08-26 04:00:00+00:00,7.9,85,0.0,0.0,0.0,0.0,4,0.0,2.05,4.4,0
2025-08-26 05:00:00+00:00,8.2,83,0.0,0.0,0.0,0.0,8,3270.39,2.47,5.2,0
2025-08-26 06:00:00+00:00,9.5,76,0.0,0.0,0.0,0.0,1,3600.0,2.23,5.3,0
2025-08-26 07:00:00+00:00,11.5,65,0.0,0.0,0.0,0.0,0,3600.0,2.51,6.0,0
2025-08-26 08:00:00+00:00,13.3,57,0.0,0.0,0.0,0.0,0,3600.0,3.04,7.5,0
2025-08-26 09:00:00+00:00,15.1,50,0.0,0.0,0.0,0.0,0,3600.0,2.52,7.5,0
2025-08-26 10:00:00+00:00,16.6,45,0.0,0.0,0.0,0.0,0,3600.0,1.73,6.7,0
2025-08-26 11:00:00+00:00,17.8,42,0.0,0.0,0.0,0.0,0,3600.0,1.41,5.5,0
2025-08-26 12:00:00+00:00,18.7,40,0.0,0.0,0.0,0.0,0,3600.0,1.15,5.1,0
2025-08-26 13:00:00+00:00,20.1,39,0.0,0.0,0.0,0.0,6,3600.0,0.32,3.8,0
2025-08-26 14:00:00+00:00,20.4,38,0.0,0.0,0.0,0.0,36,3600.0,0.9,3.8,1
2025-08-26 15:00:00+00:00,20.5,37,0.0,0.0,0.0,0.0,93,3600.0,1.17,3.9,3
2025-08-26 16:00:00+00:00,20.2,39,0.0,0.0,0.0,0.0,100,3600.0,1.29,3.9,3
2025-08-26 17:00:00+00:00,19.5,44,0.0,0.0,0.0,0.0,100,3600.0,1.3,3.6,3
2025-08-26 18:00:00+00:00,17.6,57,0.0,0.0,0.0,0.0,100,559.95,1.0,2.9,3
2025-08-26 19:00:00+00:00,16.0,64,0.0,0.0,0.0,0.0,100,0.0,1.92,3.3,3
2025-08-26 20:00:00+00:00,14.9,74,0.0,0.0,0.0,0.0,100,0.0,2.21,4.9,3
2025-08-26 21:00:00+00:00,13.9,81,0.0,0.0,0.0,0.0,100,0.0,1.38,4.2,3
2025-08-26 22:00:00+00:00,13.2,84,0.0,0.0,0.0,0.0,41,0.0,1.31,2.8,1
2025-08-26 23:00:00+00:00,12.2,88,0.0,0.0,0.0,0.0,62,0.0,1.41,2.9,2
2025-08-27 00:00:00+00:00,11.3,91,0.0,0.0,0.0,0.0,100,0.0,1.28,2.9,3
2025-08-27 01:00:00+00:00,10.2,93,0.0,0.0,0.0,0.0,100,0.0,1.22,2.4,3
2025-08-27 02:00:00+00:00,10.6,94,0.0,0.0,0.0,0.0,100,0.0,1.42,3.0,3
2025-08-27 03:00:00+00:00,10.3,95,0.0,0.0,0.0,0.0,100,0.0,0.86,3.0,3
2025-08-27 04:00:00+00:00,11.0,95,0.0,0.0,0.0,0.0,100,0.0,1.07,2.3,3
2025-08-27 05:00:00+00:00,11.8,90,0.0,0.0,0.0,0.0,100,0.0,1.43,3.1,3
2025-08-27 06:00:00+00:00,12.0,89,0.1,0.1,0.0,0.0,100,0.0,1.66,3.5,51
2025-08-27 07:00:00+00:00,12.6,87,0.1,0.1,0.0,0.0,100,0.0,1.61,3.7,51
2025-08-27 08:00:00+00:00,13.4,86,0.0,0.0,0.0,0.0,100,0.0,1.11,3.8,3
2025-08-27 09:00:00+00:00,14.5,85,0.0,0.0,0.0,0.0,100,0.0,0.58,3.1,3
2025-08-27 10:00:00+00:00,15.6,82,0.3,0.3,0.0,0.0,100,0.0,0.85,3.3,51
2025-08-27 11:00:00+00:00,15.4,85,0.8,0.8,0.0,0.0,100,0.0,1.1,3.4,53
2025-08-27 12:00:00+00:00,14.7,94,1.1,1.1,0.0,0.0,100,0.0,0.49,3.2,55
2025-08-27 13:00:00+00:00,14.7,95,0.6,0.6,0.0,0.0,100,0.0,1.41,3.3,53
2025-08-27 14:00:00+00:00,14.9,93,0.4,0.4,0.0,0.0,100,0.0,2.34,4.9,51
2025-08-27 15:00:00+00:00,15.0,95,0.2,0.2,0.0,0.0,99,0.0,1.87,5.4,51
2025-08-27 16:00:00+00:00,15.0,90,0.3,0.3,0.0,0.0,100,0.0,1.66,4.7,51
2025-08-27 17:00:00+00:00,15.4,90,0.1,0.1,0.0,0.0,100,0.0,1.45,3.7,51
2025-08-27 18:00:00+00:00,15.0,93,0.0,0.0,0.0,0.0,100,0.0,1.19,3.0,3
2025-08-27 19:00:00+00:00,13.8,96,0.1,0.1,0.0,0.0,100,0.0,1.05,2.0,51
2025-08-27 20:00:00+00:00,13.7,94,0.3,0.3,0.0,0.0,100,0.0,1.05,2.0,51
2025-08-27 21:00:00+00:00,13.5,95,0.2,0.2,0.0,0.0,100,0.0,1.1,2.0,51
2025-08-27 22:00:00+00:00,13.2,96,0.0,0.0,0.0,0.0,100,0.0,1.26,2.4,3
2025-08-27 23:00:00+00:00,13.0,96,0.0,0.0,0.0,0.0,100,0.0,1.3,2.5,3
2025-08-28 00:00:00+00:00,12.7,96,0.0,0.0,0.0,0.0,100,0.0,1.26,2.5,3
2025-08-28 01:00:00+00:00,13.1,93,0.0,0.0,0.0,0.0,63,0.0,1.35,2.9,2
2025-08-28 02:00:00+00:00,12.2,95,0.0,0.0,0.0,0.0,32,0.0,1.3,2.5,1
2025-08-28 03:00:00+00:00,12.0,96,0.0,0.0,0.0,0.0,100,0.0,1.2,2.5,3
2025-08-28 04:00:00+00:00,12.2,96,0.0,0.0,0.0,0.0,46,0.0,1.45,2.9,1
2025-08-28 05:00:00+00:00,12.5,95,0.0,0.0,0.0,0.0,30,406.57,1.98,3.6,1
2025-08-28 06:00:00+00:00,13.4,94,0.0,0.0,0.0,0.0,25,3600.0,2.3,4.7,1
2025-08-28 07:00:00+00:00,14.3,90,0.0,0.0,0.0,0.0,100,3600.0,2.4,5.5,3
2025-08-28 08:00:00+00:00,15.1,87,0.0,0.0,0.0,0.0,100,17.32,2.5,5.7,3
2025-08-28 09:00:00+00:00,16.0,81,0.0,0.0,0.0,0.0,100,0.0,2.39,5.8,3
2025-08-28 10:00:00+00:00,16.8,76,0.1,0.1,0.0,0.0,100,617.35,2.29,5.6,51
2025-08-28 11:00:00+00:00,16.6,78,0.2,0.2,0.0,0.0,100,0.0,2.09,5.4,51
2025-08-28 12:00:00+00:00,17.6,74,0.2,0.2,0.0,0.0,77,2351.37,1.5,5.1,51
2025-08-28 13:00:00+00:00,18.0,70,0.1,0.1,0.0,0.0,48,3600.0,1.17,5.1,51
2025-08-28 14:00:00+00:00,18.4,67,0.1,0.1,0.0,0.0,54,3600.0,1.18,3.9,51
2025-08-28 15:00:00+00:00,18.8,64,0.1,0.1,0.0,0.0,37,3600.0,1.01,3.8,51
2025-08-28 16:00:00+00:00,18.7,64,0.0,0.0,0.0,0.0,100,3600.0,1.68,4.1,3
2025-08-28 17:00:00+00:00,18.1,72,0.0,0.0,0.0,0.0,100,3600.0,0.75,4.0,3
2025-08-28 18:00:00+00:00,16.4,79,0.0,0.0,0.0,0.0,100,1584.3,0.84,1.4,3
2025-08-28 19:00:00+00:00,14.7,86,0.0,0.0,0.0,0.0,100,0.0,1.44,2.7,3
2025-08-28 20:00:00+00:00,14.2,88,0.0,0.0,0.0,0.0,100,0.0,1.59,3.0,3
2025-08-28 21:00:00+00:00,14.1,88,0.0,0.0,0.0,0.0,100,0.0,1.72,3.3,3
2025-08-28 22:00:00+00:00,13.8,89,0.0,0.0,0.0,0.0,100,0.0,1.73,3.4,3
2025-08-28 23:00:00+00:00,13.4,91,0.0,0.0,0.0,0.0,100,0.0,1.82,3.5,3
2025-08-29 00:00:00+00:00,13.2,92,0.0,0.0,0.0,0.0,100,0.0,2.05,4.0,3
2025-08-29 01:00:00+00:00,13.3,94,0.0,0.0,0.0,0.0,100,0.0,2.58,4.8,3
2025-08-29 02:00:00+00:00,13.0,94,0.0,0.0,0.0,0.0,100,0.0,2.97,5.7,3
2025-08-29 03:00:00+00:00,12.9,94,0.0,0.0,0.0,0.0,100,0.0,2.83,5.8,3
2025-08-29 04:00:00+00:00,12.8,94,0.1,0.1,0.0,0.0,100,0.0,3.05,6.2,51
2025-08-29 05:00:00+00:00,13.1,93,0.0,0.0,0.0,0.0,100,0.0,3.25,6.6,3
2025-08-29 06:00:00+00:00,13.6,91,0.2,0.2,0.0,0.0,100,0.0,3.51,6.9,51
2025-08-29 07:00:00+00:00,13.9,89,0.0,0.0,0.0,0.0,100,0.0,3.8,7.7,3
2025-08-29 08:00:00+00:00,14.5,88,0.0,0.0,0.0,0.0,99,0.0,3.22,7.8,3
2025-08-29 09:00:00+00:00,16.5,76,0.0,0.0,0.0,0.0,100,3595.32,3.7,8.8,3
2025-08-29 10:00:00+00:00,17.6,69,0.0,0.0,0.0,0.0,100,3600.0,3.37,8.1,3
2025-08-29 11:00:00+00:00,16.3,86,1.7,1.7,0.0,0.0,100,0.0,3.04,7.8,61
2025-08-29 12:00:00+00:00,16.6,88,1.1,1.1,0.0,0.0,91,0.0,2.49,6.2,55
2025-08-29 13:00:00+00:00,16.0,90,1.0,1.0,0.0,0.0,100,720.05,1.14,4.9,55
2025-08-29 14:00:00+00:00,16.0,88,0.2,0.2,0.0,0.0,99,1084.92,2.07,4.5,51
2025-08-29 15:00:00+00:00,16.2,86,0.2,0.2,0.0,0.0,94,191.81,2.5,5.3,51
2025-08-29 16:00:00+00:00,16.2,83,0.9,0.9,0.0,0.0,100,32.47,2.36,5.4,53
2025-08-29 17:00:00+00:00,15.3,93,0.8,0.8,0.0,0.0,100,0.0,1.36,4.5,53
2025-08-29 18:00:00+00:00,15.0,96,0.9,0.9,0.0,0.0,100,0.0,1.1,2.9,53
2025-08-29 19:00:00+00:00,14.7,96,0.2,0.2,0.0,0.0,100,0.0,1.11,2.1,51
2025-08-29 20:00:00+00:00,14.2,96,0.1,0.1,0.0,0.0,100,0.0,1.0,2.1,51
2025-08-29 21:00:00+00:00,14.2,95,0.0,0.0,0.0,0.0,100,0.0,0.76,1.8,3
2025-08-29 22:00:00+00:00,14.0,96,0.0,0.0,0.0,0.0,100,0.0,0.8,1.5,3
2025-08-29 23:00:00+00:00,14.1,96,0.1,0.1,0.0,0.0,100,0.0,0.65,1.5,51
2025-08-30 00:00:00+00:00,14.2,94,0.0,0.0,0.0,0.0,100,0.0,0.67,1.2,3
2025-08-30 01:00:00+00:00,13.3,97,0.0,0.0,0.0,0.0,100,0.0,0.93,1.7,3
2025-08-30 02:00:00+00:00,13.1,97,0.0,0.0,0.0,0.0,100,0.0,0.81,1.7,3
2025-08-30 03:00:00+00:00,13.3,96,0.0,0.0,0.0,0.0,100,0.0,0.85,1.8,3
2025-08-30 04:00:00+00:00,13.6,95,0.0,0.0,0.0,0.0,100,0.0,0.4,1.5,3
2025-08-30 05:00:00+00:00,13.9,94,0.0,0.0,0.0,0.0,100,0.0,0.9,1.5,3
2025-08-30 06:00:00+00:00,14.1,96,0.0,0.0,0.0,0.0,100,0.0,1.2,2.6,3
2025-08-30 07:00:00+00:00,14.7,93,0.0,0.0,0.0,0.0,100,0.0,1.68,3.8,3
2025-08-30 08:00:00+00:00,15.8,83,0.1,0.1,0.0,0.0,100,1098.35,1.31,4.2,51
2025-08-30 09:00:00+00:00,16.4,81,0.1,0.1,0.0,0.0,100,533.22,0.74,3.8,51
2025-08-30 10:00:00+00:00,17.0,78,0.1,0.1,0.0,0.0,95,3600.0,0.85,3.2,51
2025-08-30 11:00:00+00:00,17.9,72,0.2,0.2,0.0,0.0,44,3502.83,0.65,3.5,51
2025-08-30 12:00:00+00:00,19.1,67,0.0,0.0,0.0,0.0,27,3600.0,0.73,4.1,1
2025-08-30 13:00:00+00:00,19.5,68,0.1,0.1,0.0,0.0,100,3600.0,0.65,4.6,51
2025-08-30 14:00:00+00:00,17.4,76,0.2,0.2,0.0,0.0,100,3600.0,2.81,6.4,51
2025-08-30 15:00:00+00:00,17.6,78,0.1,0.1,0.0,0.0,95,3600.0,3.22,7.3,51
2025-08-30 16:00:00+00:00,16.5,85,0.1,0.1,0.0,0.0,86,3600.0,1.73,7.3,51
2025-08-30 17:00:00+00:00,16.6,80,0.1,0.1,0.0,0.0,82,3600.0,1.99,4.1,51
2025-08-30 18:00:00+00:00,15.8,88,0.1,0.1,0.0,0.0,49,2270.13,1.27,3.8,51
2025-08-30 19:00:00+00:00,14.3,93,0.5,0.5,0.0,0.0,81,0.0,1.46,2.8,53
2025-08-30 20:00:00+00:00,14.0,95,0.6,0.6,0.0,0.0,46,0.0,1.75,3.8,53
2025-08-30 21:00:00+00:00,13.4,96,0.1,0.1,0.0,0.0,21,0.0,1.39,3.2,51
2025-08-30 22:00:00+00:00,13.1,95,0.0,0.0,0.0,0.0,30,0.0,1.42,2.8,1
2025-08-30 23:00:00+00:00,13.1,95,0.0,0.0,0.0,0.0,29,0.0,1.2,2.7,1
2025-08-31 00:00:00+00:00,12.9,96,0.0,0.0,0.0,0.0,14,0.0,1.25,2.2,0
2025-08-31 01:00:00+00:00,13.5,96,1.0,1.0,0.0,0.0,99,0.0,1.51,3.0,55
2025-08-31 02:00:00+00:00,13.5,95,0.0,0.0,0.0,0.0,36,0.0,1.1,3.0,1
2025-08-31 03:00:00+00:00,12.9,97,0.0,0.0,0.0,0.0,100,0.0,1.03,2.1,3
2025-08-31 04:00:00+00:00,13.0,97,0.1,0.1,0.0,0.0,100,0.0,1.22,2.3,51
2025-08-31 05:00:00+00:00,13.5,97,0.1,0.1,0.0,0.0,100,0.0,1.29,2.6,51
2025-08-31 06:00:00+00:00,14.0,97,0.1,0.1,0.0,0.0,100,0.0,1.88,3.4,51
2025-08-31 07:00:00+00:00,14.6,95,0.2,0.2,0.0,0.0,97,0.0,1.68,4.1,51
2025-08-31 08:00:00+00:00,15.7,88,0.2,0.2,0.0,0.0,100,3600.0,1.47,4.7,51
2025-08-31 09:00:00+00:00,16.7,84,0.0,0.0,0.0,0.0,99,3600.0,1.95,6.0,3
2025-08-31 10:00:00+00:00,17.7,74,0.0,0.0,0.0,0.0,100,3600.0,2.53,6.1,3
2025-08-31 11:00:00+00:00,18.1,69,0.0,0.0,0.0,0.0,99,3600.0,3.15,7.4,3
2025-08-31 12:00:00+00:00,18.1,69,0.0,0.0,0.0,0.0,98,1966.62,3.37,7.6,3
2025-08-31 13:00:00+00:00,18.0,71,0.0,0.0,0.0,0.0,100,0.0,2.63,5.9,3
2025-08-31 14:00:00+00:00,17.7,74,0.0,0.0,0.0,0.0,100,0.0,2.39,5.5,3
2025-08-31 15:00:00+00:00,18.0,71,0.0,0.0,0.0,0.0,86,0.0,2.61,5.9,3
2025-08-31 16:00:00+00:00,18.2,70,0.0,0.0,0.0,0.0,100,1641.48,2.12,5.6,3
2025-08-31 17:00:00+00:00,17.9,71,0.0,0.0,0.0,0.0,100,0.0,1.88,4.3,3
2025-08-31 18:00:00+00:00,16.9,76,0.0,0.0,0.0,0.0,100,362.27,1.25,3.7,3
2025-08-31 19:00:00+00:00,16.3,78,0.0,0.0,0.0,0.0,100,0.0,1.36,2.7,3
2025-08-31 20:00:00+00:00,15.3,82,0.0,0.0,0.0,0.0,100,0.0,1.36,2.7,3
2025-08-31 21:00:00+00:00,15.1,83,0.0,0.0,0.0,0.0,100,0.0,1.35,2.7,3
2025-08-31 22:00:00+00:00,15.1,83,0.0,0.0,0.0,0.0,100,0.0,1.52,3.1,3
2025-08-31 23:00:00+00:00,14.9,84,0.0,0.0,0.0,0.0,100,0.0,1.7,3.4,3
2025-09-01 00:00:00+00:00,15.1,84,0.3,0.3,0.0,0.0,100,0.0,1.69,3.5,51
2025-09-01 01:00:00+00:00,15.1,87,0.0,0.0,0.0,0.0,100,0.0,2.07,4.3,3
2025-09-01 02:00:00+00:00,15.0,87,0.0,0.0,0.0,0.0,100,0.0,2.11,4.3,3
2025-09-01 03:00:00+00:00,15.5,84,0.0,0.0,0.0,0.0,100,0.0,2.64,5.0,3
2025-09-01 04:00:00+00:00,15.6,85,0.1,0.1,0.0,0.0,100,0.0,2.17,5.2,51
2025-09-01 05:00:00+00:00,15.3,88,0.7,0.7,0.0,0.0,100,0.0,2.17,4.2,53
2025-09-01 06:00:00+00:00,14.8,95,0.9,0.9,0.0,0.0,100,0.0,1.7,4.0,53
2025-09-01 07:00:00+00:00,14.8,96,0.8,0.8,0.0,0.0,100,0.0,2.11,4.1,53
2025-09-01 08:00:00+00:00,15.3,96,0.3,0.3,0.0,0.0,100,0.0,1.8,4.1,51
2025-09-01 09:00:00+00:00,16.3,91,0.1,0.1,0.0,0.0,100,0.0,2.61,4.8,51
2025-09-01 10:00:00+00:00,17.4,86,0.0,0.0,0.0,0.0,100,0.0,2.41,5.0,3
2025-09-01 11:00:00+00:00,18.3,80,0.0,0.0,0.0,0.0,100,0.0,2.5,5.0,3
2025-09-01 12:00:00+00:00,18.7,76,0.0,0.0,0.0,0.0,100,0.0,2.64,5.1,3
2025-09-01 13:00:00+00:00,19.1,77,0.3,0.3,0.0,0.0,75,0.0,3.42,7.3,51
2025-09-01 14:00:00+00:00,20.8,67,0.0,0.0,0.0,0.0,100,3600.0,4.62,9.5,3
2025-09-01 15:00:00+00:00,20.3,70,0.1,0.1,0.0,0.0,100,3197.4,4.45,9.9,51
2025-09-01 16:00:00+00:00,20.3,66,0.0,0.0,0.0,0.0,100,124.8,3.69,9.1,3
2025-09-01 17:00:00+00:00,19.4,67,0.0,0.0,0.0,0.0,100,0.0,2.78,7.3,3
2025-09-01 18:00:00+00:00,18.6,69,0.0,0.0,0.0,0.0,98,0.0,3.62,7.0,3
2025-09-01 19:00:00+00:00,17.9,72,0.1,0.1,0.0,0.0,100,0.0,3.75,7.5,51
2025-09-01 20:00:00+00:00,16.7,79,0.5,0.5,0.0,0.0,100,0.0,3.6,7.3,53
2025-09-01 21:00:00+00:00,15.3,95,1.2,1.2,0.0,0.0,100,0.0,4.24,9.5,55
2025-09-01 22:00:00+00:00,15.2,96,1.0,1.0,0.0,0.0,100,0.0,4.91,10.0,55
2025-09-01 23:00:00+00:00,15.4,96,0.3,0.3,0.0,0.0,98,0.0,4.41,10.2,51
2025-09-02 00:00:00+00:00,15.2,97,0.0,0.0,0.0,0.0,100,0.0,3.55,8.3,3
2025-09-02 01:00:00+00:00,14.3,96,0.0,0.0,0.0,0.0,69,0.0,3.57,6.7,2
2025-09-02 02:00:00+00:00,14.2,97,0.0,0.0,0.0,0.0,100,0.0,3.1,6.8,3
2025-09-02 03:00:00+00:00,14.2,98,0.0,0.0,0.0,0.0,100,0.0,2.61,5.9,3
2025-09-02 04:00:00+00:00,14.3,97,0.0,0.0,0.0,0.0,100,0.0,2.15,5.0,3
2025-09-02 05:00:00+00:00,14.4,96,0.0,0.0,0.0,0.0,100,0.0,1.85,4.2,3
2025-09-02 06:00:00+00:00,14.5,94,0.0,0.0,0.0,0.0,100,0.0,1.65,3.9,3
2025-09-02 07:00:00+00:00,14.7,92,0.0,0.0,0.0,0.0,100,0.0,1.3,3.6,3
2025-09-02 08:00:00+00:00,15.4,85,0.0,0.0,0.0,0.0,100,0.0,1.77,4.2,3
2025-09-02 09:00:00+00:00,16.5,76,0.0,0.0,0.0,0.0,100,476.31,1.6,4.4,3
2025-09-02 10:00:00+00:00,17.3,72,0.0,0.0,0.0,0.0,89,2431.83,1.65,4.4,3
2025-09-02 11:00:00+00:00,18.4,66,0.0,0.0,0.0,0.0,93,3600.0,1.46,4.8,3
2025-09-02 12:00:00+00:00,19.3,61,0.0,0.0,0.0,0.0,100,3600.0,1.33,4.5,3
2025-09-02 13:00:00+00:00,18.9,64,0.1,0.1,0.0,0.0,100,3600.0,1.71,4.6,51
2025-09-02 14:00:00+00:00,18.9,63,0.0,0.0,0.0,0.0,100,2674.4,2.01,4.8,3
2025-09-02 15:00:00+00:00,19.0,62,0.0,0.0,0.0,0.0,100,0.0,1.77,4.7,3
2025-09-02 16:00:00+00:00,18.8,65,0.0,0.0,0.0,0.0,100,0.0,1.35,3.8,3
2025-09-02 17:00:00+00:00,17.8,75,0.0,0.0,0.0,0.0,100,0.0,0.97,2.7,3
2025-09-02 18:00:00+00:00,16.4,80,0.0,0.0,0.0,0.0,100,0.0,0.76,1.8,3
2025-09-02 19:00:00+00:00,15.6,82,0.0,0.0,0.0,0.0,100,0.0,0.54,1.4,3
2025-09-02 20:00:00+00:00,15.5,81,0.0,0.0,0.0,0.0,100,0.0,0.1,1.1,3
2025-09-02 21:00:00+00:00,14.9,83,0.1,0.1,0.0,0.0,100,0.0,0.1,1.6,51
2025-09-02 22:00:00+00:00,13.5,90,0.5,0.5,0.0,0.0,92,0.0,0.7,1.9,53
2025-09-02 23:00:00+00:00,13.3,94,0.0,0.0,0.0,0.0,50,0.0,0.92,1.9,2
2025-09-03 00:00:00+00:00,12.4,96,0.0,0.0,0.0,0.0,63,0.0,1.05,2.1,2
2025-09-03 01:00:00+00:00,12.8,96,0.1,0.1,0.0,0.0,91,0.0,1.05,3.0,51
2025-09-03 02:00:00+00:00,12.5,98,0.2,0.2,0.0,0.0,56,0.0,1.14,2.2,51
2025-09-03 03:00:00+00:00,13.2,98,0.1,0.1,0.0,0.0,100,0.0,1.21,2.3,51
2025-09-03 04:00:00+00:00,13.6,96,0.0,0.0,0.0,0.0,100,0.0,1.96,3.7,3
2025-09-03 05:00:00+00:00,13.8,97,0.1,0.1,0.0,0.0,72,0.0,2.42,4.6,51
2025-09-03 06:00:00+00:00,14.1,96,0.0,0.0,0.0,0.0,60,313.79,3.0,5.9,2
2025-09-03 07:00:00+00:00,14.2,95,0.0,0.0,0.0,0.0,57,3553.73,3.39,7.3,2
2025-09-03 08:00:00+00:00,15.2,85,0.1,0.1,0.0,0.0,41,3600.0,4.02,8.5,51
2025-09-03 09:00:00+00:00,16.3,76,0.0,0.0,0.0,0.0,33,3600.0,4.03,8.9,1
2025-09-03 10:00:00+00:00,17.2,68,0.0,0.0,0.0,0.0,97,3600.0,4.25,9.6,3
2025-09-03 11:00:00+00:00,17.9,63,0.0,0.0,0.0,0.0,15,3600.0,4.08,10.7,0
2025-09-03 12:00:00+00:00,18.4,60,0.1,0.1,0.0,0.0,38,3600.0,4.97,10.7,51
2025-09-03 13:00:00+00:00,18.1,64,0.0,0.0,0.0,0.0,22,3600.0,4.26,10.3,1
2025-09-03 14:00:00+00:00,18.2,63,0.2,0.2,0.0,0.0,67,3600.0,4.06,9.7,51
2025-09-03 15:00:00+00:00,18.6,59,0.0,0.0,0.0,0.0,89,3600.0,3.16,8.7,3
2025-09-03 16:00:00+00:00,18.8,58,0.0,0.0,0.0,0.0,100,3600.0,3.89,9.1,3
2025-09-03 17:00:00+00:00,18.2,59,0.0,0.0,0.0,0.0,100,503.45,3.27,8.8,3
2025-09-03 18:00:00+00:00,17.6,60,0.0,0.0,0.0,0.0,100,0.0,3.86,7.6,3
2025-09-03 19:00:00+00:00,17.1,63,0.0,0.0,0.0,0.0,100,0.0,4.69,9.3,3
2025-09-03 20:00:00+00:00,15.8,77,0.8,0.8,0.0,0.0,100,0.0,5.51,10.7,53
2025-09-03 21:00:00+00:00,14.4,93,1.2,1.2,0.0,0.0,100,0.0,6.23,12.2,55
2025-09-03 22:00:00+00:00,14.6,94,0.7,0.7,0.0,0.0,100,0.0,7.18,13.9,53
2025-09-03 23:00:00+00:00,14.8,94,1.3,1.3,0.0,0.0,100,0.0,7.52,16.2,61
2025-09-04 00:00:00+00:00,15.1,95,2.3,2.3,0.0,0.0,100,0.0,7.6,17.1,61
2025-09-04 01:00:00+00:00,16.0,93,0.4,0.4,0.0,0.0,100,0.0,6.67,14.6,51
2025-09-04 02:00:00+00:00,15.7,94,2.6,2.6,0.0,0.0,100,0.0,6.57,14.4,63
2025-09-04 03:00:00+00:00,15.3,96,0.8,0.8,0.0,0.0,99,0.0,6.83,13.8,53
2025-09-04 04:00:00+00:00,15.9,95,4.5,4.5,0.0,0.0,100,0.0,7.51,14.3,63
2025-09-04 05:00:00+00:00,15.8,97,0.7,0.7,0.0,0.0,100,0.0,6.56,14.7,53
2025-09-04 06:00:00+00:00,15.7,97,0.7,0.7,0.0,0.0,100,0.0,6.57,13.4,53
2025-09-04 07:00:00+00:00,15.9,95,0.7,0.7,0.0,0.0,100,0.0,6.95,13.8,53
2025-09-04 08:00:00+00:00,16.4,95,0.0,0.0,0.0,0.0,74,0.0,6.43,13.6,2
2025-09-04 09:00:00+00:00,16.9,88,0.2,0.2,0.0,0.0,88,3600.0,7.46,16.4,51
2025-09-04 10:00:00+00:00,17.9,84,0.1,0.1,0.0,0.0,13,3600.0,6.88,14.4,51
2025-09-04 11:00:00+00:00,18.9,75,0.0,0.0,0.0,0.0,11,3600.0,6.84,14.8,0
2025-09-04 12:00:00+00:00,19.1,72,0.0,0.0,0.0,0.0,18,3600.0,6.88,14.9,0
2025-09-04 13:00:00+00:00,19.0,71,0.1,0.1,0.0,0.0,11,3600.0,6.02,13.9,51
2025-09-04 14:00:00+00:00,18.9,70,0.0,0.0,0.0,0.0,17,3600.0,6.28,13.5,0
2025-09-04 15:00:00+00:00,18.6,70,0.0,0.0,0.0,0.0,29,3600.0,6.25,13.5,1
2025-09-04 16:00:00+00:00,17.8,75,0.0,0.0,0.0,0.0,27,3600.0,5.85,13.6,1
2025-09-04 17:00:00+00:00,16.9,81,0.0,0.0,0.0,0.0,14,3600.0,5.26,12.4,0
2025-09-04 18:00:00+00:00,16.0,85,0.0,0.0,0.0,0.0,3,3600.0,4.94,10.8,0
2025-09-04 19:00:00+00:00,15.3,88,0.0,0.0,0.0,0.0,53,0.0,4.77,10.0,2
2025-09-04 20:00:00+00:00,14.9,92,0.0,0.0,0.0,0.0,100,0.0,4.4,9.7,3
2025-09-04 21:00:00+00:00,14.8,93,0.0,0.0,0.0,0.0,100,0.0,4.05,8.9,3
2025-09-04 22:00:00+00:00,14.6,95,0.0,0.0,0.0,0.0,100,0.0,3.7,8.2,3
2025-09-04 23:00:00+00:00,14.5,96,0.0,0.0,0.0,0.0,100,0.0,3.4,7.5,3
2025-09-05 00:00:00+00:00,14.8,96,0.0,0.0,0.0,0.0,100,0.0,3.41,6.9,3
2025-09-05 01:00:00+00:00,14.5,97,0.0,0.0,0.0,0.0,100,0.0,2.69,5.8,3
2025-09-05 02:00:00+00:00,14.5,97,0.0,0.0,0.0,0.0,100,0.0,2.23,5.4,3
2025-09-05 03:00:00+00:00,14.6,97,0.0,0.0,0.0,0.0,100,0.0,1.54,4.4,3
2025-09-05 04:00:00+00:00,14.4,97,0.0,0.0,0.0,0.0,100,0.0,1.32,3.2,3
2025-09-05 05:00:00+00:00,14.2,96,0.1,0.1,0.0,0.0,100,0.0,1.62,3.1,51
2025-09-05 06:00:00+00:00,14.6,92,0.0,0.0,0.0,0.0,100,12.36,1.5,3.4,3
2025-09-05 07:00:00+00:00,15.2,89,0.2,0.2,0.0,0.0,100,0.0,1.51,3.6,51
2025-09-05 08:00:00+00:00,15.6,87,0.1,0.1,0.0,0.0,100,0.0,2.02,4.7,51
2025-09-05 09:00:00+00:00,16.4,84,0.1,0.1,0.0,0.0,100,0.0,2.2,5.0,51
2025-09-05 10:00:00+00:00,17.2,82,0.2,0.2,0.0,0.0,100,0.0,1.8,6.2,51
2025-09-05 11:00:00+00:00,17.3,81,0.3,0.3,0.0,0.0,100,0.0,2.5,6.4,51
2025-09-05 12:00:00+00:00,16.5,87,0.6,0.6,0.0,0.0,100,0.0,1.86,6.7,53
2025-09-05 13:00:00+00:00,15.7,95,0.9,0.9,0.0,0.0,100,0.0,1.44,4.5,53
2025-09-05 14:00:00+00:00,16.2,92,0.4,0.4,0.0,0.0,100,0.0,1.99,4.9,51
2025-09-05 15:00:00+00:00,16.4,92,0.1,0.1,0.0,0.0,100,0.0,1.51,4.9,51
2025-09-05 16:00:00+00:00,15.8,91,0.6,0.6,0.0,0.0,100,0.0,2.4,4.5,53
2025-09-05 17:00:00+00:00,15.1,97,0.4,0.4,0.0,0.0,100,0.0,1.26,4.8,51
2025-09-05 18:00:00+00:00,15.1,95,0.1,0.1,0.0,0.0,100,0.0,1.12,2.6,51
2025-09-05 19:00:00+00:00,14.6,96,0.0,0.0,0.0,0.0,63,0.0,0.96,2.1,2
2025-09-05 20:00:00+00:00,14.2,97,0.0,0.0,0.0,0.0,96,0.0,1.18,2.3,3
2025-09-05 21:00:00+00:00,14.4,98,0.0,0.0,0.0,0.0,100,0.0,1.05,2.2,3
2025-09-05 22:00:00+00:00,14.7,97,0.0,0.0,0.0,0.0,100,0.0,0.95,2.4,3
2025-09-05 23:00:00+00:00,14.6,97,0.0,0.0,0.0,0.0,100,0.0,0.68,1.7,3
2025-09-06 00:00:00+00:00,14.6,97,0.0,0.0,0.0,0.0,100,0.0,0.9,1.6,3
2025-09-06 01:00:00+00:00,14.3,96,0.0,0.0,0.0,0.0,100,0.0,1.13,2.9,3
2025-09-06 02:00:00+00:00,14.0,97,0.0,0.0,0.0,0.0,100,0.0,0.45,2.2,3
2025-09-06 03:00:00+00:00,14.0,97,0.0,0.0,0.0,0.0,100,0.0,0.32,1.0,3
2025-09-06 04:00:00+00:00,14.0,96,0.0,0.0,0.0,0.0,100,0.0,0.54,1.2,3
2025-09-06 05:00:00+00:00,14.2,94,0.0,0.0,0.0,0.0,100,0.0,0.93,1.8,3
2025-09-06 06:00:00+00:00,14.5,96,0.0,0.0,0.0,0.0,90,0.0,1.52,3.2,3
2025-09-06 07:00:00+00:00,14.9,93,0.1,0.1,0.0,0.0,86,0.0,1.52,3.7,51
2025-09-06 08:00:00+00:00,15.2,90,0.2,0.2,0.0,0.0,100,0.0,1.6,4.0,51
2025-09-06 09:00:00+00:00,16.1,82,0.1,0.1,0.0,0.0,100,760.07,1.4,4.0,51
2025-09-06 10:00:00+00:00,16.9,77,0.1,0.1,0.0,0.0,93,3137.39,0.86,3.8,51
2025-09-06 11:00:00+00:00,17.7,74,0.0,0.0,0.0,0.0,57,3600.0,0.51,3.4,2
2025-09-06 12:00:00+00:00,18.1,72,0.0,0.0,0.0,0.0,56,3600.0,1.0,4.3,2
2025-09-06 13:00:00+00:00,19.2,62,0.0,0.0,0.0,0.0,27,3507.97,0.87,3.8,1
2025-09-06 14:00:00+00:00,19.1,65,0.0,0.0,0.0,0.0,21,1924.0,1.1,4.2,1
2025-09-06 15:00:00+00:00,18.9,64,0.2,0.2,0.0,0.0,61,3600.0,0.97,3.8,51
2025-09-06 16:00:00+00:00,18.1,69,0.0,0.0,0.0,0.0,43,3600.0,1.42,3.7,1
2025-09-06 17:00:00+00:00,17.2,81,0.0,0.0,0.0,0.0,28,3600.0,0.6,3.4,1
2025-09-06 18:00:00+00:00,15.7,85,0.0,0.0,0.0,0.0,27,1502.67,1.05,1.8,1
2025-09-06 19:00:00+00:00,14.9,88,0.0,0.0,0.0,0.0,1,0.0,1.42,2.8,0
2025-09-06 20:00:00+00:00,13.7,91,0.0,0.0,0.0,0.0,1,0.0,1.1,3.0,0
2025-09-06 21:00:00+00:00,13.0,92,0.0,0.0,0.0,0.0,3,0.0,0.83,2.2,0
2025-09-06 22:00:00+00:00,12.8,94,0.0,0.0,0.0,0.0,2,0.0,0.4,1.8,0
2025-09-06 23:00:00+00:00,12.3,97,0.0,0.0,0.0,0.0,11,0.0,0.22,1.2,0
2025-09-07 00:00:00+00:00,11.6,100,0.0,0.0,0.0,0.0,100,0.0,0.21,1.0,3
2025-09-07 01:00:00+00:00,10.8,100,0.0,0.0,0.0,0.0,100,0.0,0.2,0.9,3
2025-09-07 02:00:00+00:00,11.0,100,0.0,0.0,0.0,0.0,100,0.0,0.27,0.9,3
2025-09-07 03:00:00+00:00,10.8,100,0.0,0.0,0.0,0.0,100,0.0,0.36,1.3,3
2025-09-07 04:00:00+00:00,10.9,100,0.0,0.0,0.0,0.0,100,0.0,0.35,1.3,3
2025-09-07 05:00:00+00:00,11.5,100,0.0,0.0,0.0,0.0,100,0.0,0.4,1.6,3
2025-09-07 06:00:00+00:00,11.9,100,0.0,0.0,0.0,0.0,100,398.91,0.45,2.3,3
2025-09-07 07:00:00+00:00,13.0,99,0.0,0.0,0.0,0.0,100,1798.98,0.22,2.4,3
2025-09-07 08:00:00+00:00,14.0,96,0.0,0.0,0.0,0.0,100,3600.0,0.58,2.9,3
2025-09-07 09:00:00+00:00,15.7,87,0.0,0.0,0.0,0.0,96,3600.0,1.0,4.0,3
2025-09-07 10:00:00+00:00,17.3,78,0.0,0.0,0.0,0.0,38,3600.0,1.1,4.2,1
2025-09-07 11:00:00+00:00,18.2,73,0.0,0.0,0.0,0.0,14,3600.0,1.17,4.3,0
2025-09-07 12:00:00+00:00,19.0,68,0.0,0.0,0.0,0.0,100,3600.0,1.68,4.9,3
2025-09-07 13:00:00+00:00,19.0,67,0.0,0.0,0.0,0.0,76,3600.0,1.63,4.7,2
2025-09-07 14:00:00+00:00,19.1,66,0.0,0.0,0.0,0.0,88,3600.0,2.02,5.1,3
2025-09-07 15:00:00+00:00,18.9,66,0.0,0.0,0.0,0.0,58,3600.0,2.23,5.6,2
2025-09-07 16:00:00+00:00,18.6,66,0.0,0.0,0.0,0.0,31,3600.0,1.61,5.2,1
2025-09-07 17:00:00+00:00,17.6,74,0.0,0.0,0.0,0.0,34,3600.0,1.26,3.4,1
2025-09-07 18:00:00+00:00,15.4,83,0.0,0.0,0.0,0.0,25,3287.97,1.65,3.3,1
2025-09-07 19:00:00+00:00,14.1,87,0.0,0.0,0.0,0.0,5,0.0,1.07,3.3,0
2025-09-07 20:00:00+00:00,13.7,87,0.0,0.0,0.0,0.0,2,0.0,0.52,2.1,0
2025-09-07 21:00:00+00:00,13.0,90,0.0,0.0,0.0,0.0,1,0.0,0.67,1.6,0
2025-09-07 22:00:00+00:00,12.3,94,0.0,0.0,0.0,0.0,7,0.0,0.86,1.9,0
2025-09-07 23:00:00+00:00,11.7,97,0.0,0.0,0.0,0.0,18,0.0,1.25,2.5,0
2025-09-08 00:00:00+00:00,11.1,100,0.0,0.0,0.0,0.0,100,0.0,1.01,2.5,3
2025-09-08 01:00:00+00:00,10.6,100,0.0,0.0,0.0,0.0,100,0.0,1.08,2.4,3
2025-09-08 02:00:00+00:00,11.0,99,0.0,0.0,0.0,0.0,100,0.0,1.3,2.8,3
2025-09-08 03:00:00+00:00,11.1,98,0.0,0.0,0.0,0.0,100,0.0,1.35,3.0,3
2025-09-08 04:00:00+00:00,11.0,97,0.0,0.0,0.0,0.0,100,0.0,1.3,3.0,3
2025-09-08 05:00:00+00:00,10.9,98,0.0,0.0,0.0,0.0,100,0.0,1.71,3.6,3
2025-09-08 06:00:00+00:00,11.2,98,0.0,0.0,0.0,0.0,100,3600.0,2.05,4.6,3
2025-09-08 07:00:00+00:00,12.2,94,0.0,0.0,0.0,0.0,67,3600.0,2.16,5.4,2
2025-09-08 08:00:00+00:00,13.9,87,0.0,0.0,0.0,0.0,40,3600.0,1.85,5.3,1
2025-09-08 09:00:00+00:00,15.6,79,0.0,0.0,0.0,0.0,31,3600.0,1.91,5.3,1
2025-09-08 10:00:00+00:00,17.4,71,0.0,0.0,0.0,0.0,58,3600.0,1.7,5.3,2
2025-09-08 11:00:00+00:00,18.8,63,0.0,0.0,0.0,0.0,95,3600.0,1.38,5.0,3
2025-09-08 12:00:00+00:00,19.0,65,0.0,0.0,0.0,0.0,91,3600.0,1.3,4.1,3
2025-09-08 13:00:00+00:00,18.2,73,0.5,0.5,0.0,0.0,72,3600.0,1.89,5.0,53
2025-09-08 14:00:00+00:00,17.9,76,0.1,0.1,0.0,0.0,69,3522.62,1.16,4.6,51
2025-09-08 15:00:00+00:00,18.2,77,0.1,0.1,0.0,0.0,66,3600.0,1.06,3.9,51
2025-09-08 16:00:00+00:00,17.9,76,0.0,0.0,0.0,0.0,40,3600.0,1.68,4.3,1
2025-09-08 17:00:00+00:00,16.9,80,0.1,0.1,0.0,0.0,26,3600.0,1.55,4.0,51
2025-09-08 18:00:00+00:00,15.6,87,0.1,0.1,0.0,0.0,33,0.0,0.95,2.9,51
2025-09-08 19:00:00+00:00,14.6,90,0.1,0.1,0.0,0.0,57,0.0,1.07,2.1,51
2025-09-08 20:00:00+00:00,13.9,92,0.0,0.0,0.0,0.0,24,0.0,1.31,2.6,1
2025-09-08 21:00:00+00:00,13.7,94,0.0,0.0,0.0,0.0,8,0.0,1.21,2.5,0
2025-09-08 22:00:00+00:00,12.9,96,0.0,0.0,0.0,0.0,92,0.0,1.12,2.4,3
2025-09-08 23:00:00+00:00,12.8,97,0.0,0.0,0.0,0.0,54,0.0,1.06,2.2,2
2025-09-09 00:00:00+00:00,12.6,99,0.0,0.0,0.0,0.0,80,0.0,1.38,2.7,3
2025-09-09 01:00:00+00:00,13.3,97,0.0,0.0,0.0,0.0,100,0.0,1.52,2.9,3
2025-09-09 02:00:00+00:00,13.5,97,0.1,0.1,0.0,0.0,99,0.0,1.81,3.7,51
2025-09-09 03:00:00+00:00,13.3,99,1.2,1.2,0.0,0.0,95,0.0,1.94,4.0,55
2025-09-09 04:00:00+00:00,13.4,99,0.0,0.0,0.0,0.0,100,0.0,2.33,4.5,3
2025-09-09 05:00:00+00:00,13.3,99,0.0,0.0,0.0,0.0,100,0.0,2.36,4.6,3
2025-09-09 06:00:00+00:00,14.0,96,0.2,0.2,0.0,0.0,94,323.4,2.5,5.2,51
2025-09-09 07:00:00+00:00,14.7,95,0.3,0.3,0.0,0.0,99,0.0,1.79,5.1,51
2025-09-09 08:00:00+00:00,15.6,92,0.0,0.0,0.0,0.0,100,0.0,1.71,4.0,3
2025-09-09 09:00:00+00:00,16.6,89,0.1,0.1,0.0,0.0,100,0.0,2.27,4.9,51
2025-09-09 10:00:00+00:00,17.6,84,0.1,0.1,0.0,0.0,33,710.82,1.17,5.7,51
2025-09-09 11:00:00+00:00,18.8,77,0.0,0.0,0.0,0.0,99,3600.0,1.65,6.0,3
2025-09-09 12:00:00+00:00,19.6,71,0.0,0.0,0.0,0.0,98,3600.0,1.54,6.2,3
2025-09-09 13:00:00+00:00,16.7,91,0.2,0.2,0.0,0.0,100,3600.0,1.43,5.7,51
2025-09-09 14:00:00+00:00,16.6,88,0.4,0.4,0.0,0.0,100,3600.0,1.7,5.4,51
2025-09-09 15:00:00+00:00,16.9,85,0.5,0.5,0.0,0.0,77,3600.0,1.36,5.2,53
2025-09-09 16:00:00+00:00,17.3,84,0.0,0.0,0.0,0.0,86,3600.0,1.01,3.7,3
2025-09-09 17:00:00+00:00,16.9,89,0.1,0.1,0.0,0.0,69,3600.0,0.71,2.5,51
2025-09-09 18:00:00+00:00,15.4,91,0.3,0.3,0.0,0.0,69,837.95,1.15,2.0,51
2025-09-09 19:00:00+00:00,14.8,93,0.1,0.1,0.0,0.0,69,0.0,1.05,2.4,51
2025-09-09 20:00:00+00:00,15.5,91,0.0,0.0,0.0,0.0,26,0.0,1.99,3.6,1
2025-09-09 21:00:00+00:00,14.9,93,0.0,0.0,0.0,0.0,43,0.0,2.33,4.2,1
2025-09-09 22:00:00+00:00,14.4,94,0.1,0.1,0.0,0.0,69,0.0,1.68,4.3,51
2025-09-09 23:00:00+00:00,14.1,96,0.1,0.1,0.0,0.0,31,0.0,1.8,3.7,51
2025-09-10 00:00:00+00:00,14.0,96,0.0,0.0,0.0,0.0,25,0.0,2.2,4.4,1
2025-09-10 01:00:00+00:00,14.7,96,0.1,0.1,0.0,0.0,33,0.0,1.42,3.3,51
2025-09-10 02:00:00+00:00,14.8,96,0.0,0.0,0.0,0.0,33,0.0,2.79,5.1,1
2025-09-10 03:00:00+00:00,14.9,96,0.0,0.0,0.0,0.0,72,0.0,2.95,5.6,2
2025-09-10 04:00:00+00:00,15.0,96,0.1,0.1,0.0,0.0,74,0.0,3.1,5.8,51
2025-09-10 05:00:00+00:00,15.0,96,0.1,0.1,0.0,0.0,80,0.0,3.5,6.6,51
2025-09-10 06:00:00+00:00,15.2,94,0.0,0.0,0.0,0.0,17,975.12,4.21,8.1,0
2025-09-10 07:00:00+00:00,15.7,91,0.0,0.0,0.0,0.0,17,3600.0,4.16,8.6,0
2025-09-10 08:00:00+00:00,16.6,84,0.0,0.0,0.0,0.0,10,3600.0,4.25,9.0,0
2025-09-10 09:00:00+00:00,17.8,74,0.0,0.0,0.0,0.0,12,3600.0,4.45,9.5,0
2025-09-10 10:00:00+00:00,19.1,65,0.1,0.1,0.0,0.0,48,3600.0,4.82,10.8,51
2025-09-10 11:00:00+00:00,19.6,65,0.1,0.1,0.0,0.0,29,3600.0,4.48,11.3,51
2025-09-10 12:00:00+00:00,20.2,63,0.0,0.0,0.0,0.0,22,3600.0,4.62,10.9,1
2025-09-10 13:00:00+00:00,20.4,61,0.1,0.1,0.0,0.0,19,3600.0,5.07,11.0,51
2025-09-10 14:00:00+00:00,20.6,56,0.0,0.0,0.0,0.0,5,3600.0,4.86,11.1,0
2025-09-10 15:00:00+00:00,20.4,56,0.0,0.0,0.0,0.0,15,3600.0,4.7,11.2,0
2025-09-10 16:00:00+00:00,19.7,59,0.0,0.0,0.0,0.0,15,3600.0,4.0,9.6,0
2025-09-10 17:00:00+00:00,18.6,63,0.0,0.0,0.0,0.0,9,3600.0,3.5,8.2,0
2025-09-10 18:00:00+00:00,17.6,67,0.0,0.0,0.0,0.0,5,1845.28,3.7,7.5,0
2025-09-10 19:00:00+00:00,16.9,70,0.0,0.0,0.0,0.0,38,0.0,4.25,8.4,1
2025-09-10 20:00:00+00:00,16.5,73,0.0,0.0,0.0,0.0,90,0.0,4.17,8.8,3
2025-09-10 21:00:00+00:00,16.2,75,0.0,0.0,0.0,0.0,23,0.0,4.5,9.3,1
2025-09-10 22:00:00+00:00,15.8,80,0.0,0.0,0.0,0.0,32,0.0,4.96,10.2,1
2025-09-10 23:00:00+00:00,15.4,84,0.0,0.0,0.0,0.0,100,0.0,4.9,10.1,3
2025-09-11 00:00:00+00:00,15.5,86,0.0,0.0,0.0,0.0,100,0.0,5.17,10.5,3
2025-09-11 01:00:00+00:00,16.1,88,0.0,0.0,0.0,0.0,100,0.0,6.33,12.9,3
2025-09-11 02:00:00+00:00,16.0,88,0.0,0.0,0.0,0.0,100,0.0,5.37,13.0,3
2025-09-11 03:00:00+00:00,15.9,88,0.0,0.0,0.0,0.0,100,0.0,5.06,11.0,3
2025-09-11 04:00:00+00:00,15.8,89,0.0,0.0,0.0,0.0,100,0.0,5.17,10.5,3
2025-09-11 05:00:00+00:00,15.6,90,0.5,0.5,0.0,0.0,100,0.0,5.21,10.6,53
2025-09-11 06:00:00+00:00,15.1,96,2.0,2.0,0.0,0.0,100,0.0,5.15,10.4,61
2025-09-11 07:00:00+00:00,15.1,96,1.3,1.3,0.0,0.0,100,0.0,5.15,10.4,61
2025-09-11 08:00:00+00:00,15.2,97,2.2,2.2,0.0,0.0,100,0.0,5.37,11.1,61
2025-09-11 09:00:00+00:00,15.3,97,2.3,2.3,0.0,0.0,100,0.0,4.56,10.6,61
2025-09-11 10:00:00+00:00,15.5,97,2.3,2.3,0.0,0.0,100,0.0,3.09,9.2,61
2025-09-11 11:00:00+00:00,15.9,97,2.6,2.6,0.0,0.0,100,0.0,4.32,7.7,63
2025-09-11 12:00:00+00:00,15.5,97,3.4,3.4,0.0,0.0,100,0.0,4.74,8.8,63
2025-09-11 13:00:00+00:00,15.7,97,1.2,1.2,0.0,0.0,100,0.0,2.93,6.8,55
2025-09-11 14:00:00+00:00,15.0,97,1.4,1.4,0.0,0.0,100,0.0,3.31,7.5,61
2025-09-11 15:00:00+00:00,14.6,97,1.3,1.3,0.0,0.0,100,0.0,1.86,6.6,61
2025-09-11 16:00:00+00:00,15.0,94,0.3,0.3,0.0,0.0,100,0.0,1.32,3.7,51
2025-09-11 17:00:00+00:00,14.9,96,0.1,0.1,0.0,0.0,77,0.0,2.11,3.7,51
2025-09-11 18:00:00+00:00,14.6,98,0.1,0.1,0.0,0.0,37,0.0,2.89,5.2,51
2025-09-11 19:00:00+00:00,14.5,97,0.0,0.0,0.0,0.0,21,0.0,3.97,7.7,1
2025-09-11 20:00:00+00:00,14.1,96,0.0,0.0,0.0,0.0,25,0.0,3.6,7.7,1
2025-09-11 21:00:00+00:00,13.7,96,0.0,0.0,0.0,0.0,44,0.0,2.26,7.1,1
2025-09-11 22:00:00+00:00,13.7,96,1.0,1.0,0.0,0.0,100,0.0,3.31,7.0,55
2025-09-11 23:00:00+00:00,14.0,97,0.2,0.2,0.0,0.0,100,0.0,4.38,8.4,51
2025-09-12 00:00:00+00:00,14.3,97,0.0,0.0,0.0,0.0,98,0.0,4.4,8.4,3
2025-09-12 01:00:00+00:00,13.8,94,0.0,0.0,0.0,0.0,98,0.0,5.21,10.3,3
2025-09-12 02:00:00+00:00,12.7,91,0.0,0.0,0.0,0.0,99,0.0,4.96,10.2,3
2025-09-12 03:00:00+00:00,12.3,90,0.0,0.0,0.0,0.0,100,0.0,4.5,9.9,3
2025-09-12 04:00:00+00:00,12.3,91,0.0,0.0,0.0,0.0,7,0.0,3.45,9.0,0
2025-09-12 05:00:00+00:00,11.9,93,0.0,0.0,0.0,0.0,36,0.0,2.33,7.0,1
2025-09-12 06:00:00+00:00,12.8,91,0.0,0.0,0.0,0.0,42,3600.0,2.59,5.1,1
2025-09-12 07:00:00+00:00,13.8,85,0.0,0.0,0.0,0.0,61,3600.0,3.08,6.4,2
2025-09-12 08:00:00+00:00,13.4,87,6.4,6.4,0.0,0.0,99,3600.0,4.58,9.6,63
2025-09-12 09:00:00+00:00,14.0,89,1.4,1.4,0.0,0.0,100,1754.06,3.32,9.9,61
2025-09-12 10:00:00+00:00,13.7,90,1.0,1.0,0.0,0.0,99,0.0,3.43,8.6,55
2025-09-12 11:00:00+00:00,14.0,87,0.6,0.6,0.0,0.0,66,0.0,4.4,9.2,53
2025-09-12 12:00:00+00:00,15.0,82,0.9,0.9,0.0,0.0,54,3600.0,4.11,9.3,53
2025-09-12 13:00:00+00:00,14.6,81,0.3,0.3,0.0,0.0,100,3600.0,4.32,10.4,51
2025-09-12 14:00:00+00:00,14.1,77,0.2,0.2,0.0,0.0,60,0.0,6.0,12.7,51
2025-09-12 15:00:00+00:00,14.8,73,0.0,0.0,0.0,0.0,56,3600.0,5.25,12.1,2
2025-09-12 16:00:00+00:00,13.6,85,1.1,1.1,0.0,0.0,76,3600.0,4.32,11.5,55
2025-09-12 17:00:00+00:00,12.9,86,0.0,0.0,0.0,0.0,88,3600.0,4.62,9.6,3
2025-09-12 18:00:00+00:00,12.2,90,0.0,0.0,0.0,0.0,93,0.0,4.1,9.5,3
2025-09-12 19:00:00+00:00,11.5,95,0.0,0.0,0.0,0.0,100,0.0,3.88,8.3,3
2025-09-12 20:00:00+00:00,11.4,95,0.0,0.0,0.0,0.0,93,0.0,3.22,7.8,3
2025-09-12 21:00:00+00:00,11.0,95,1.3,1.3,0.0,0.0,100,0.0,4.44,8.0,61
2025-09-12 22:00:00+00:00,11.1,96,1.2,1.2,0.0,0.0,88,0.0,4.75,9.6,55
2025-09-12 23:00:00+00:00,11.3,96,0.1,0.1,0.0,0.0,80,0.0,4.22,9.0,51
2025-09-13 00:00:00+00:00,11.1,95,0.5,0.5,0.0,0.0,23,0.0,4.27,8.9,53
2025-09-13 01:00:00+00:00,10.6,97,0.0,0.0,0.0,0.0,37,0.0,3.53,6.8,1
2025-09-13 02:00:00+00:00,10.6,96,0.0,0.0,0.0,0.0,100,0.0,3.3,7.1,3
2025-09-13 03:00:00+00:00,10.5,96,0.0,0.0,0.0,0.0,56,0.0,3.21,6.4,2
2025-09-13 04:00:00+00:00,10.3,97,0.0,0.0,0.0,0.0,38,0.0,2.51,6.3,1
2025-09-13 05:00:00+00:00,10.4,98,0.0,0.0,0.0,0.0,100,0.0,2.92,5.9,3
2025-09-13 06:00:00+00:00,10.7,97,0.1,0.1,0.0,0.0,91,0.0,3.2,6.5,51
2025-09-13 07:00:00+00:00,11.3,91,0.1,0.1,0.0,0.0,99,3094.56,4.14,8.3,51
2025-09-13 08:00:00+00:00,12.4,88,0.1,0.1,0.0,0.0,97,2653.13,3.6,9.1,51
2025-09-13 09:00:00+00:00,13.2,84,0.1,0.1,0.0,0.0,99,2003.43,3.67,8.9,51
2025-09-13 10:00:00+00:00,13.9,78,0.2,0.2,0.0,0.0,98,0.0,4.84,11.1,51
2025-09-13 11:00:00+00:00,13.9,83,5.7,5.7,0.0,0.0,99,3600.0,3.63,11.4,63
2025-09-13 12:00:00+00:00,14.8,76,0.1,0.1,0.0,0.0,95,3600.0,4.32,10.0,51
2025-09-13 13:00:00+00:00,14.7,69,0.0,0.0,0.0,0.0,87,3600.0,3.65,9.2,3
2025-09-13 14:00:00+00:00,15.0,71,0.1,0.1,0.0,0.0,100,3600.0,3.47,9.1,51
2025-09-13 15:00:00+00:00,12.5,89,3.7,3.7,0.0,0.0,99,1922.17,4.62,9.8,63
2025-09-13 16:00:00+00:00,12.9,93,0.6,0.6,0.0,0.0,99,1319.14,3.46,8.7,53
2025-09-13 17:00:00+00:00,12.6,94,0.5,0.5,0.0,0.0,100,268.21,3.48,8.0,53
2025-09-13 18:00:00+00:00,12.1,96,0.8,0.8,0.0,0.0,100,0.0,3.65,8.8,53
2025-09-13 19:00:00+00:00,11.7,95,0.8,0.8,0.0,0.0,89,0.0,3.07,8.9,53
2025-09-13 20:00:00+00:00,11.4,97,0.2,0.2,0.0,0.0,100,0.0,1.56,5.7,51
2025-09-13 21:00:00+00:00,11.3,95,0.3,0.3,0.0,0.0,96,0.0,1.59,3.4,51
2025-09-13 22:00:00+00:00,11.3,95,0.2,0.2,0.0,0.0,100,0.0,0.98,3.5,51
2025-09-13 23:00:00+00:00,11.6,94,0.1,0.1,0.0,0.0,91,0.0,2.18,3.2,51
2025-09-14 00:00:00+00:00,11.0,99,0.2,0.2,0.0,0.0,85,0.0,1.6,3.9,51
2025-09-14 01:00:00+00:00,11.0,97,0.0,0.0,0.0,0.0,100,0.0,1.6,4.9,3
2025-09-14 02:00:00+00:00,10.7,97,0.0,0.0,0.0,0.0,99,0.0,1.38,3.4,3
2025-09-14 03:00:00+00:00,10.6,97,0.4,0.4,0.0,0.0,100,0.0,1.59,3.1,51
2025-09-14 04:00:00+00:00,10.8,97,0.2,0.2,0.0,0.0,100,0.0,2.66,5.1,51
2025-09-14 05:00:00+00:00,11.2,98,0.2,0.2,0.0,0.0,100,0.0,2.6,5.3,51
2025-09-14 06:00:00+00:00,11.6,97,0.3,0.3,0.0,0.0,100,0.0,3.35,6.3,51
2025-09-14 07:00:00+00:00,12.2,92,0.1,0.1,0.0,0.0,100,0.0,3.84,7.3,51
2025-09-14 08:00:00+00:00,13.1,90,0.1,0.1,0.0,0.0,100,2359.23,3.38,8.8,51
2025-09-14 09:00:00+00:00,13.5,87,0.1,0.1,0.0,0.0,100,0.0,2.54,6.9,51
2025-09-14 10:00:00+00:00,14.5,81,0.0,0.0,0.0,0.0,100,1982.59,2.3,6.0,3
2025-09-14 11:00:00+00:00,14.7,79,0.1,0.1,0.0,0.0,100,33.67,2.83,7.1,51
2025-09-14 12:00:00+00:00,15.3,74,0.2,0.2,0.0,0.0,100,0.0,2.83,7.5,51
2025-09-14 13:00:00+00:00,14.9,86,0.0,0.0,0.0,0.0,100,2012.15,3.39,8.8,3
2025-09-14 14:00:00+00:00,15.3,81,0.3,0.3,0.0,0.0,100,0.0,3.62,7.8,51
2025-09-14 15:00:00+00:00,13.1,95,1.4,1.4,0.0,0.0,100,0.0,4.05,9.2,61
2025-09-14 16:00:00+00:00,12.7,96,0.9,0.9,0.0,0.0,100,0.0,3.37,8.0,53
2025-09-14 17:00:00+00:00,12.5,96,1.8,1.8,0.0,0.0,100,0.0,3.27,6.5,61
2025-09-14 18:00:00+00:00,12.2,97,1.0,1.0,0.0,0.0,99,0.0,3.16,6.2,55
2025-09-14 19:00:00+00:00,12.1,98,0.5,0.5,0.0,0.0,100,0.0,3.44,6.8,53
2025-09-14 20:00:00+00:00,11.9,98,0.4,0.4,0.0,0.0,87,0.0,3.04,6.8,51
2025-09-14 21:00:00+00:00,11.7,97,0.8,0.8,0.0,0.0,99,0.0,2.75,5.4,53
2025-09-14 22:00:00+00:00,11.4,95,0.5,0.5,0.0,0.0,100,0.0,2.82,5.1,53
2025-09-14 23:00:00+00:00,11.6,99,0.0,0.0,0.0,0.0,94,0.0,2.47,6.1,3
2025-09-15 00:00:00+00:00,11.5,97,0.0,0.0,0.0,0.0,93,0.0,2.31,5.1,3
2025-09-15 01:00:00+00:00,11.1,98,0.0,0.0,0.0,0.0,91,0.0,1.63,5.0,3
2025-09-15 02:00:00+00:00,10.7,99,0.0,0.0,0.0,0.0,95,0.0,1.79,3.6,3
2025-09-15 03:00:00+00:00,10.6,98,0.0,0.0,0.0,0.0,100,0.0,1.52,3.8,3
2025-09-15 04:00:00+00:00,10.2,99,0.0,0.0,0.0,0.0,90,0.0,1.48,3.1,3
2025-09-15 05:00:00+00:00,10.1,99,0.0,0.0,0.0,0.0,92,0.0,1.71,3.4,3
2025-09-15 06:00:00+00:00,10.4,96,0.0,0.0,0.0,0.0,95,0.0,1.9,4.1,3
2025-09-15 07:00:00+00:00,10.9,92,0.0,0.0,0.0,0.0,63,0.0,2.02,4.3,2
2025-09-15 08:00:00+00:00,11.9,86,0.0,0.0,0.0,0.0,88,679.23,2.04,4.6,3
2025-09-15 09:00:00+00:00,13.1,84,0.1,0.1,0.0,0.0,67,3600.0,2.06,5.8,51
2025-09-15 10:00:00+00:00,14.4,78,0.0,0.0,0.0,0.0,100,3600.0,2.42,7.0,3
2025-09-15 11:00:00+00:00,15.1,70,0.0,0.0,0.0,0.0,100,3600.0,3.64,8.8,3
2025-09-15 12:00:00+00:00,13.7,75,0.4,0.4,0.0,0.0,100,0.0,3.37,9.1,51
2025-09-15 13:00:00+00:00,12.8,89,0.4,0.4,0.0,0.0,100,0.0,4.11,8.1,51
2025-09-15 14:00:00+00:00,12.7,89,0.5,0.5,0.0,0.0,100,0.0,4.57,8.7,53
2025-09-15 15:00:00+00:00,12.0,93,5.5,5.5,0.0,0.0,100,0.0,4.26,9.0,63
2025-09-15 16:00:00+00:00,12.3,92,0.7,0.7,0.0,0.0,100,0.0,5.12,10.2,53
2025-09-15 17:00:00+00:00,12.4,94,0.2,0.2,0.0,0.0,99,0.0,5.25,10.4,51
2025-09-15 18:00:00+00:00,11.9,98,3.5,3.5,0.0,0.0,100,0.0,4.11,9.8,63
2025-09-15 19:00:00+00:00,12.0,98,0.1,0.1,0.0,0.0,100,0.0,3.4,7.8,51
2025-09-15 20:00:00+00:00,12.3,97,0.1,0.1,0.0,0.0,100,0.0,3.82,7.4,51
2025-09-15 21:00:00+00:00,12.2,97,1.2,1.2,0.0,0.0,100,0.0,3.9,7.4,55
2025-09-15 22:00:00+00:00,12.0,96,0.6,0.6,0.0,0.0,100,0.0,3.37,7.1,53
2025-09-15 23:00:00+00:00,11.9,97,0.2,0.2,0.0,0.0,99,0.0,3.19,6.3,51
2025-09-16 00:00:00+00:00,11.9,98,0.0,0.0,0.0,0.0,99,0.0,3.19,6.3,3
2025-09-16 01:00:00+00:00,12.1,96,0.3,0.3,0.0,0.0,100,0.0,2.98,6.4,51
2025-09-16 02:00:00+00:00,12.3,96,0.5,0.5,0.0,0.0,100,0.0,3.36,5.7,53
2025-09-16 03:00:00+00:00,12.2,97,0.4,0.4,0.0,0.0,100,0.0,3.93,7.2,51
2025-09-16 04:00:00+00:00,12.1,96,0.5,0.5,0.0,0.0,100,0.0,2.86,7.2,53
2025-09-16 05:00:00+00:00,12.2,96,0.1,0.1,0.0,0.0,100,0.0,2.18,5.2,51
2025-09-16 06:00:00+00:00,12.2,93,0.1,0.1,0.0,0.0,100,0.0,2.18,4.0,51
2025-09-16 07:00:00+00:00,12.6,95,0.2,0.2,0.0,0.0,100,0.0,2.11,5.1,51
2025-09-16 08:00:00+00:00,12.8,96,0.2,0.2,0.0,0.0,100,0.0,2.0,4.5,51
2025-09-16 09:00:00+00:00,13.1,92,0.6,0.6,0.0,0.0,100,0.0,1.86,4.9,53
2025-09-16 10:00:00+00:00,13.3,92,1.3,1.3,0.0,0.0,100,0.0,1.16,4.6,61
2025-09-16 11:00:00+00:00,13.6,90,1.4,1.4,0.0,0.0,100,0.0,0.97,3.9,61
2025-09-16 12:00:00+00:00,14.0,87,0.2,0.2,0.0,0.0,100,2965.05,0.75,3.8,51
2025-09-16 13:00:00+00:00,14.5,82,1.9,1.9,0.0,0.0,97,1924.35,1.56,4.1,61
2025-09-16 14:00:00+00:00,14.9,79,0.4,0.4,0.0,0.0,98,3600.0,1.44,4.4,51
2025-09-16 15:00:00+00:00,14.6,80,0.3,0.3,0.0,0.0,99,3600.0,1.61,4.4,51
2025-09-16 16:00:00+00:00,14.3,83,0.0,0.0,0.0,0.0,92,3600.0,1.3,3.9,3
2025-09-16 17:00:00+00:00,13.2,89,0.0,0.0,0.0,0.0,100,3600.0,1.23,3.0,3
2025-09-16 18:00:00+00:00,11.7,92,0.0,0.0,0.0,0.0,82,0.0,1.32,2.6,3
2025-09-16 19:00:00+00:00,11.9,91,0.0,0.0,0.0,0.0,95,0.0,0.7,2.4,3
2025-09-16 20:00:00+00:00,11.9,90,0.0,0.0,0.0,0.0,93,0.0,0.5,1.5,3
2025-09-16 21:00:00+00:00,11.8,90,0.0,0.0,0.0,0.0,31,0.0,0.3,1.1,1
2025-09-16 22:00:00+00:00,11.6,91,0.0,0.0,0.0,0.0,10,0.0,0.16,0.8,0
2025-09-16 23:00:00+00:00,11.0,95,0.0,0.0,0.0,0.0,3,0.0,0.22,1.0,0
2025-09-17 00:00:00+00:00,10.0,100,0.0,0.0,0.0,0.0,100,0.0,0.32,1.2,3
2025-09-17 01:00:00+00:00,10.4,100,0.0,0.0,0.0,0.0,99,0.0,0.96,2.3,3
2025-09-17 02:00:00+00:00,10.0,99,0.0,0.0,0.0,0.0,97,0.0,1.1,2.5,3
2025-09-17 03:00:00+00:00,10.1,96,0.0,0.0,0.0,0.0,71,0.0,0.83,2.6,2
2025-09-17 04:00:00+00:00,9.7,98,0.0,0.0,0.0,0.0,54,0.0,0.85,2.0,2
2025-09-17 05:00:00+00:00,9.7,100,0.0,0.0,0.0,0.0,39,0.0,0.5,1.9,1
2025-09-17 06:00:00+00:00,10.8,98,0.0,0.0,0.0,0.0,34,3600.0,0.34,1.5,1
2025-09-17 07:00:00+00:00,12.2,95,0.0,0.0,0.0,0.0,38,3600.0,0.76,2.4,1
2025-09-17 08:00:00+00:00,13.5,85,0.0,0.0,0.0,0.0,14,3600.0,0.76,3.0,0
2025-09-17 09:00:00+00:00,14.9,75,0.0,0.0,0.0,0.0,4,3600.0,1.21,4.0,0
2025-09-17 10:00:00+00:00,16.2,67,0.0,0.0,0.0,0.0,1,3600.0,1.81,5.1,0
2025-09-17 11:00:00+00:00,17.2,60,0.0,0.0,0.0,0.0,4,3600.0,2.0,5.5,0
2025-09-17 12:00:00+00:00,17.7,53,0.0,0.0,0.0,0.0,7,3600.0,2.32,5.9,0
2025-09-17 13:00:00+00:00,17.9,50,0.0,0.0,0.0,0.0,12,3600.0,2.73,6.5,0
2025-09-17 14:00:00+00:00,18.2,48,0.0,0.0,0.0,0.0,18,3600.0,2.34,6.5,0
2025-09-17 15:00:00+00:00,18.2,48,0.0,0.0,0.0,0.0,1,3600.0,1.36,5.3,0
2025-09-17 16:00:00+00:00,17.4,57,0.0,0.0,0.0,0.0,0,3600.0,0.98,3.0,0
2025-09-17 17:00:00+00:00,15.3,62,0.0,0.0,0.0,0.0,0,3600.0,1.81,3.2,0
2025-09-17 18:00:00+00:00,14.5,70,0.0,0.0,0.0,0.0,0,182.01,2.92,5.5,0
2025-09-17 19:00:00+00:00,13.0,81,0.0,0.0,0.0,0.0,2,0.0,1.97,5.4,0
2025-09-17 20:00:00+00:00,11.7,86,0.0,0.0,0.0,0.0,2,0.0,1.49,3.8,0
2025-09-17 21:00:00+00:00,11.1,86,0.0,0.0,0.0,0.0,10,0.0,1.24,2.9,0
2025-09-17 22:00:00+00:00,10.9,87,0.0,0.0,0.0,0.0,5,0.0,1.13,2.4,0
2025-09-17 23:00:00+00:00,10.5,90,0.0,0.0,0.0,0.0,10,0.0,1.15,2.3,0
2025-09-18 00:00:00+00:00,9.9,94,0.0,0.0,0.0,0.0,2,0.0,1.18,2.3,0
2025-09-18 01:00:00+00:00,8.8,98,0.0,0.0,0.0,0.0,35,0.0,1.3,2.7,1
2025-09-18 02:00:00+00:00,9.6,100,0.0,0.0,0.0,0.0,100,0.0,1.5,3.1,3
2025-09-18 03:00:00+00:00,9.8,100,0.0,0.0,0.0,0.0,92,0.0,1.5,3.2,3
2025-09-18 04:00:00+00:00,9.0,99,0.0,0.0,0.0,0.0,67,0.0,0.92,3.1,2
2025-09-18 05:00:00+00:00,9.3,98,0.0,0.0,0.0,0.0,53,0.0,1.3,2.9,2
2025-09-18 06:00:00+00:00,10.1,90,0.0,0.0,0.0,0.0,26,2170.67,2.29,4.8,1
2025-09-18 07:00:00+00:00,11.4,82,0.0,0.0,0.0,0.0,100,3600.0,2.33,5.2,3
2025-09-18 08:00:00+00:00,12.2,80,0.1,0.1,0.0,0.0,99,0.0,2.4,6.1,51
2025-09-18 09:00:00+00:00,12.5,84,0.5,0.5,0.0,0.0,86,0.0,1.77,5.3,53
2025-09-18 10:00:00+00:00,13.9,86,0.0,0.0,0.0,0.0,78,3600.0,2.0,5.2,2
2025-09-18 11:00:00+00:00,15.2,78,0.1,0.1,0.0,0.0,43,170.54,3.22,6.9,51
2025-09-18 12:00:00+00:00,16.5,71,0.1,0.1,0.0,0.0,21,3600.0,3.96,8.6,51
2025-09-18 13:00:00+00:00,16.9,66,0.1,0.1,0.0,0.0,28,3600.0,3.93,9.2,51
2025-09-18 14:00:00+00:00,17.4,61,0.0,0.0,0.0,0.0,18,3600.0,4.65,10.4,0
2025-09-18 15:00:00+00:00,17.7,57,0.0,0.0,0.0,0.0,18,3600.0,4.86,11.5,0
2025-09-18 16:00:00+00:00,17.1,57,0.0,0.0,0.0,0.0,20,3600.0,4.29,10.7,1
2025-09-18 17:00:00+00:00,16.0,60,0.0,0.0,0.0,0.0,12,3600.0,3.63,8.8,0
2025-09-18 18:00:00+00:00,14.8,66,0.0,0.0,0.0,0.0,41,0.0,3.54,7.3,1
2025-09-18 19:00:00+00:00,14.1,70,0.0,0.0,0.0,0.0,9,0.0,3.62,7.2,0
2025-09-18 20:00:00+00:00,13.4,74,0.0,0.0,0.0,0.0,7,0.0,3.52,7.3,0
2025-09-18 21:00:00+00:00,12.9,77,0.0,0.0,0.0,0.0,16,0.0,3.47,7.3,0
2025-09-18 22:00:00+00:00,12.6,79,0.0,0.0,0.0,0.0,18,0.0,2.93,6.9,0
2025-09-18 23:00:00+00:00,12.3,81,0.0,0.0,0.0,0.0,26,0.0,3.02,6.1,1
2025-09-19 00:00:00+00:00,12.1,84,0.0,0.0,0.0,0.0,11,0.0,3.22,6.7,0
2025-09-19 01:00:00+00:00,11.9,86,0.0,0.0,0.0,0.0,16,0.0,2.84,7.1,0
2025-09-19 02:00:00+00:00,12.0,87,0.0,0.0,0.0,0.0,9,0.0,2.85,6.0,0
2025-09-19 03:00:00+00:00,11.6,89,0.0,0.0,0.0,0.0,3,0.0,1.81,5.9,0
2025-09-19 04:00:00+00:00,11.7,89,0.0,0.0,0.0,0.0,2,0.0,2.06,4.2,0
2025-09-19 05:00:00+00:00,11.9,88,0.0,0.0,0.0,0.0,32,0.0,2.42,4.9,1
2025-09-19 06:00:00+00:00,12.7,84,0.0,0.0,0.0,0.0,29,3528.71,2.44,5.0,1
2025-09-19 07:00:00+00:00,14.0,80,0.0,0.0,0.0,0.0,100,3600.0,2.24,4.8,3
2025-09-19 08:00:00+00:00,15.2,73,0.0,0.0,0.0,0.0,96,3600.0,2.62,6.0,3
2025-09-19 09:00:00+00:00,16.4,67,0.0,0.0,0.0,0.0,100,3600.0,2.77,6.4,3
2025-09-19 10:00:00+00:00,17.2,63,0.0,0.0,0.0,0.0,100,3600.0,3.28,7.3,3
2025-09-19 11:00:00+00:00,17.9,59,0.0,0.0,0.0,0.0,100,3600.0,3.09,7.6,3
2025-09-19 12:00:00+00:00,18.4,57,0.0,0.0,0.0,0.0,100,3600.0,3.02,7.1,3
2025-09-19 13:00:00+00:00,17.1,64,0.0,0.0,0.0,0.0,100,0.0,3.19,7.4,3
2025-09-19 14:00:00+00:00,15.8,71,0.0,0.0,0.0,0.0,100,0.0,3.69,7.6,3
2025-09-19 15:00:00+00:00,15.0,74,0.0,0.0,0.0,0.0,100,0.0,4.3,8.3,3
2025-09-19 16:00:00+00:00,14.3,82,0.1,0.1,0.0,0.0,100,0.0,3.21,9.2,51
2025-09-19 17:00:00+00:00,14.5,90,0.0,0.0,0.0,0.0,100,0.0,3.95,7.9,3
2025-09-19 18:00:00+00:00,15.2,93,0.0,0.0,0.0,0.0,100,0.0,4.13,8.3,3
2025-09-19 19:00:00+00:00,15.6,93,0.0,0.0,0.0,0.0,100,0.0,4.94,10.0,3
2025-09-19 20:00:00+00:00,15.7,93,0.0,0.0,0.0,0.0,100,0.0,5.78,11.6,3
2025-09-19 21:00:00+00:00,15.6,93,0.0,0.0,0.0,0.0,100,0.0,6.0,12.4,3
2025-09-19 22:00:00+00:00,15.5,93,0.0,0.0,0.0,0.0,100,0.0,5.65,12.2,3
2025-09-19 23:00:00+00:00,15.4,93,0.0,0.0,0.0,0.0,100,0.0,5.05,11.6,3
2025-09-20 00:00:00+00:00,15.4,93,0.0,0.0,0.0,0.0,100,0.0,5.03,10.2,3
2025-09-20 01:00:00+00:00,15.1,92,0.0,0.0,0.0,0.0,100,0.0,3.7,8.8,3
2025-09-20 02:00:00+00:00,14.9,93,0.0,0.0,0.0,0.0,100,0.0,3.25,7.4,3
2025-09-20 03:00:00+00:00,14.8,95,0.0,0.0,0.0,0.0,99,0.0,3.1,6.7,3
2025-09-20 04:00:00+00:00,14.7,95,0.0,0.0,0.0,0.0,98,0.0,2.65,6.3,3
2025-09-20 05:00:00+00:00,14.3,96,0.0,0.0,0.0,0.0,100,0.0,2.12,5.4,3
2025-09-20 06:00:00+00:00,14.3,95,0.0,0.0,0.0,0.0,100,0.0,2.47,5.1,3
2025-09-20 07:00:00+00:00,14.5,92,0.0,0.0,0.0,0.0,100,0.0,2.3,5.4,3
2025-09-20 08:00:00+00:00,14.6,91,0.0,0.0,0.0,0.0,100,0.0,2.69,5.6,3
2025-09-20 09:00:00+00:00,14.9,90,0.0,0.0,0.0,0.0,100,0.0,3.04,6.4,3
2025-09-20 10:00:00+00:00,15.6,85,0.0,0.0,0.0,0.0,100,0.0,2.75,6.8,3
2025-09-20 11:00:00+00:00,15.6,86,0.0,0.0,0.0,0.0,100,0.0,2.79,6.1,3
2025-09-20 12:00:00+00:00,16.3,77,0.0,0.0,0.0,0.0,100,0.0,3.74,8.0,3
2025-09-20 13:00:00+00:00,15.7,81,0.1,0.1,0.0,0.0,100,0.0,3.1,6.7,51
2025-09-20 14:00:00+00:00,15.0,87,0.4,0.4,0.0,0.0,100,0.0,3.04,6.5,51
2025-09-20 15:00:00+00:00,14.0,95,0.8,0.8,0.0,0.0,100,0.0,1.75,6.1,53
2025-09-20 16:00:00+00:00,13.7,96,1.3,1.3,0.0,0.0,100,0.0,1.39,3.4,61
2025-09-20 17:00:00+00:00,13.6,96,0.5,0.5,0.0,0.0,100,0.0,0.74,2.8,53
2025-09-20 18:00:00+00:00,13.6,96,0.1,0.1,0.0,0.0,100,0.0,0.54,1.4,51
2025-09-20 19:00:00+00:00,13.6,96,0.1,0.1,0.0,0.0,100,0.0,0.57,1.2,51
2025-09-20 20:00:00+00:00,13.5,96,0.1,0.1,0.0,0.0,100,0.0,0.5,1.4,51
2025-09-20 21:00:00+00:00,13.3,96,0.0,0.0,0.0,0.0,100,0.0,0.57,1.3,3
2025-09-20 22:00:00+00:00,13.2,96,0.0,0.0,0.0,0.0,100,0.0,0.82,1.8,3
2025-09-20 23:00:00+00:00,13.3,94,0.0,0.0,0.0,0.0,38,0.0,1.14,2.2,1
2025-09-21 00:00:00+00:00,12.9,97,0.0,0.0,0.0,0.0,99,0.0,1.26,2.8,3
2025-09-21 01:00:00+00:00,12.5,95,0.0,0.0,0.0,0.0,100,0.0,1.68,3.3,3
2025-09-21 02:00:00+00:00,12.8,96,0.0,0.0,0.0,0.0,100,0.0,2.12,4.0,3
2025-09-21 03:00:00+00:00,13.1,98,0.2,0.2,0.0,0.0,100,0.0,3.27,6.5,51
2025-09-21 04:00:00+00:00,13.2,96,0.0,0.0,0.0,0.0,69,0.0,4.16,8.1,2
2025-09-21 05:00:00+00:00,12.4,95,0.0,0.0,0.0,0.0,76,0.0,3.84,8.2,2
2025-09-21 06:00:00+00:00,12.4,94,0.0,0.0,0.0,0.0,56,664.93,3.53,7.9,2
2025-09-21 07:00:00+00:00,12.8,90,0.0,0.0,0.0,0.0,49,3600.0,2.65,6.9,1
2025-09-21 08:00:00+00:00,13.3,86,0.0,0.0,0.0,0.0,82,3600.0,2.8,6.4,3
2025-09-21 09:00:00+00:00,13.9,83,0.1,0.1,0.0,0.0,54,3600.0,2.99,6.9,51
2025-09-21 10:00:00+00:00,13.2,80,0.5,0.5,0.0,0.0,90,3600.0,4.03,9.1,53
2025-09-21 11:00:00+00:00,12.9,67,0.0,0.0,0.0,0.0,100,476.97,2.72,9.2,3
2025-09-21 12:00:00+00:00,12.7,65,0.0,0.0,0.0,0.0,95,0.0,2.18,6.3,3
2025-09-21 13:00:00+00:00,12.6,76,0.2,0.2,0.0,0.0,95,0.0,2.38,4.8,51
2025-09-21 14:00:00+00:00,13.7,61,0.0,0.0,0.0,0.0,38,3600.0,2.53,5.8,1
2025-09-21 15:00:00+00:00,14.6,50,0.0,0.0,0.0,0.0,43,3600.0,2.45,5.9,1
2025-09-21 16:00:00+00:00,13.5,56,0.0,0.0,0.0,0.0,76,3600.0,2.97,6.3,2
2025-09-21 17:00:00+00:00,12.5,64,0.0,0.0,0.0,0.0,94,0.0,1.75,6.2,3
2025-09-21 18:00:00+00:00,11.3,74,0.3,0.3,0.0,0.0,83,0.0,3.01,6.1,51
2025-09-21 19:00:00+00:00,10.5,78,0.0,0.0,0.0,0.0,99,0.0,1.5,6.0,3
2025-09-21 20:00:00+00:00,10.3,86,0.0,0.0,0.0,0.0,54,0.0,1.92,3.9,2
2025-09-21 21:00:00+00:00,10.7,81,0.0,0.0,0.0,0.0,30,0.0,3.1,5.8,1
2025-09-21 22:00:00+00:00,10.0,72,0.0,0.0,0.0,0.0,2,0.0,3.89,7.9,0
2025-09-21 23:00:00+00:00,9.5,68,0.0,0.0,0.0,0.0,0,0.0,3.46,7.9,0
2025-09-22 00:00:00+00:00,9.1,69,0.0,0.0,0.0,0.0,0,0.0,2.61,7.0,0
2025-09-22 01:00:00+00:00,8.2,77,0.0,0.0,0.0,0.0,28,0.0,1.95,5.7,1
2025-09-22 02:00:00+00:00,8.3,77,0.0,0.0,0.0,0.0,92,0.0,2.05,4.4,3
2025-09-22 03:00:00+00:00,8.7,72,0.0,0.0,0.0,0.0,96,0.0,2.62,5.4,3
2025-09-22 04:00:00+00:00,8.9,67,0.0,0.0,0.0,0.0,81,0.0,3.24,6.7,3
2025-09-22 05:00:00+00:00,8.5,66,0.0,0.0,0.0,0.0,35,0.0,2.96,6.7,1
2025-09-22 06:00:00+00:00,8.3,67,0.0,0.0,0.0,0.0,13,3111.35,2.84,6.2,0
2025-09-22 07:00:00+00:00,9.0,59,0.0,0.0,0.0,0.0,9,3600.0,2.89,6.3,0
2025-09-22 08:00:00+00:00,9.9,52,0.0,0.0,0.0,0.0,12,3600.0,3.39,7.7,0
2025-09-22 09:00:00+00:00,10.8,47,0.0,0.0,0.0,0.0,5,3600.0,3.51,8.3,0
2025-09-22 10:00:00+00:00,11.5,45,0.0,0.0,0.0,0.0,1,3600.0,3.48,8.2,0
2025-09-22 11:00:00+00:00,12.0,44,0.0,0.0,0.0,0.0,0,3600.0,3.71,8.8,0
2025-09-22 12:00:00+00:00,12.5,41,0.0,0.0,0.0,0.0,0,3600.0,3.86,9.1,0
2025-09-22 13:00:00+00:00,12.6,41,0.0,0.0,0.0,0.0,17,3600.0,2.89,7.9,0
2025-09-22 14:00:00+00:00,12.7,39,0.0,0.0,0.0,0.0,7,3600.0,3.08,7.4,0
2025-09-22 15:00:00+00:00,12.5,38,0.0,0.0,0.0,0.0,11,3600.0,3.0,7.3,0
2025-09-22 16:00:00+00:00,11.8,48,0.0,0.0,0.0,0.0,17,3600.0,1.87,6.6,0
2025-09-22 17:00:00+00:00,10.1,59,0.0,0.0,0.0,0.0,13,3600.0,1.82,3.9,0
2025-09-22 18:00:00+00:00,9.9,61,0.0,0.0,0.0,0.0,3,0.0,2.13,4.5,0
2025-09-22 19:00:00+00:00,8.5,69,0.0,0.0,0.0,0.0,0,0.0,1.84,4.4,0
2025-09-22 20:00:00+00:00,8.4,71,0.0,0.0,0.0,0.0,0,0.0,2.02,4.3,0
2025-09-22 21:00:00+00:00,8.2,69,0.0,0.0,0.0,0.0,0,0.0,2.38,4.9,0
2025-09-22 22:00:00+00:00,7.4,73,0.0,0.0,0.0,0.0,0,0.0,1.83,5.0,0
2025-09-22 23:00:00+00:00,6.2,81,0.0,0.0,0.0,0.0,0,0.0,1.39,4.1,0
2025-09-23 00:00:00+00:00,5.9,79,0.0,0.0,0.0,0.0,0,0.0,1.21,3.2,0
2025-09-23 01:00:00+00:00,4.4,78,0.0,0.0,0.0,0.0,0,0.0,1.08,3.1,0
2025-09-23 02:00:00+00:00,4.4,79,0.0,0.0,0.0,0.0,0,0.0,0.89,2.8,0
2025-09-23 03:00:00+00:00,4.6,79,0.0,0.0,0.0,0.0,0,0.0,0.74,2.5,0
2025-09-23 04:00:00+00:00,4.5,81,0.0,0.0,0.0,0.0,0,0.0,0.76,2.3,0
2025-09-23 05:00:00+00:00,4.5,81,0.0,0.0,0.0,0.0,0,0.0,0.67,2.3,0
2025-09-23 06:00:00+00:00,5.3,82,0.0,0.0,0.0,0.0,0,2972.44,0.76,2.2,0
2025-09-23 07:00:00+00:00,7.7,75,0.0,0.0,0.0,0.0,0,3600.0,1.03,2.6,0
2025-09-23 08:00:00+00:00,8.9,67,0.0,0.0,0.0,0.0,0,3600.0,0.92,3.2,0
2025-09-23 09:00:00+00:00,10.4,58,0.0,0.0,0.0,0.0,0,3600.0,1.52,4.5,0
2025-09-23 10:00:00+00:00,11.6,49,0.0,0.0,0.0,0.0,0,3600.0,1.5,4.8,0
2025-09-23 11:00:00+00:00,12.4,45,0.0,0.0,0.0,0.0,2,3600.0,1.47,4.7,0
2025-09-23 12:00:00+00:00,12.9,43,0.0,0.0,0.0,0.0,46,3600.0,1.45,4.7,1
2025-09-23 13:00:00+00:00,13.0,44,0.0,0.0,0.0,0.0,89,3600.0,1.31,4.1,3
2025-09-23 14:00:00+00:00,13.2,43,0.0,0.0,0.0,0.0,69,3600.0,1.53,4.2,2
2025-09-23 15:00:00+00:00,13.0,41,0.0,0.0,0.0,0.0,98,3600.0,2.07,4.8,3
2025-09-23 16:00:00+00:00,11.9,53,0.0,0.0,0.0,0.0,66,3600.0,2.02,4.8,2
2025-09-23 17:00:00+00:00,9.8,62,0.0,0.0,0.0,0.0,100,3600.0,1.73,4.2,3
2025-09-23 18:00:00+00:00,8.7,72,0.0,0.0,0.0,0.0,99,0.0,1.44,3.5,3
2025-09-23 19:00:00+00:00,8.5,74,0.0,0.0,0.0,0.0,100,0.0,1.27,2.7,3
2025-09-23 20:00:00+00:00,8.4,76,0.0,0.0,0.0,0.0,100,0.0,1.57,3.1,3
2025-09-23 21:00:00+00:00,8.1,76,0.0,0.0,0.0,0.0,100,0.0,1.48,3.3,3
2025-09-23 22:00:00+00:00,8.0,77,0.0,0.0,0.0,0.0,100,0.0,1.45,3.1,3
2025-09-23 23:00:00+00:00,7.8,76,0.0,0.0,0.0,0.0,99,0.0,1.38,3.0,3
2025-09-24 00:00:00+00:00,7.5,77,0.0,0.0,0.0,0.0,100,0.0,1.22,2.9,3
2025-09-24 01:00:00+00:00,6.0,83,0.0,0.0,0.0,0.0,100,0.0,0.69,2.3,3
2025-09-24 02:00:00+00:00,6.3,86,0.0,0.0,0.0,0.0,100,0.0,0.27,1.9,3
2025-09-24 03:00:00+00:00,6.2,88,0.0,0.0,0.0,0.0,100,0.0,0.16,1.2,3
2025-09-24 04:00:00+00:00,5.8,94,0.0,0.0,0.0,0.0,28,0.0,0.05,1.0,1
2025-09-24 05:00:00+00:00,4.6,100,0.0,0.0,0.0,0.0,28,0.0,0.54,1.5,1
2025-09-24 06:00:00+00:00,5.1,100,0.0,0.0,0.0,0.0,100,1793.99,1.36,2.7,3
2025-09-24 07:00:00+00:00,5.9,99,0.0,0.0,0.0,0.0,11,3600.0,1.56,3.8,0
2025-09-24 08:00:00+00:00,8.1,78,0.0,0.0,0.0,0.0,0,3600.0,0.78,3.7,0
2025-09-24 09:00:00+00:00,10.0,65,0.0,0.0,0.0,0.0,0,3600.0,0.36,3.1,0
2025-09-24 10:00:00+00:00,11.3,56,0.0,0.0,0.0,0.0,1,3600.0,0.18,2.8,0
2025-09-24 11:00:00+00:00,12.2,51,0.0,0.0,0.0,0.0,7,3600.0,0.18,2.7,0
2025-09-24 12:00:00+00:00,12.8,47,0.0,0.0,0.0,0.0,0,3600.0,0.49,3.1,0
2025-09-24 13:00:00+00:00,13.8,43,0.0,0.0,0.0,0.0,0,3600.0,0.43,2.9,0
2025-09-24 14:00:00+00:00,13.9,43,0.0,0.0,0.0,0.0,0,3600.0,1.07,3.3,0
2025-09-24 15:00:00+00:00,13.4,47,0.0,0.0,0.0,0.0,0,3600.0,1.71,4.1,0
2025-09-24 16:00:00+00:00,12.1,62,0.0,0.0,0.0,0.0,0,3600.0,1.24,4.1,0
2025-09-24 17:00:00+00:00,10.3,71,0.0,0.0,0.0,0.0,0,3600.0,0.25,2.5,0
2025-09-24 18:00:00+00:00,9.7,71,0.0,0.0,0.0,0.0,0,0.0,0.05,0.7,0
2025-09-24 19:00:00+00:00,9.0,79,0.0,0.0,0.0,0.0,0,0.0,0.2,0.9,0
2025-09-24 20:00:00+00:00,8.4,85,0.0,0.0,0.0,0.0,0,0.0,0.25,1.0,0
2025-09-24 21:00:00+00:00,8.0,89,0.0,0.0,0.0,0.0,0,0.0,0.21,0.9,0
2025-09-24 22:00:00+00:00,7.6,90,0.0,0.0,0.0,0.0,0,0.0,0.34,1.1,0
2025-09-24 23:00:00+00:00,7.1,89,0.0,0.0,0.0,0.0,0,0.0,0.56,1.4,0
2025-09-25 00:00:00+00:00,6.8,89,0.0,0.0,0.0,0.0,0,0.0,0.63,1.6,0
2025-09-25 01:00:00+00:00,3.9,100,0.0,0.0,0.0,0.0,100,0.0,0.41,1.5,3
2025-09-25 02:00:00+00:00,3.9,100,0.0,0.0,0.0,0.0,100,0.0,0.51,1.7,3
2025-09-25 03:00:00+00:00,3.8,100,0.0,0.0,0.0,0.0,100,0.0,0.95,2.6,3
2025-09-25 04:00:00+00:00,3.9,100,0.0,0.0,0.0,0.0,100,0.0,1.05,2.6,3
2025-09-25 05:00:00+00:00,3.8,100,0.0,0.0,0.0,0.0,100,0.0,0.82,2.6,3
2025-09-25 06:00:00+00:00,4.2,100,0.0,0.0,0.0,0.0,100,29.84,0.92,2.4,3
2025-09-25 07:00:00+00:00,5.8,96,0.0,0.0,0.0,0.0,99,3086.1,0.68,2.6,3
2025-09-25 08:00:00+00:00,7.3,94,0.0,0.0,0.0,0.0,83,3600.0,0.16,2.5,3
2025-09-25 09:00:00+00:00,8.8,87,0.0,0.0,0.0,0.0,97,3600.0,0.47,2.9,3
2025-09-25 10:00:00+00:00,10.1,80,0.0,0.0,0.0,0.0,97,3600.0,0.69,3.5,3
2025-09-25 11:00:00+00:00,11.4,73,0.0,0.0,0.0,0.0,4,3600.0,1.03,4.1,0
2025-09-25 12:00:00+00:00,12.7,68,0.0,0.0,0.0,0.0,0,3600.0,1.26,4.3,0
2025-09-25 13:00:00+00:00,14.5,58,0.0,0.0,0.0,0.0,0,3600.0,2.15,5.5,0
2025-09-25 14:00:00+00:00,14.7,55,0.0,0.0,0.0,0.0,0,3600.0,2.36,5.6,0
2025-09-25 15:00:00+00:00,14.3,57,0.0,0.0,0.0,0.0,0,3600.0,2.4,5.5,0
2025-09-25 16:00:00+00:00,13.0,66,0.0,0.0,0.0,0.0,0,3600.0,2.06,5.1,0
2025-09-25 17:00:00+00:00,10.9,73,0.0,0.0,0.0,0.0,0,3600.0,2.05,4.1,0
2025-09-25 18:00:00+00:00,9.6,80,0.0,0.0,0.0,0.0,0,0.0,2.02,4.2,0
2025-09-25 19:00:00+00:00,8.8,88,0.0,0.0,0.0,0.0,0,0.0,1.76,4.1,0
2025-09-25 20:00:00+00:00,8.4,92,0.0,0.0,0.0,0.0,0,0.0,1.62,3.5,0
2025-09-25 21:00:00+00:00,8.1,92,0.0,0.0,0.0,0.0,0,0.0,1.58,3.3,0
2025-09-25 22:00:00+00:00,7.3,94,0.0,0.0,0.0,0.0,5,0.0,1.39,3.2,0
2025-09-25 23:00:00+00:00,6.9,95,0.0,0.0,0.0,0.0,5,0.0,1.19,2.9,0
2025-09-26 00:00:00+00:00,6.7,95,0.0,0.0,0.0,0.0,10,0.0,1.19,2.6,0
2025-09-26 01:00:00+00:00,5.1,100,0.0,0.0,0.0,0.0,99,0.0,0.97,2.2,3
2025-09-26 02:00:00+00:00,5.1,100,0.0,0.0,0.0,0.0,100,0.0,0.81,2.1,3
2025-09-26 03:00:00+00:00,5.4,100,0.0,0.0,0.0,0.0,100,0.0,0.8,2.0,3
2025-09-26 04:00:00+00:00,6.0,100,0.0,0.0,0.0,0.0,100,0.0,0.91,2.2,3
2025-09-26 05:00:00+00:00,6.1,99,0.0,0.0,0.0,0.0,100,0.0,1.09,2.5,3
2025-09-26 06:00:00+00:00,6.3,99,0.0,0.0,0.0,0.0,100,0.0,1.37,3.2,3
2025-09-26 07:00:00+00:00,6.7,98,0.0,0.0,0.0,0.0,100,0.0,1.04,3.3,3
2025-09-26 08:00:00+00:00,7.4,97,0.0,0.0,0.0,0.0,100,0.0,0.49,3.1,3
2025-09-26 09:00:00+00:00,8.4,95,0.0,0.0,0.0,0.0,100,1569.59,0.25,2.6,3
2025-09-26 10:00:00+00:00,9.4,88,0.0,0.0,0.0,0.0,100,2623.12,0.28,2.8,3
2025-09-26 11:00:00+00:00,10.7,81,0.0,0.0,0.0,0.0,43,3600.0,0.43,3.3,1
2025-09-26 12:00:00+00:00,12.0,73,0.0,0.0,0.0,0.0,11,3600.0,0.41,3.3,0
2025-09-26 13:00:00+00:00,12.6,74,0.0,0.0,0.0,0.0,5,3600.0,0.32,3.0,0
2025-09-26 14:00:00+00:00,13.4,70,0.0,0.0,0.0,0.0,1,3600.0,0.53,2.9,0
2025-09-26 15:00:00+00:00,13.6,70,0.0,0.0,0.0,0.0,0,3600.0,0.67,2.8,0
2025-09-26 16:00:00+00:00,12.3,82,0.0,0.0,0.0,0.0,0,3600.0,0.53,2.3,0
2025-09-26 17:00:00+00:00,10.3,84,0.0,0.0,0.0,0.0,0,3447.84,0.15,0.8,0
2025-09-26 18:00:00+00:00,9.2,88,0.0,0.0,0.0,0.0,0,0.0,0.32,1.1,0
2025-09-26 19:00:00+00:00,7.8,94,0.0,0.0,0.0,0.0,0,0.0,0.97,2.0,0
2025-09-26 20:00:00+00:00,7.1,97,0.0,0.0,0.0,0.0,0,0.0,1.24,2.6,0
2025-09-26 21:00:00+00:00,7.2,96,0.0,0.0,0.0,0.0,0,0.0,1.44,3.0,0
2025-09-26 22:00:00+00:00,7.0,96,0.0,0.0,0.0,0.0,3,0.0,1.52,3.1,0
2025-09-26 23:00:00+00:00,6.8,98,0.0,0.0,0.0,0.0,27,0.0,1.5,3.2,1
2025-09-27 00:00:00+00:00,6.6,100,0.0,0.0,0.0,0.0,100,0.0,1.59,3.2,3
2025-09-27 01:00:00+00:00,5.1,99,0.0,0.0,0.0,0.0,100,0.0,2.13,4.4,3
2025-09-27 02:00:00+00:00,5.0,97,0.0,0.0,0.0,0.0,100,0.0,2.41,4.6,3
2025-09-27 03:00:00+00:00,4.8,96,0.0,0.0,0.0,0.0,100,0.0,2.34,5.1,3
2025-09-27 04:00:00+00:00,4.8,96,0.0,0.0,0.0,0.0,100,0.0,2.38,5.0,3
2025-09-27 05:00:00+00:00,4.7,96,0.0,0.0,0.0,0.0,100,0.0,2.48,5.3,3
2025-09-27 06:00:00+00:00,4.7,98,0.0,0.0,0.0,0.0,100,172.47,2.58,5.3,3
2025-09-27 07:00:00+00:00,5.2,98,0.0,0.0,0.0,0.0,100,3600.0,2.48,5.7,3
2025-09-27 08:00:00+00:00,6.7,94,0.0,0.0,0.0,0.0,100,3600.0,2.26,5.6,3
2025-09-27 09:00:00+00:00,8.6,88,0.0,0.0,0.0,0.0,53,3600.0,1.91,5.6,2
2025-09-27 10:00:00+00:00,10.3,82,0.0,0.0,0.0,0.0,20,3600.0,1.69,5.2,1
2025-09-27 11:00:00+00:00,12.0,75,0.0,0.0,0.0,0.0,6,3600.0,1.7,5.2,0
2025-09-27 12:00:00+00:00,13.4,69,0.0,0.0,0.0,0.0,1,3600.0,1.43,5.1,0
2025-09-27 13:00:00+00:00,14.8,66,0.0,0.0,0.0,0.0,24,3600.0,1.28,4.2,1
2025-09-27 14:00:00+00:00,15.4,64,0.0,0.0,0.0,0.0,66,3600.0,1.27,4.0,2
2025-09-27 15:00:00+00:00,15.5,64,0.0,0.0,0.0,0.0,75,3600.0,1.18,3.5,2
2025-09-27 16:00:00+00:00,13.7,77,0.0,0.0,0.0,0.0,99,3600.0,0.91,2.4,3
2025-09-27 17:00:00+00:00,10.9,83,0.0,0.0,0.0,0.0,100,2060.21,1.13,2.0,3
2025-09-27 18:00:00+00:00,10.2,88,0.0,0.0,0.0,0.0,100,0.0,1.42,2.7,3
2025-09-27 19:00:00+00:00,10.0,89,0.0,0.0,0.0,0.0,100,0.0,1.45,3.0,3
2025-09-27 20:00:00+00:00,9.4,89,0.0,0.0,0.0,0.0,100,0.0,1.46,2.9,3
2025-09-27 21:00:00+00:00,9.1,90,0.0,0.0,0.0,0.0,100,0.0,1.32,2.9,3
2025-09-27 22:00:00+00:00,8.5,92,0.0,0.0,0.0,0.0,76,0.0,1.28,2.6,2
2025-09-27 23:00:00+00:00,7.8,93,0.0,0.0,0.0,0.0,41,0.0,1.45,2.9,1
2025-09-28 00:00:00+00:00,7.5,94,0.0,0.0,0.0,0.0,88,0.0,1.49,3.1,3
2025-09-28 01:00:00+00:00,7.3,94,0.0,0.0,0.0,0.0,48,0.0,1.81,3.7,1
2025-09-28 02:00:00+00:00,7.1,95,0.0,0.0,0.0,0.0,65,0.0,2.07,4.1,2
2025-09-28 03:00:00+00:00,6.9,95,0.0,0.0,0.0,0.0,83,0.0,2.02,4.3,3
2025-09-28 04:00:00+00:00,7.0,95,0.0,0.0,0.0,0.0,66,0.0,2.02,4.1,2
2025-09-28 05:00:00+00:00,6.8,95,0.0,0.0,0.0,0.0,43,0.0,2.46,4.8,1
2025-09-28 06:00:00+00:00,6.9,96,0.0,0.0,0.0,0.0,35,704.81,2.52,5.1,1
2025-09-28 07:00:00+00:00,8.0,92,0.0,0.0,0.0,0.0,26,3600.0,2.01,4.9,1
2025-09-28 08:00:00+00:00,9.5,86,0.0,0.0,0.0,0.0,12,3600.0,1.92,4.7,0
2025-09-28 09:00:00+00:00,11.1,79,0.0,0.0,0.0,0.0,1,3600.0,2.05,5.3,0
2025-09-28 10:00:00+00:00,12.7,74,0.0,0.0,0.0,0.0,30,3600.0,1.63,5.4,1
2025-09-28 11:00:00+00:00,14.3,66,0.0,0.0,0.0,0.0,43,3600.0,1.2,4.7,1
2025-09-28 12:00:00+00:00,15.2,59,0.0,0.0,0.0,0.0,13,3600.0,0.82,3.9,0
2025-09-28 13:00:00+00:00,13.7,67,0.0,0.0,0.0,0.0,100,962.62,2.25,5.7,3
2025-09-28 14:00:00+00:00,14.1,61,0.0,0.0,0.0,0.0,88,2549.37,2.83,6.2,3
2025-09-28 15:00:00+00:00,14.2,63,0.0,0.0,0.0,0.0,97,533.36,2.23,6.3,3
2025-09-28 16:00:00+00:00,13.6,65,0.0,0.0,0.0,0.0,96,0.0,2.28,4.5,3
2025-09-28 17:00:00+00:00,12.6,70,0.0,0.0,0.0,0.0,74,0.0,2.36,4.7,2
2025-09-28 18:00:00+00:00,12.0,75,0.0,0.0,0.0,0.0,100,0.0,2.21,4.6,3
2025-09-28 19:00:00+00:00,11.8,80,0.0,0.0,0.0,0.0,99,0.0,2.31,4.5,3
2025-09-28 20:00:00+00:00,11.1,87,0.0,0.0,0.0,0.0,100,0.0,1.92,4.5,3
2025-09-28 21:00:00+00:00,11.0,89,0.0,0.0,0.0,0.0,100,0.0,1.58,3.8,3
2025-09-28 22:00:00+00:00,10.8,91,0.0,0.0,0.0,0.0,100,0.0,1.36,3.2,3
2025-09-28 23:00:00+00:00,11.2,90,0.0,0.0,0.0,0.0,100,0.0,1.7,3.3,3
2025-09-29 00:00:00+00:00,11.4,90,0.1,0.1,0.0,0.0,100,0.0,1.7,3.5,51
2025-09-29 01:00:00+00:00,11.4,90,0.3,0.3,0.0,0.0,100,0.0,2.13,4.0,51
2025-09-29 02:00:00+00:00,11.3,91,0.0,0.0,0.0,0.0,100,0.0,1.98,4.0,3
2025-09-29 03:00:00+00:00,10.7,95,0.2,0.2,0.0,0.0,100,0.0,1.98,4.4,51
2025-09-29 04:00:00+00:00,10.6,97,0.3,0.3,0.0,0.0,100,0.0,1.98,4.1,51
2025-09-29 05:00:00+00:00,10.5,96,0.5,0.5,0.0,0.0,99,0.0,2.05,4.1,53
2025-09-29 06:00:00+00:00,10.6,95,0.3,0.3,0.0,0.0,100,0.0,2.63,4.7,51
2025-09-29 07:00:00+00:00,11.0,95,0.0,0.0,0.0,0.0,98,0.0,3.22,5.8,3
2025-09-29 08:00:00+00:00,11.3,92,0.0,0.0,0.0,0.0,99,0.0,3.33,6.4,3
2025-09-29 09:00:00+00:00,11.6,90,0.1,0.1,0.0,0.0,100,0.0,2.94,6.3,51
2025-09-29 10:00:00+00:00,11.9,86,0.0,0.0,0.0,0.0,100,0.0,2.76,6.0,3
2025-09-29 11:00:00+00:00,12.3,80,0.0,0.0,0.0,0.0,87,0.0,2.34,5.9,3
2025-09-29 12:00:00+00:00,13.4,70,0.0,0.0,0.0,0.0,72,3600.0,2.22,5.5,2
2025-09-29 13:00:00+00:00,13.4,70,0.1,0.1,0.0,0.0,92,3600.0,2.8,6.7,51
2025-09-29 14:00:00+00:00,13.4,67,0.1,0.1,0.0,0.0,60,3600.0,1.73,6.1,51
2025-09-29 15:00:00+00:00,13.4,63,0.0,0.0,0.0,0.0,100,3600.0,1.66,3.6,3
2025-09-29 16:00:00+00:00,12.6,67,0.0,0.0,0.0,0.0,99,3472.18,1.34,3.3,3
2025-09-29 17:00:00+00:00,10.9,73,0.0,0.0,0.0,0.0,89,862.22,1.38,2.7,3
2025-09-29 18:00:00+00:00,10.6,76,0.0,0.0,0.0,0.0,72,0.0,1.99,4.0,2
2025-09-29 19:00:00+00:00,10.1,81,0.0,0.0,0.0,0.0,67,0.0,1.72,4.1,2
2025-09-29 20:00:00+00:00,9.7,84,0.0,0.0,0.0,0.0,61,0.0,1.35,3.5,2
2025-09-29 21:00:00+00:00,10.0,81,0.0,0.0,0.0,0.0,46,0.0,1.45,3.0,1
2025-09-29 22:00:00+00:00,10.0,78,0.1,0.1,0.0,0.0,80,0.0,1.96,3.8,51
2025-09-29 23:00:00+00:00,9.8,79,0.1,0.1,0.0,0.0,96,0.0,1.96,4.1,51
2025-09-30 00:00:00+00:00,9.4,82,0.2,0.2,0.0,0.0,99,0.0,1.57,3.9,51
2025-09-30 01:00:00+00:00,8.7,87,0.0,0.0,0.0,0.0,97,0.0,1.4,3.1,3
2025-09-30 02:00:00+00:00,8.5,87,0.0,0.0,0.0,0.0,32,0.0,1.3,2.9,1
2025-09-30 03:00:00+00:00,8.8,85,0.0,0.0,0.0,0.0,65,0.0,1.71,3.2,2
2025-09-30 04:00:00+00:00,8.0,88,0.0,0.0,0.0,0.0,36,0.0,1.82,3.6,1
2025-09-30 05:00:00+00:00,7.5,91,0.0,0.0,0.0,0.0,73,0.0,1.39,3.6,2
2025-09-30 06:00:00+00:00,7.5,91,0.0,0.0,0.0,0.0,35,0.0,1.33,2.8,1
2025-09-30 07:00:00+00:00,8.3,86,0.0,0.0,0.0,0.0,26,3141.81,1.52,3.2,1
2025-09-30 08:00:00+00:00,9.1,80,0.0,0.0,0.0,0.0,14,3600.0,1.72,4.2,0
2025-09-30 09:00:00+00:00,10.1,68,0.0,0.0,0.0,0.0,12,3600.0,1.71,4.6,0
2025-09-30 10:00:00+00:00,11.0,60,0.0,0.0,0.0,0.0,25,3600.0,1.74,4.8,1
2025-09-30 11:00:00+00:00,11.7,55,0.0,0.0,0.0,0.0,100,3600.0,1.53,4.8,3
2025-09-30 12:00:00+00:00,12.1,52,0.0,0.0,0.0,0.0,99,3600.0,1.48,4.4,3
2025-09-30 13:00:00+00:00,12.1,51,0.0,0.0,0.0,0.0,96,3600.0,1.49,4.2,3
2025-09-30 14:00:00+00:00,12.1,50,0.0,0.0,0.0,0.0,92,3600.0,1.7,4.2,3
2025-09-30 15:00:00+00:00,11.8,48,0.0,0.0,0.0,0.0,13,3600.0,1.66,4.2,0
2025-09-30 16:00:00+00:00,10.1,66,0.0,0.0,0.0,0.0,2,3600.0,1.08,3.8,0
2025-09-30 17:00:00+00:00,7.9,74,0.0,0.0,0.0,0.0,8,2721.24,1.52,2.9,0
2025-09-30 18:00:00+00:00,7.5,77,0.0,0.0,0.0,0.0,24,0.0,1.76,3.6,1
2025-09-30 19:00:00+00:00,7.1,78,0.0,0.0,0.0,0.0,26,0.0,1.73,3.7,1
2025-09-30 20:00:00+00:00,6.7,81,0.0,0.0,0.0,0.0,68,0.0,1.5,3.5,2
2025-09-30 21:00:00+00:00,6.7,83,0.0,0.0,0.0,0.0,100,0.0,1.26,3.0,3
2025-09-30 22:00:00+00:00,6.6,83,0.0,0.0,0.0,0.0,95,0.0,0.94,2.4,3
2025-09-30 23:00:00+00:00,6.5,84,0.0,0.0,0.0,0.0,8,0.0,1.08,2.2,0
2025-10-01 00:00:00+00:00,7.0,89,0.0,0.0,0.0,0.0,73,0.0,0.68,2.4,2
2025-10-01 01:00:00+00:00,4.9,98,0.1,0.1,0.0,0.0,52,0.0,1.21,2.4,51
2025-10-01 02:00:00+00:00,5.5,96,0.0,0.0,0.0,0.0,21,0.0,1.36,2.9,1
2025-10-01 03:00:00+00:00,4.8,97,0.0,0.0,0.0,0.0,66,0.0,1.1,2.9,2
2025-10-01 04:00:00+00:00,5.3,97,0.0,0.0,0.0,0.0,23,0.0,1.28,2.7,1
2025-10-01 05:00:00+00:00,5.0,98,0.0,0.0,0.0,0.0,25,0.0,1.16,2.9,1
2025-10-01 06:00:00+00:00,6.4,96,0.0,0.0,0.0,0.0,100,0.0,1.82,2.6,3
2025-10-01 07:00:00+00:00,6.8,95,0.0,0.0,0.0,0.0,100,0.0,1.3,3.7,3
2025-10-01 08:00:00+00:00,7.5,93,0.0,0.0,0.0,0.0,100,0.0,1.21,2.9,3
2025-10-01 09:00:00+00:00,8.3,88,0.1,0.1,0.0,0.0,100,0.0,1.32,3.1,51
2025-10-01 10:00:00+00:00,8.9,84,0.1,0.1,0.0,0.0,100,0.0,1.54,3.5,51
2025-10-01 11:00:00+00:00,9.1,85,0.3,0.3,0.0,0.0,100,0.0,2.21,4.7,51
2025-10-01 12:00:00+00:00,9.2,87,0.2,0.2,0.0,0.0,73,0.0,2.42,4.7,51
2025-10-01 13:00:00+00:00,9.9,85,0.0,0.0,0.0,0.0,100,0.0,3.09,6.4,3
2025-10-01 14:00:00+00:00,10.0,82,0.1,0.1,0.0,0.0,100,0.0,3.45,7.4,51
2025-10-01 15:00:00+00:00,9.9,82,0.0,0.0,0.0,0.0,52,0.0,2.91,7.2,2
2025-10-01 16:00:00+00:00,9.7,79,0.1,0.1,0.0,0.0,73,1955.31,3.31,7.0,51
2025-10-01 17:00:00+00:00,8.9,92,0.0,0.0,0.0,0.0,59,587.0,3.0,6.5,2
2025-10-01 18:00:00+00:00,8.9,92,0.0,0.0,0.0,0.0,65,0.0,3.4,5.8,2
2025-10-01 19:00:00+00:00,8.3,94,0.0,0.0,0.0,0.0,44,0.0,2.06,6.4,1
2025-10-01 20:00:00+00:00,8.2,94,0.0,0.0,0.0,0.0,49,0.0,1.87,4.2,1
2025-10-01 21:00:00+00:00,7.7,94,0.2,0.2,0.0,0.0,70,0.0,1.64,3.7,51
2025-10-01 22:00:00+00:00,7.3,95,1.7,1.7,0.0,0.0,88,0.0,1.69,4.0,61
2025-10-01 23:00:00+00:00,7.2,96,0.3,0.3,0.0,0.0,83,0.0,1.48,3.5,51
2025-10-02 00:00:00+00:00,7.5,95,0.0,0.0,0.0,0.0,77,0.0,2.97,4.3,2
2025-10-02 01:00:00+00:00,6.9,94,0.0,0.0,0.0,0.0,71,0.0,2.4,5.3,2
2025-10-02 02:00:00+00:00,6.7,92,0.6,0.6,0.0,0.0,80,0.0,2.71,5.0,53
2025-10-02 03:00:00+00:00,6.8,95,0.2,0.2,0.0,0.0,54,0.0,2.66,5.3,51
2025-10-02 04:00:00+00:00,6.9,98,0.0,0.0,0.0,0.0,66,0.0,2.3,5.0,2
2025-10-02 05:00:00+00:00,6.9,98,0.1,0.1,0.0,0.0,48,0.0,2.38,4.7,51
2025-10-02 06:00:00+00:00,7.4,95,0.1,0.1,0.0,0.0,55,73.88,3.24,4.9,51
2025-10-02 07:00:00+00:00,8.0,95,0.1,0.1,0.0,0.0,60,3600.0,3.21,6.1,51
2025-10-02 08:00:00+00:00,9.3,92,0.0,0.0,0.0,0.0,96,3600.0,2.46,6.2,3
2025-10-02 09:00:00+00:00,10.6,83,0.0,0.0,0.0,0.0,96,3600.0,3.07,7.2,3
2025-10-02 10:00:00+00:00,11.7,70,0.1,0.1,0.0,0.0,80,3600.0,3.84,8.3,51
2025-10-02 11:00:00+00:00,12.2,58,0.0,0.0,0.0,0.0,100,3600.0,5.67,11.8,3
2025-10-02 12:00:00+00:00,11.9,61,0.0,0.0,0.0,0.0,98,0.0,5.02,12.2,3
2025-10-02 13:00:00+00:00,12.2,59,0.0,0.0,0.0,0.0,46,1719.43,5.47,12.5,1
2025-10-02 14:00:00+00:00,12.1,60,0.0,0.0,0.0,0.0,63,3600.0,5.28,12.2,2
2025-10-02 15:00:00+00:00,11.7,64,0.0,0.0,0.0,0.0,89,3600.0,4.96,11.1,3
2025-10-02 16:00:00+00:00,11.3,67,0.0,0.0,0.0,0.0,57,2333.08,4.26,10.2,2
2025-10-02 17:00:00+00:00,10.4,71,0.0,0.0,0.0,0.0,45,216.35,3.52,8.6,1
2025-10-02 18:00:00+00:00,10.3,74,0.0,0.0,0.0,0.0,86,0.0,3.52,7.1,3
2025-10-02 19:00:00+00:00,9.6,79,0.0,0.0,0.0,0.0,51,0.0,2.73,6.8,2
2025-10-02 20:00:00+00:00,9.2,82,0.0,0.0,0.0,0.0,86,0.0,2.4,5.4,3
2025-10-02 21:00:00+00:00,9.0,84,0.0,0.0,0.0,0.0,88,0.0,2.77,5.3,3
2025-10-02 22:00:00+00:00,9.5,82,0.1,0.1,0.0,0.0,100,0.0,3.32,6.7,51
2025-10-02 23:00:00+00:00,9.8,82,0.1,0.1,0.0,0.0,100,0.0,3.59,7.1,51
2025-10-03 00:00:00+00:00,9.8,82,0.0,0.0,0.0,0.0,77,0.0,3.96,7.3,2
2025-10-03 01:00:00+00:00,9.0,86,0.0,0.0,0.0,0.0,82,0.0,4.29,8.6,3
2025-10-03 02:00:00+00:00,9.0,86,0.0,0.0,0.0,0.0,54,0.0,4.36,9.2,2
2025-10-03 03:00:00+00:00,8.9,87,0.0,0.0,0.0,0.0,92,0.0,4.18,8.9,3
2025-10-03 04:00:00+00:00,8.4,91,0.0,0.0,0.0,0.0,82,0.0,4.38,9.1,3
2025-10-03 05:00:00+00:00,8.5,90,0.0,0.0,0.0,0.0,73,0.0,4.54,9.4,2
2025-10-03 06:00:00+00:00,8.7,91,0.0,0.0,0.0,0.0,35,0.0,4.72,9.6,1
2025-10-03 07:00:00+00:00,9.1,89,0.0,0.0,0.0,0.0,60,3600.0,4.62,9.5,2
2025-10-03 08:00:00+00:00,9.9,86,0.0,0.0,0.0,0.0,73,3600.0,4.45,10.3,2
2025-10-03 09:00:00+00:00,10.8,78,0.0,0.0,0.0,0.0,97,3600.0,5.92,12.0,3
2025-10-03 10:00:00+00:00,11.4,75,0.3,0.3,0.0,0.0,100,3600.0,6.12,12.9,51
2025-10-03 11:00:00+00:00,12.0,68,0.0,0.0,0.0,0.0,100,3600.0,6.46,13.2,3
2025-10-03 12:00:00+00:00,11.8,69,0.2,0.2,0.0,0.0,100,3600.0,6.34,13.6,51
2025-10-03 13:00:00+00:00,12.2,68,0.3,0.3,0.0,0.0,100,3600.0,6.16,13.4,51
2025-10-03 14:00:00+00:00,12.3,64,0.0,0.0,0.0,0.0,100,3226.4,6.31,12.5,3
2025-10-03 15:00:00+00:00,12.1,63,0.0,0.0,0.0,0.0,54,3600.0,5.87,13.4,2
2025-10-03 16:00:00+00:00,11.5,67,0.0,0.0,0.0,0.0,45,3600.0,5.63,12.2,1
2025-10-03 17:00:00+00:00,10.8,69,0.0,0.0,0.0,0.0,100,309.91,5.3,11.5,3
2025-10-03 18:00:00+00:00,10.8,68,0.0,0.0,0.0,0.0,100,0.0,5.33,10.7,3
2025-10-03 19:00:00+00:00,10.8,65,0.0,0.0,0.0,0.0,100,0.0,6.17,12.6,3
2025-10-03 20:00:00+00:00,10.5,64,0.0,0.0,0.0,0.0,100,0.0,6.78,13.8,3
2025-10-03 21:00:00+00:00,10.3,67,0.0,0.0,0.0,0.0,100,0.0,7.11,14.8,3
2025-10-03 22:00:00+00:00,9.8,69,0.0,0.0,0.0,0.0,100,0.0,7.82,15.9,3
2025-10-03 23:00:00+00:00,9.5,68,0.0,0.0,0.0,0.0,100,0.0,7.93,16.5,3
2025-10-04 00:00:00+00:00,9.5,67,0.0,0.0,0.0,0.0,100,0.0,7.9,16.4,3
2025-10-04 01:00:00+00:00,9.3,66,0.0,0.0,0.0,0.0,100,0.0,7.83,16.3,3
2025-10-04 02:00:00+00:00,9.1,66,0.0,0.0,0.0,0.0,100,0.0,8.18,16.7,3
2025-10-04 03:00:00+00:00,9.0,68,0.0,0.0,0.0,0.0,100,0.0,8.35,17.2,3
2025-10-04 04:00:00+00:00,8.3,79,0.9,0.9,0.0,0.0,100,0.0,8.34,17.4,53
2025-10-04 05:00:00+00:00,7.0,93,3.7,3.7,0.0,0.0,100,0.0,9.65,18.9,63
2025-10-04 06:00:00+00:00,7.1,94,5.1,5.1,0.0,0.0,100,0.0,9.48,20.7,63
2025-10-04 07:00:00+00:00,6.6,96,4.6,4.6,0.0,0.0,100,0.0,10.25,19.9,63
2025-10-04 08:00:00+00:00,6.4,96,4.0,4.0,0.0,0.0,100,0.0,10.93,22.1,63
2025-10-04 09:00:00+00:00,6.6,96,5.1,5.1,0.0,0.0,100,0.0,11.21,22.2,63
2025-10-04 10:00:00+00:00,6.8,95,5.2,5.2,0.0,0.0,100,0.0,11.21,22.4,63
2025-10-04 11:00:00+00:00,6.8,95,4.1,4.1,0.0,0.0,100,0.0,10.66,22.1,63
2025-10-04 12:00:00+00:00,7.2,92,2.0,2.0,0.0,0.0,100,0.0,9.73,20.9,61
2025-10-04 13:00:00+00:00,7.2,93,1.1,1.1,0.0,0.0,100,0.0,9.3,19.3,55
2025-10-04 14:00:00+00:00,7.3,94,1.1,1.1,0.0,0.0,100,0.0,8.04,18.2,55
2025-10-04 15:00:00+00:00,7.5,93,0.2,0.2,0.0,0.0,100,0.0,7.35,16.0,51
2025-10-04 16:00:00+00:00,7.6,94,0.1,0.1,0.0,0.0,100,0.0,6.34,14.3,51
2025-10-04 17:00:00+00:00,7.1,96,8.0,8.0,0.0,0.0,100,0.0,4.87,12.5,65
2025-10-04 18:00:00+00:00,7.6,96,0.2,0.2,0.0,0.0,98,0.0,4.95,9.9,51
2025-10-04 19:00:00+00:00,7.8,96,0.1,0.1,0.0,0.0,98,0.0,5.03,9.8,51
2025-10-04 20:00:00+00:00,7.9,96,0.1,0.1,0.0,0.0,100,0.0,4.52,9.7,51
2025-10-04 21:00:00+00:00,8.1,96,0.1,0.1,0.0,0.0,94,0.0,4.72,9.1,51
2025-10-04 22:00:00+00:00,8.2,96,0.0,0.0,0.0,0.0,100,0.0,4.58,9.3,3
2025-10-04 23:00:00+00:00,8.4,96,0.0,0.0,0.0,0.0,100,0.0,4.46,9.1,3
2025-10-05 00:00:00+00:00,8.9,96,0.0,0.0,0.0,0.0,97,0.0,4.29,9.0,3
2025-10-05 01:00:00+00:00,8.9,97,0.0,0.0,0.0,0.0,100,0.0,4.6,8.7,3
2025-10-05 02:00:00+00:00,8.8,96,0.2,0.2,0.0,0.0,100,0.0,4.14,8.8,51
2025-10-05 03:00:00+00:00,8.6,96,0.1,0.1,0.0,0.0,100,0.0,4.55,8.7,51
2025-10-05 04:00:00+00:00,8.6,96,0.3,0.3,0.0,0.0,100,0.0,4.44,9.1,51
2025-10-05 05:00:00+00:00,8.6,98,0.5,0.5,0.0,0.0,100,0.0,4.39,8.5,53
2025-10-05 06:00:00+00:00,9.2,96,0.7,0.7,0.0,0.0,100,0.0,4.51,8.9,53
2025-10-05 07:00:00+00:00,9.6,95,0.1,0.1,0.0,0.0,88,0.0,4.48,8.5,51
2025-10-05 08:00:00+00:00,9.9,94,0.0,0.0,0.0,0.0,100,0.0,4.7,9.2,3
2025-10-05 09:00:00+00:00,10.2,92,0.1,0.1,0.0,0.0,98,0.0,4.1,9.1,51
2025-10-05 10:00:00+00:00,10.8,90,0.0,0.0,0.0,0.0,100,0.0,2.62,8.0,3
2025-10-05 11:00:00+00:00,11.8,81,0.0,0.0,0.0,0.0,100,0.0,2.56,6.5,3
2025-10-05 12:00:00+00:00,11.5,90,0.0,0.0,0.0,0.0,100,0.0,2.91,5.9,3
2025-10-05 13:00:00+00:00,11.6,87,0.2,0.2,0.0,0.0,73,1045.17,2.36,6.4,51
2025-10-05 14:00:00+00:00,12.1,83,0.2,0.2,0.0,0.0,91,3241.64,2.62,5.4,51
2025-10-05 15:00:00+00:00,11.8,86,0.0,0.0,0.0,0.0,99,3600.0,2.68,5.4,3
2025-10-05 16:00:00+00:00,11.0,89,0.0,0.0,0.0,0.0,70,2027.35,2.95,5.6,2
2025-10-05 17:00:00+00:00,10.3,92,0.0,0.0,0.0,0.0,50,0.0,3.34,6.4,2
2025-10-05 18:00:00+00:00,10.3,88,0.0,0.0,0.0,0.0,29,0.0,2.9,6.6,1
2025-10-05 19:00:00+00:00,9.6,90,0.0,0.0,0.0,0.0,0,0.0,2.76,5.4,0
2025-10-05 20:00:00+00:00,8.9,92,0.0,0.0,0.0,0.0,0,0.0,2.4,5.2,0
2025-10-05 21:00:00+00:00,8.2,92,0.0,0.0,0.0,0.0,15,0.0,1.82,4.6,0
2025-10-05 22:00:00+00:00,7.5,93,0.0,0.0,0.0,0.0,9,0.0,1.59,3.6,0
2025-10-05 23:00:00+00:00,6.8,95,0.0,0.0,0.0,0.0,0,0.0,1.53,3.3,0
2025-10-06 00:00:00+00:00,8.6,93,0.0,0.0,0.0,0.0,10,0.0,1.75,3.1,0
2025-10-06 01:00:00+00:00,7.7,93,0.0,0.0,0.0,0.0,2,0.0,1.56,3.4,0
2025-10-06 02:00:00+00:00,6.7,95,0.0,0.0,0.0,0.0,0,0.0,1.41,3.3,0
2025-10-06 03:00:00+00:00,6.0,96,0.0,0.0,0.0,0.0,0,0.0,1.27,3.0,0
2025-10-06 04:00:00+00:00,5.6,97,0.0,0.0,0.0,0.0,47,0.0,0.97,2.7,1
2025-10-06 05:00:00+00:00,5.3,97,0.0,0.0,0.0,0.0,84,0.0,0.9,2.3,3
2025-10-06 06:00:00+00:00,6.2,99,0.0,0.0,0.0,0.0,68,0.0,1.0,2.0,2
2025-10-06 07:00:00+00:00,6.7,99,0.0,0.0,0.0,0.0,100,1146.39,0.72,2.1,3
2025-10-06 08:00:00+00:00,7.5,96,0.0,0.0,0.0,0.0,100,2790.46,0.49,2.6,3
2025-10-06 09:00:00+00:00,8.6,94,0.0,0.0,0.0,0.0,91,3600.0,0.41,2.6,3
2025-10-06 10:00:00+00:00,10.1,89,0.0,0.0,0.0,0.0,96,3600.0,0.5,3.3,3
2025-10-06 11:00:00+00:00,11.4,81,0.0,0.0,0.0,0.0,47,3600.0,0.89,3.5,1
2025-10-06 12:00:00+00:00,12.4,72,0.0,0.0,0.0,0.0,73,3600.0,1.16,4.0,2
2025-10-06 13:00:00+00:00,13.0,66,0.0,0.0,0.0,0.0,98,3600.0,1.12,4.0,3
2025-10-06 14:00:00+00:00,13.3,63,0.0,0.0,0.0,0.0,100,3600.0,1.03,3.7,3
2025-10-06 15:00:00+00:00,13.0,73,0.0,0.0,0.0,0.0,100,3600.0,0.56,3.1,3
2025-10-06 16:00:00+00:00,11.8,74,0.0,0.0,0.0,0.0,100,975.92,1.46,2.5,3
2025-10-06 17:00:00+00:00,11.3,77,0.0,0.0,0.0,0.0,100,0.0,2.55,4.8,3
2025-10-06 18:00:00+00:00,10.2,87,0.0,0.0,0.0,0.0,100,0.0,2.06,5.5,3
2025-10-06 19:00:00+00:00,10.1,90,0.3,0.3,0.0,0.0,100,0.0,3.31,6.2,51
2025-10-06 20:00:00+00:00,9.9,95,0.3,0.3,0.0,0.0,100,0.0,3.41,6.5,51
2025-10-06 21:00:00+00:00,9.9,97,0.3,0.3,0.0,0.0,100,0.0,3.21,6.5,51
2025-10-06 22:00:00+00:00,10.2,96,0.1,0.1,0.0,0.0,99,0.0,3.6,6.8,51
2025-10-06 23:00:00+00:00,10.1,95,0.0,0.0,0.0,0.0,100,0.0,3.74,7.1,3
2025-10-07 00:00:00+00:00,10.1,95,0.0,0.0,0.0,0.0,99,0.0,3.85,7.6,3
2025-10-07 01:00:00+00:00,9.9,96,0.0,0.0,0.0,0.0,100,0.0,3.49,7.4,3
2025-10-07 02:00:00+00:00,9.8,96,0.0,0.0,0.0,0.0,84,0.0,3.08,6.6,3
2025-10-07 03:00:00+00:00,9.6,98,0.0,0.0,0.0,0.0,100,0.0,2.29,5.7,3
2025-10-07 04:00:00+00:00,10.0,98,0.0,0.0,0.0,0.0,100,0.0,1.65,4.5,3
2025-10-07 05:00:00+00:00,10.1,98,0.0,0.0,0.0,0.0,100,0.0,2.14,3.9,3
2025-10-07 06:00:00+00:00,10.7,98,0.0,0.0,0.0,0.0,100,0.0,2.7,5.0,3
2025-10-07 07:00:00+00:00,11.0,98,1.2,1.2,0.0,0.0,100,0.0,3.05,5.7,55
2025-10-07 08:00:00+00:00,11.0,98,1.6,1.6,0.0,0.0,100,0.0,4.17,7.8,61
2025-10-07 09:00:00+00:00,11.1,98,0.8,0.8,0.0,0.0,100,0.0,4.72,9.3,53
2025-10-07 10:00:00+00:00,12.1,99,0.4,0.4,0.0,0.0,100,0.0,4.81,9.5,51
2025-10-07 11:00:00+00:00,12.4,98,0.5,0.5,0.0,0.0,100,0.0,3.98,9.3,53
2025-10-07 12:00:00+00:00,12.9,96,0.2,0.2,0.0,0.0,97,0.0,4.07,8.6,51
2025-10-07 13:00:00+00:00,12.7,99,0.4,0.4,0.0,0.0,100,0.0,3.85,8.1,51
2025-10-07 14:00:00+00:00,12.9,99,0.4,0.4,0.0,0.0,100,0.0,3.09,7.4,51
2025-10-07 15:00:00+00:00,13.0,98,0.2,0.2,0.0,0.0,100,0.0,2.92,6.1,51
2025-10-07 16:00:00+00:00,12.8,97,0.0,0.0,0.0,0.0,88,68.59,2.42,5.6,3
2025-10-07 17:00:00+00:00,11.9,98,0.0,0.0,0.0,0.0,88,0.0,2.13,4.3,3
2025-10-07 18:00:00+00:00,12.5,96,0.0,0.0,0.0,0.0,95,0.0,2.38,4.2,3
2025-10-07 19:00:00+00:00,11.7,98,0.0,0.0,0.0,0.0,99,0.0,2.05,4.2,3
2025-10-07 20:00:00+00:00,11.0,97,0.0,0.0,0.0,0.0,100,0.0,1.75,3.9,3
2025-10-07 21:00:00+00:00,10.6,96,0.0,0.0,0.0,0.0,95,0.0,1.7,3.3,3
2025-10-07 22:00:00+00:00,10.1,96,0.0,0.0,0.0,0.0,57,0.0,1.53,3.1,2
2025-10-07 23:00:00+00:00,9.8,96,0.0,0.0,0.0,0.0,41,0.0,1.17,2.8,1
2025-10-08 00:00:00+00:00,9.3,97,0.0,0.0,0.0,0.0,46,0.0,0.85,2.2,1
2025-10-08 01:00:00+00:00,8.9,99,0.0,0.0,0.0,0.0,45,0.0,0.61,1.8,1
2025-10-08 02:00:00+00:00,8.4,100,0.0,0.0,0.0,0.0,99,0.0,0.36,1.5,3
2025-10-08 03:00:00+00:00,8.0,100,0.0,0.0,0.0,0.0,100,0.0,0.45,1.4,3
2025-10-08 04:00:00+00:00,7.6,100,0.0,0.0,0.0,0.0,100,0.0,0.61,1.8,3
2025-10-08 05:00:00+00:00,7.5,98,0.0,0.0,0.0,0.0,100,0.0,0.61,1.7,3
2025-10-08 06:00:00+00:00,7.5,95,0.0,0.0,0.0,0.0,100,0.0,0.22,1.7,3
2025-10-08 07:00:00+00:00,7.4,94,0.0,0.0,0.0,0.0,99,1159.45,0.87,3.1,3
2025-10-08 08:00:00+00:00,8.1,91,0.0,0.0,0.0,0.0,98,3600.0,0.34,3.1,3
2025-10-08 09:00:00+00:00,9.2,92,0.0,0.0,0.0,0.0,85,3600.0,0.9,3.2,3
2025-10-08 10:00:00+00:00,11.2,76,0.0,0.0,0.0,0.0,16,3600.0,1.27,4.0,0
2025-10-08 11:00:00+00:00,12.5,63,0.0,0.0,0.0,0.0,80,3600.0,1.9,5.1,3
2025-10-08 12:00:00+00:00,12.9,55,0.0,0.0,0.0,0.0,23,3600.0,3.33,6.0,1
2025-10-08 13:00:00+00:00,13.9,50,0.0,0.0,0.0,0.0,8,3600.0,4.06,8.8,0
2025-10-08 14:00:00+00:00,14.0,53,0.0,0.0,0.0,0.0,66,3600.0,3.87,8.9,2
2025-10-08 15:00:00+00:00,13.4,58,0.0,0.0,0.0,0.0,95,3600.0,3.37,7.9,3
2025-10-08 16:00:00+00:00,12.1,62,0.0,0.0,0.0,0.0,0,3600.0,3.17,6.7,0
2025-10-08 17:00:00+00:00,10.8,67,0.0,0.0,0.0,0.0,99,0.0,2.89,6.0,3
2025-10-08 18:00:00+00:00,9.9,79,0.0,0.0,0.0,0.0,91,0.0,2.33,5.4,3
2025-10-08 19:00:00+00:00,9.3,81,0.0,0.0,0.0,0.0,0,0.0,1.82,4.4,0
2025-10-08 20:00:00+00:00,8.2,80,0.0,0.0,0.0,0.0,0,0.0,1.77,3.6,0
2025-10-08 21:00:00+00:00,7.9,79,0.0,0.0,0.0,0.0,0,0.0,1.59,3.4,0
2025-10-08 22:00:00+00:00,7.7,79,0.0,0.0,0.0,0.0,0,0.0,1.51,3.1,0
2025-10-08 23:00:00+00:00,7.8,79,0.0,0.0,0.0,0.0,7,0.0,0.85,2.8,0
2025-10-09 00:00:00+00:00,6.9,87,0.0,0.0,0.0,0.0,35,0.0,0.81,1.9,1
2025-10-09 01:00:00+00:00,5.2,89,0.0,0.0,0.0,0.0,58,0.0,1.23,2.5,2
2025-10-09 02:00:00+00:00,5.8,86,0.0,0.0,0.0,0.0,58,0.0,1.74,3.6,2
2025-10-09 03:00:00+00:00,6.4,84,0.0,0.0,0.0,0.0,45,0.0,2.31,4.7,1
2025-10-09 04:00:00+00:00,6.6,85,0.0,0.0,0.0,0.0,96,0.0,2.3,4.8,3
2025-10-09 05:00:00+00:00,7.0,86,0.0,0.0,0.0,0.0,98,0.0,2.85,5.6,3
2025-10-09 06:00:00+00:00,7.5,86,0.0,0.0,0.0,0.0,84,0.0,3.32,6.6,3
2025-10-09 07:00:00+00:00,8.5,86,0.0,0.0,0.0,0.0,96,643.24,4.06,8.2,3
2025-10-09 08:00:00+00:00,9.5,86,0.0,0.0,0.0,0.0,99,6.09,4.95,10.0,3
2025-10-09 09:00:00+00:00,10.7,82,0.0,0.0,0.0,0.0,100,0.0,5.9,11.8,3
2025-10-09 10:00:00+00:00,11.0,82,0.0,0.0,0.0,0.0,98,0.0,5.24,12.0,3
2025-10-09 11:00:00+00:00,12.1,79,0.0,0.0,0.0,0.0,99,252.35,3.74,10.5,3
2025-10-09 12:00:00+00:00,11.8,81,0.0,0.0,0.0,0.0,100,2057.35,5.05,8.5,3
2025-10-09 13:00:00+00:00,13.2,72,0.0,0.0,0.0,0.0,99,1734.97,6.1,12.3,3
2025-10-09 14:00:00+00:00,13.1,70,0.0,0.0,0.0,0.0,96,0.0,5.94,12.7,3
2025-10-09 15:00:00+00:00,13.3,65,0.0,0.0,0.0,0.0,33,3600.0,4.24,12.0,1
2025-10-09 16:00:00+00:00,12.0,61,0.1,0.1,0.0,0.0,17,3600.0,3.49,8.4,51
2025-10-09 17:00:00+00:00,10.6,66,0.0,0.0,0.0,0.0,1,0.0,3.09,6.8,0
2025-10-09 18:00:00+00:00,10.0,61,0.0,0.0,0.0,0.0,0,0.0,3.04,6.1,0
2025-10-09 19:00:00+00:00,9.7,60,0.0,0.0,0.0,0.0,0,0.0,3.68,7.0,0
2025-10-09 20:00:00+00:00,9.5,57,0.0,0.0,0.0,0.0,1,0.0,3.38,7.7,0
2025-10-09 21:00:00+00:00,7.7,67,0.0,0.0,0.0,0.0,2,0.0,1.88,6.8,0
2025-10-09 22:00:00+00:00,8.4,70,0.0,0.0,0.0,0.0,9,0.0,2.5,4.9,0
2025-10-09 23:00:00+00:00,8.4,70,0.0,0.0,0.0,0.0,84,0.0,2.93,5.7,3
2025-10-10 00:00:00+00:00,7.8,72,0.0,0.0,0.0,0.0,91,0.0,2.54,6.0,3
2025-10-10 01:00:00+00:00,7.7,72,0.0,0.0,0.0,0.0,73,0.0,3.24,6.2,2
2025-10-10 02:00:00+00:00,7.4,74,0.0,0.0,0.0,0.0,55,0.0,2.89,6.4,2
2025-10-10 03:00:00+00:00,7.1,77,0.0,0.0,0.0,0.0,93,0.0,2.75,5.7,3
2025-10-10 04:00:00+00:00,7.1,78,0.0,0.0,0.0,0.0,99,0.0,2.49,5.5,3
2025-10-10 05:00:00+00:00,7.3,79,0.0,0.0,0.0,0.0,95,0.0,2.42,5.0,3
2025-10-10 06:00:00+00:00,7.3,79,0.0,0.0,0.0,0.0,98,0.0,2.77,5.1,3
2025-10-10 07:00:00+00:00,8.3,74,0.0,0.0,0.0,0.0,83,1918.32,3.15,6.0,3
2025-10-10 08:00:00+00:00,9.1,71,0.0,0.0,0.0,0.0,99,3600.0,3.37,6.6,3
2025-10-10 09:00:00+00:00,10.5,70,0.0,0.0,0.0,0.0,100,3600.0,3.15,6.6,3
2025-10-10 10:00:00+00:00,11.6,65,0.0,0.0,0.0,0.0,95,3600.0,3.15,6.7,3
2025-10-10 11:00:00+00:00,13.0,61,0.0,0.0,0.0,0.0,98,3600.0,3.54,7.9,3
2025-10-10 12:00:00+00:00,12.7,66,0.0,0.0,0.0,0.0,93,1349.55,3.59,7.8,3
2025-10-10 13:00:00+00:00,13.7,66,0.0,0.0,0.0,0.0,100,3600.0,4.59,9.5,3
2025-10-10 14:00:00+00:00,14.0,69,0.0,0.0,0.0,0.0,100,3600.0,4.8,9.7,3
2025-10-10 15:00:00+00:00,14.1,70,0.0,0.0,0.0,0.0,98,690.36,5.29,10.5,3
2025-10-10 16:00:00+00:00,14.3,67,0.0,0.0,0.0,0.0,100,453.38,5.5,10.7,3
2025-10-10 17:00:00+00:00,14.1,64,0.0,0.0,0.0,0.0,100,0.0,6.07,12.0,3
2025-10-10 18:00:00+00:00,13.6,66,0.0,0.0,0.0,0.0,97,0.0,5.75,12.0,3
2025-10-10 19:00:00+00:00,13.3,67,0.0,0.0,0.0,0.0,98,0.0,5.87,11.6,3
2025-10-10 20:00:00+00:00,13.4,67,0.0,0.0,0.0,0.0,100,0.0,6.35,12.7,3
2025-10-10 21:00:00+00:00,13.3,67,0.0,0.0,0.0,0.0,95,0.0,6.2,12.8,3
2025-10-10 22:00:00+00:00,12.9,69,0.0,0.0,0.0,0.0,99,0.0,5.77,12.4,3
2025-10-10 23:00:00+00:00,12.7,68,0.0,0.0,0.0,0.0,99,0.0,5.3,11.5,3
2025-10-11 00:00:00+00:00,12.9,66,0.0,0.0,0.0,0.0,98,0.0,4.63,10.6,3
2025-10-11 01:00:00+00:00,12.9,64,0.0,0.0,0.0,0.0,98,0.0,4.29,9.2,3
2025-10-11 02:00:00+00:00,13.1,61,0.0,0.0,0.0,0.0,96,0.0,3.6,8.6,3
2025-10-11 03:00:00+00:00,12.9,61,0.0,0.0,0.0,0.0,84,0.0,3.64,7.4,3
2025-10-11 04:00:00+00:00,12.8,61,0.0,0.0,0.0,0.0,94,0.0,3.28,7.4,3
2025-10-11 05:00:00+00:00,12.3,62,0.0,0.0,0.0,0.0,85,0.0,2.69,6.6,3
2025-10-11 06:00:00+00:00,11.8,64,0.0,0.0,0.0,0.0,98,0.0,2.59,5.5,3
2025-10-11 07:00:00+00:00,11.5,69,0.0,0.0,0.0,0.0,97,188.7,1.21,5.4,3
2025-10-11 08:00:00+00:00,12.8,65,0.0,0.0,0.0,0.0,87,3600.0,2.28,4.1,3
2025-10-11 09:00:00+00:00,14.3,61,0.0,0.0,0.0,0.0,97,3600.0,2.64,5.3,3
2025-10-11 10:00:00+00:00,15.1,57,0.0,0.0,0.0,0.0,97,3600.0,2.61,5.5,3
2025-10-11 11:00:00+00:00,16.1,53,0.0,0.0,0.0,0.0,97,3600.0,3.17,6.7,3
2025-10-11 12:00:00+00:00,15.4,57,0.0,0.0,0.0,0.0,97,3600.0,3.33,8.1,3
2025-10-11 13:00:00+00:00,16.2,54,0.0,0.0,0.0,0.0,69,3600.0,3.62,7.7,2
2025-10-11 14:00:00+00:00,16.2,54,0.0,0.0,0.0,0.0,100,3600.0,3.43,7.4,3
2025-10-11 15:00:00+00:00,15.4,57,0.0,0.0,0.0,0.0,98,920.48,2.84,6.9,3
2025-10-11 16:00:00+00:00,14.0,62,0.0,0.0,0.0,0.0,94,1306.38,2.83,5.5,3
2025-10-11 17:00:00+00:00,13.5,64,0.0,0.0,0.0,0.0,89,0.0,3.02,5.7,3
2025-10-11 18:00:00+00:00,12.1,68,0.0,0.0,0.0,0.0,65,0.0,2.35,5.8,2
2025-10-11 19:00:00+00:00,11.9,69,0.0,0.0,0.0,0.0,17,0.0,2.21,4.8,0
2025-10-11 20:00:00+00:00,11.1,73,0.0,0.0,0.0,0.0,77,0.0,1.9,4.5,2
2025-10-11 21:00:00+00:00,11.2,73,0.0,0.0,0.0,0.0,95,0.0,1.98,4.3,3
2025-10-11 22:00:00+00:00,10.8,74,0.0,0.0,0.0,0.0,95,0.0,1.87,4.3,3
2025-10-11 23:00:00+00:00,11.3,72,0.0,0.0,0.0,0.0,98,0.0,1.98,4.5,3
2025-10-12 00:00:00+00:00,12.4,66,0.0,0.0,0.0,0.0,100,0.0,1.4,5.1,3
2025-10-12 01:00:00+00:00,11.6,69,0.0,0.0,0.0,0.0,100,0.0,1.45,3.2,3
2025-10-12 02:00:00+00:00,12.6,66,0.0,0.0,0.0,0.0,100,0.0,2.3,4.6,3
2025-10-12 03:00:00+00:00,12.6,67,0.0,0.0,0.0,0.0,99,0.0,2.2,5.3,3
2025-10-12 04:00:00+00:00,11.6,72,0.0,0.0,0.0,0.0,99,0.0,2.65,4.7,3
2025-10-12 05:00:00+00:00,10.6,71,0.0,0.0,0.0,0.0,100,0.0,3.92,8.2,3
2025-10-12 06:00:00+00:00,8.7,74,0.0,0.0,0.0,0.0,99,0.0,3.33,7.9,3
2025-10-12 07:00:00+00:00,8.5,74,0.0,0.0,0.0,0.0,97,2901.63,2.73,6.6,3
2025-10-12 08:00:00+00:00,9.4,70,0.0,0.0,0.0,0.0,93,3600.0,1.95,5.9,3
2025-10-12 09:00:00+00:00,10.5,65,0.0,0.0,0.0,0.0,98,3600.0,0.35,4.4,3
2025-10-12 10:00:00+00:00,11.2,63,0.0,0.0,0.0,0.0,100,3600.0,1.39,3.9,3
2025-10-12 11:00:00+00:00,11.7,64,0.0,0.0,0.0,0.0,99,3600.0,1.73,4.6,3
2025-10-12 12:00:00+00:00,11.4,65,0.0,0.0,0.0,0.0,91,3600.0,1.96,4.7,3
2025-10-12 13:00:00+00:00,12.0,64,0.0,0.0,0.0,0.0,100,3600.0,2.01,5.2,3
2025-10-12 14:00:00+00:00,11.9,64,0.0,0.0,0.0,0.0,98,3600.0,1.91,5.0,3
2025-10-12 15:00:00+00:00,11.2,70,0.0,0.0,0.0,0.0,6,3600.0,1.15,4.3,0
2025-10-12 16:00:00+00:00,9.0,77,0.0,0.0,0.0,0.0,0,3600.0,0.36,1.9,0
2025-10-12 17:00:00+00:00,8.1,76,0.0,0.0,0.0,0.0,0,0.0,0.21,1.1,0
2025-10-12 18:00:00+00:00,7.8,79,0.0,0.0,0.0,0.0,0,0.0,0.56,1.5,0
2025-10-12 19:00:00+00:00,5.8,86,0.0,0.0,0.0,0.0,0,0.0,1.07,2.4,0
2025-10-12 20:00:00+00:00,5.4,89,0.0,0.0,0.0,0.0,2,0.0,1.01,2.5,0
2025-10-12 21:00:00+00:00,5.1,91,0.0,0.0,0.0,0.0,2,0.0,0.83,2.3,0
2025-10-12 22:00:00+00:00,4.9,91,0.0,0.0,0.0,0.0,10,0.0,0.75,2.0,0
2025-10-12 23:00:00+00:00,4.8,92,0.0,0.0,0.0,0.0,30,0.0,0.35,1.9,1
2025-10-13 00:00:00+00:00,5.0,96,0.0,0.0,0.0,0.0,35,0.0,0.15,1.3,1
2025-10-13 01:00:00+00:00,4.3,86,0.0,0.0,0.0,0.0,100,0.0,0.21,0.7,3
2025-10-13 02:00:00+00:00,5.3,86,0.0,0.0,0.0,0.0,100,0.0,0.11,0.6,3
2025-10-13 03:00:00+00:00,5.7,87,0.0,0.0,0.0,0.0,92,0.0,0.14,0.8,3
2025-10-13 04:00:00+00:00,4.6,89,0.0,0.0,0.0,0.0,99,0.0,0.39,1.0,3
2025-10-13 05:00:00+00:00,4.4,88,0.0,0.0,0.0,0.0,99,0.0,0.65,1.5,3
2025-10-13 06:00:00+00:00,4.6,87,0.0,0.0,0.0,0.0,95,0.0,1.01,2.1,3
2025-10-13 07:00:00+00:00,4.9,84,0.0,0.0,0.0,0.0,98,3600.0,1.35,2.7,3
2025-10-13 08:00:00+00:00,5.7,87,0.0,0.0,0.0,0.0,100,3095.89,1.2,2.9,3
2025-10-13 09:00:00+00:00,6.7,88,0.0,0.0,0.0,0.0,100,3600.0,0.97,3.3,3
2025-10-13 10:00:00+00:00,7.8,81,0.0,0.0,0.0,0.0,100,3600.0,0.74,3.5,3
2025-10-13 11:00:00+00:00,7.5,82,0.0,0.0,0.0,0.0,100,0.0,1.01,3.3,3
2025-10-13 12:00:00+00:00,8.7,77,0.0,0.0,0.0,0.0,100,3600.0,0.32,3.4,3
2025-10-13 13:00:00+00:00,10.0,70,0.0,0.0,0.0,0.0,99,3600.0,0.35,2.4,3
2025-10-13 14:00:00+00:00,10.4,69,0.0,0.0,0.0,0.0,96,3600.0,0.3,2.3,3
2025-10-13 15:00:00+00:00,10.1,78,0.0,0.0,0.0,0.0,99,3600.0,0.32,1.8,3
2025-10-13 16:00:00+00:00,8.7,79,0.0,0.0,0.0,0.0,100,1015.34,0.45,1.4,3
2025-10-13 17:00:00+00:00,8.9,82,0.5,0.5,0.0,0.0,100,0.0,0.29,1.4,53
2025-10-13 18:00:00+00:00,8.4,89,0.5,0.5,0.0,0.0,100,0.0,0.89,0.9,53
2025-10-13 19:00:00+00:00,7.9,92,0.1,0.1,0.0,0.0,100,0.0,0.81,1.7,51
2025-10-13 20:00:00+00:00,7.9,92,0.0,0.0,0.0,0.0,100,0.0,0.43,1.9,3
2025-10-13 21:00:00+00:00,7.7,93,0.0,0.0,0.0,0.0,46,0.0,0.54,1.6,1
2025-10-13 22:00:00+00:00,7.3,94,0.0,0.0,0.0,0.0,44,0.0,0.28,1.5,1
2025-10-13 23:00:00+00:00,7.6,92,0.0,0.0,0.0,0.0,87,0.0,0.16,1.1,3
2025-10-14 00:00:00+00:00,7.5,95,0.1,0.1,0.0,0.0,84,0.0,0.16,1.1,51
2025-10-14 01:00:00+00:00,6.8,97,0.0,0.0,0.0,0.0,100,0.0,0.76,1.9,3
2025-10-14 02:00:00+00:00,6.8,98,0.0,0.0,0.0,0.0,100,0.0,0.81,2.0,3
2025-10-14 03:00:00+00:00,6.7,98,0.0,0.0,0.0,0.0,100,0.0,0.75,2.0,3
2025-10-14 04:00:00+00:00,6.9,98,0.0,0.0,0.0,0.0,73,0.0,0.52,1.8,2
2025-10-14 05:00:00+00:00,6.9,97,0.0,0.0,0.0,0.0,45,0.0,0.3,1.4,1
2025-10-14 06:00:00+00:00,6.4,96,0.0,0.0,0.0,0.0,20,0.0,0.94,1.4,1
2025-10-14 07:00:00+00:00,6.5,97,0.0,0.0,0.0,0.0,17,3557.31,0.98,2.1,0
2025-10-14 08:00:00+00:00,7.9,97,0.0,0.0,0.0,0.0,8,3600.0,0.98,2.7,0
2025-10-14 09:00:00+00:00,9.5,95,0.0,0.0,0.0,0.0,15,3600.0,0.22,2.6,0
2025-10-14 10:00:00+00:00,11.1,87,0.0,0.0,0.0,0.0,22,3600.0,0.6,2.9,1
2025-10-14 11:00:00+00:00,12.8,77,0.0,0.0,0.0,0.0,11,3600.0,1.03,3.5,0
2025-10-14 12:00:00+00:00,13.8,74,0.0,0.0,0.0,0.0,2,3600.0,1.18,3.9,0
2025-10-14 13:00:00+00:00,14.5,68,0.0,0.0,0.0,0.0,0,3600.0,1.49,3.9,0
2025-10-14 14:00:00+00:00,14.2,67,0.0,0.0,0.0,0.0,1,3600.0,1.25,3.9,0
2025-10-14 15:00:00+00:00,12.7,80,0.0,0.0,0.0,0.0,8,3600.0,0.56,2.9,0
2025-10-14 16:00:00+00:00,10.4,82,0.0,0.0,0.0,0.0,4,3600.0,0.61,1.1,0
2025-10-14 17:00:00+00:00,9.6,83,0.0,0.0,0.0,0.0,2,0.0,0.81,1.3,0
2025-10-14 18:00:00+00:00,9.9,81,0.0,0.0,0.0,0.0,4,0.0,0.36,1.3,0
2025-10-14 19:00:00+00:00,9.1,81,0.0,0.0,0.0,0.0,9,0.0,0.25,0.8,0
2025-10-14 20:00:00+00:00,8.8,82,0.0,0.0,0.0,0.0,4,0.0,0.29,0.8,0
2025-10-14 21:00:00+00:00,8.6,84,0.0,0.0,0.0,0.0,3,0.0,0.22,0.7,0
2025-10-14 22:00:00+00:00,8.0,87,0.0,0.0,0.0,0.0,13,0.0,0.14,0.7,0
2025-10-14 23:00:00+00:00,7.4,90,0.0,0.0,0.0,0.0,16,0.0,0.07,0.6,0
2025-10-15 00:00:00+00:00,6.7,91,0.0,0.0,0.0,0.0,13,0.0,0.18,0.5,0
2025-10-15 01:00:00+00:00,5.7,94,0.0,0.0,0.0,0.0,2,0.0,0.14,0.8,0
2025-10-15 02:00:00+00:00,5.3,97,0.0,0.0,0.0,0.0,1,0.0,0.07,0.7,0
2025-10-15 03:00:00+00:00,4.8,100,0.0,0.0,0.0,0.0,23,0.0,0.32,1.1,1
2025-10-15 04:00:00+00:00,4.3,100,0.0,0.0,0.0,0.0,99,0.0,0.57,1.6,3
2025-10-15 05:00:00+00:00,3.6,100,0.0,0.0,0.0,0.0,100,0.0,0.68,1.7,3
2025-10-15 06:00:00+00:00,4.0,100,0.0,0.0,0.0,0.0,100,0.0,0.61,1.7,3
2025-10-15 07:00:00+00:00,3.7,100,0.0,0.0,0.0,0.0,100,753.63,0.93,2.7,3
2025-10-15 08:00:00+00:00,4.7,99,0.0,0.0,0.0,0.0,100,894.98,1.06,3.2,3
2025-10-15 09:00:00+00:00,5.8,96,0.0,0.0,0.0,0.0,100,3600.0,0.85,3.5,3
2025-10-15 10:00:00+00:00,7.6,89,0.0,0.0,0.0,0.0,42,3600.0,0.49,3.3,1
2025-10-15 11:00:00+00:00,9.8,79,0.0,0.0,0.0,0.0,37,3600.0,0.11,2.9,1
2025-10-15 12:00:00+00:00,11.4,77,0.0,0.0,0.0,0.0,3,3600.0,0.68,3.2,0
2025-10-15 13:00:00+00:00,12.4,72,0.0,0.0,0.0,0.0,2,3600.0,1.18,3.5,0
2025-10-15 14:00:00+00:00,12.7,70,0.0,0.0,0.0,0.0,1,3600.0,1.43,3.6,0
2025-10-15 15:00:00+00:00,11.2,79,0.0,0.0,0.0,0.0,1,3600.0,0.96,3.3,0
2025-10-15 16:00:00+00:00,9.2,79,0.0,0.0,0.0,0.0,0,3600.0,0.47,1.7,0
2025-10-15 17:00:00+00:00,8.7,78,0.0,0.0,0.0,0.0,0,0.0,0.43,1.3,0
2025-10-15 18:00:00+00:00,8.8,78,0.0,0.0,0.0,0.0,0,0.0,0.35,1.3,0
2025-10-15 19:00:00+00:00,7.5,80,0.0,0.0,0.0,0.0,0,0.0,0.29,1.3,0
2025-10-15 20:00:00+00:00,6.9,84,0.0,0.0,0.0,0.0,0,0.0,0.36,1.4,0
2025-10-15 21:00:00+00:00,6.4,87,0.0,0.0,0.0,0.0,1,0.0,0.45,1.5,0
2025-10-15 22:00:00+00:00,6.4,88,0.0,0.0,0.0,0.0,2,0.0,0.65,2.0,0
2025-10-15 23:00:00+00:00,6.8,84,0.0,0.0,0.0,0.0,16,0.0,0.78,2.3,0
2025-10-16 00:00:00+00:00,7.2,81,0.0,0.0,0.0,0.0,16,0.0,0.51,2.2,0
2025-10-16 01:00:00+00:00,6.1,82,0.0,0.0,0.0,0.0,19,0.0,0.57,2.1,0
2025-10-16 02:00:00+00:00,5.6,88,0.0,0.0,0.0,0.0,78,0.0,0.42,2.1,2
2025-10-16 03:00:00+00:00,5.3,92,0.0,0.0,0.0,0.0,92,0.0,0.28,1.8,3
2025-10-16 04:00:00+00:00,5.5,92,0.0,0.0,0.0,0.0,73,0.0,0.59,2.0,2
2025-10-16 05:00:00+00:00,5.8,85,0.0,0.0,0.0,0.0,90,0.0,1.88,3.7,3
2025-10-16 06:00:00+00:00,7.2,80,0.0,0.0,0.0,0.0,84,0.0,0.96,4.2,3
2025-10-16 07:00:00+00:00,7.0,78,0.0,0.0,0.0,0.0,5,1330.6,1.54,3.3,0
2025-10-16 08:00:00+00:00,9.4,74,0.0,0.0,0.0,0.0,59,3600.0,1.98,3.3,2
2025-10-16 09:00:00+00:00,9.8,73,0.0,0.0,0.0,0.0,99,3600.0,2.77,5.4,3
2025-10-16 10:00:00+00:00,10.2,69,0.0,0.0,0.0,0.0,100,3600.0,2.22,5.2,3
2025-10-16 11:00:00+00:00,10.7,66,0.0,0.0,0.0,0.0,98,3600.0,2.65,5.8,3
2025-10-16 12:00:00+00:00,9.9,70,0.0,0.0,0.0,0.0,93,3600.0,4.27,6.8,3
2025-10-16 13:00:00+00:00,9.7,66,0.0,0.0,0.0,0.0,100,3600.0,3.96,9.4,3
2025-10-16 14:00:00+00:00,9.0,68,0.0,0.0,0.0,0.0,100,2611.32,3.56,8.5,3
2025-10-16 15:00:00+00:00,8.5,71,0.1,0.1,0.0,0.0,100,0.0,3.02,7.5,51
2025-10-16 16:00:00+00:00,7.5,74,0.1,0.1,0.0,0.0,98,738.97,2.13,6.0,51
2025-10-16 17:00:00+00:00,7.4,74,0.0,0.0,0.0,0.0,99,0.0,1.39,4.3,3
2025-10-16 18:00:00+00:00,6.4,83,0.0,0.0,0.0,0.0,100,0.0,0.49,3.0,3
2025-10-16 19:00:00+00:00,6.6,81,0.0,0.0,0.0,0.0,98,0.0,1.38,3.0,3
2025-10-16 20:00:00+00:00,6.8,63,0.0,0.0,0.0,0.0,27,0.0,1.85,4.1,1
2025-10-16 21:00:00+00:00,4.1,77,0.0,0.0,0.0,0.0,0,0.0,1.22,4.0,0
2025-10-16 22:00:00+00:00,3.5,79,0.0,0.0,0.0,0.0,0,0.0,0.75,2.8,0
2025-10-16 23:00:00+00:00,3.4,81,0.0,0.0,0.0,0.0,0,0.0,0.32,2.1,0
2025-10-17 00:00:00+00:00,3.0,75,0.0,0.0,0.0,0.0,6,0.0,0.35,1.3,0
2025-10-17 01:00:00+00:00,1.8,76,0.0,0.0,0.0,0.0,17,0.0,0.11,1.2,0
2025-10-17 02:00:00+00:00,1.9,81,0.0,0.0,0.0,0.0,48,0.0,0.25,1.2,1
2025-10-17 03:00:00+00:00,1.7,92,0.0,0.0,0.0,0.0,41,0.0,0.32,1.4,1
2025-10-17 04:00:00+00:00,1.6,100,0.0,0.0,0.0,0.0,22,0.0,0.32,1.3,1
2025-10-17 05:00:00+00:00,1.3,100,0.0,0.0,0.0,0.0,99,0.0,0.32,1.4,3
2025-10-17 06:00:00+00:00,1.9,98,0.0,0.0,0.0,0.0,100,0.0,0.96,1.5,3
2025-10-17 07:00:00+00:00,2.1,96,0.0,0.0,0.0,0.0,85,0.0,1.55,3.6,3
2025-10-17 08:00:00+00:00,3.0,84,0.0,0.0,0.0,0.0,100,3600.0,2.15,4.5,3
2025-10-17 09:00:00+00:00,4.5,70,0.4,0.1,0.21,0.0,51,3600.0,2.35,5.3,73
2025-10-17 10:00:00+00:00,6.1,63,0.0,0.0,0.0,0.0,0,3600.0,1.45,5.5,0
2025-10-17 11:00:00+00:00,6.9,59,0.0,0.0,0.0,0.0,0,3600.0,1.15,4.0,0
2025-10-17 12:00:00+00:00,7.5,53,0.0,0.0,0.0,0.0,5,3600.0,2.64,4.4,0
2025-10-17 13:00:00+00:00,7.9,50,0.0,0.0,0.0,0.0,2,3600.0,3.41,7.1,0
2025-10-17 14:00:00+00:00,7.1,59,0.0,0.0,0.0,0.0,13,3600.0,2.94,7.4,0
2025-10-17 15:00:00+00:00,5.6,68,0.0,0.0,0.0,0.0,0,3600.0,1.93,6.1,0
2025-10-17 16:00:00+00:00,2.7,78,0.0,0.0,0.0,0.0,0,3306.6,1.45,4.0,0
2025-10-17 17:00:00+00:00,2.2,79,0.0,0.0,0.0,0.0,0,0.0,1.52,3.4,0
2025-10-17 18:00:00+00:00,2.8,81,0.0,0.0,0.0,0.0,0,0.0,1.52,3.5,0
2025-10-17 19:00:00+00:00,1.5,82,0.0,0.0,0.0,0.0,0,0.0,1.45,3.5,0
2025-10-17 20:00:00+00:00,1.4,84,0.0,0.0,0.0,0.0,0,0.0,1.36,3.3,0
2025-10-17 21:00:00+00:00,1.3,85,0.0,0.0,0.0,0.0,0,0.0,0.95,3.1,0
2025-10-17 22:00:00+00:00,1.4,84,0.0,0.0,0.0,0.0,0,0.0,0.76,2.4,0
2025-10-17 23:00:00+00:00,1.4,85,0.0,0.0,0.0,0.0,0,0.0,0.51,2.1,0
2025-10-18 00:00:00+00:00,1.7,80,0.0,0.0,0.0,0.0,34,0.0,0.14,1.7,1
2025-10-18 01:00:00+00:00,0.4,83,0.0,0.0,0.0,0.0,68,0.0,0.07,0.6,2
2025-10-18 02:00:00+00:00,0.4,86,0.0,0.0,0.0,0.0,9,0.0,0.05,0.6,0
2025-10-18 03:00:00+00:00,0.4,88,0.0,0.0,0.0,0.0,7,0.0,0.16,0.8,0
2025-10-18 04:00:00+00:00,0.3,94,0.0,0.0,0.0,0.0,2,0.0,0.16,0.9,0
2025-10-18 05:00:00+00:00,0.1,92,0.0,0.0,0.0,0.0,4,0.0,0.67,1.9,0
2025-10-18 06:00:00+00:00,0.1,91,0.0,0.0,0.0,0.0,34,0.0,1.27,2.8,1
2025-10-18 07:00:00+00:00,-0.9,100,0.0,0.0,0.0,0.0,97,1503.73,1.23,2.7,3
2025-10-18 08:00:00+00:00,0.4,99,0.0,0.0,0.0,0.0,42,3600.0,1.21,2.8,1
2025-10-18 09:00:00+00:00,1.7,88,0.0,0.0,0.0,0.0,48,3600.0,0.55,2.8,1
2025-10-18 10:00:00+00:00,3.2,78,0.0,0.0,0.0,0.0,30,3600.0,0.14,2.6,1
2025-10-18 11:00:00+00:00,4.0,71,0.0,0.0,0.0,0.0,18,3600.0,0.36,2.9,0
2025-10-18 12:00:00+00:00,5.7,67,0.0,0.0,0.0,0.0,0,3600.0,0.87,3.0,0
2025-10-18 13:00:00+00:00,5.8,64,0.0,0.0,0.0,0.0,0,3600.0,0.74,3.1,0
2025-10-18 14:00:00+00:00,5.4,68,0.0,0.0,0.0,0.0,0,3600.0,0.4,2.6,0
2025-10-18 15:00:00+00:00,3.9,70,0.0,0.0,0.0,0.0,1,3600.0,0.11,1.2,0
2025-10-18 16:00:00+00:00,2.5,75,0.0,0.0,0.0,0.0,13,3133.73,0.25,0.9,0
2025-10-18 17:00:00+00:00,2.2,85,0.0,0.0,0.0,0.0,19,0.0,0.36,1.2,0
2025-10-18 18:00:00+00:00,2.4,91,0.0,0.0,0.0,0.0,13,0.0,0.83,1.6,0
2025-10-18 19:00:00+00:00,0.3,99,0.0,0.0,0.0,0.0,18,0.0,1.18,2.5,0
2025-10-18 20:00:00+00:00,0.0,99,0.0,0.0,0.0,0.0,20,0.0,1.21,2.6,1
2025-10-18 21:00:00+00:00,-0.4,100,0.0,0.0,0.0,0.0,27,0.0,1.1,2.6,1
2025-10-18 22:00:00+00:00,-0.5,100,0.0,0.0,0.0,0.0,97,0.0,1.17,2.6,3
2025-10-18 23:00:00+00:00,-0.7,100,0.0,0.0,0.0,0.0,98,0.0,0.99,2.6,3
2025-10-19 00:00:00+00:00,-1.1,99,0.0,0.0,0.0,0.0,99,0.0,1.69,2.4,3
2025-10-19 01:00:00+00:00,-1.9,100,0.0,0.0,0.0,0.0,100,0.0,1.37,3.6,3
2025-10-19 02:00:00+00:00,-2.0,100,0.0,0.0,0.0,0.0,100,0.0,1.21,3.2,3
2025-10-19 03:00:00+00:00,-2.1,100,0.0,0.0,0.0,0.0,100,0.0,1.36,3.3,3
2025-10-19 04:00:00+00:00,-2.1,99,0.0,0.0,0.0,0.0,100,0.0,1.47,3.6,3
2025-10-19 05:00:00+00:00,-1.9,100,0.0,0.0,0.0,0.0,100,0.0,1.05,3.5,3
2025-10-19 06:00:00+00:00,-1.9,94,0.0,0.0,0.0,0.0,100,0.0,1.41,2.7,3
2025-10-19 07:00:00+00:00,-1.9,98,0.0,0.0,0.0,0.0,100,92.56,1.62,3.5,3
2025-10-19 08:00:00+00:00,-0.9,97,0.0,0.0,0.0,0.0,100,2326.26,1.56,3.9,3
2025-10-19 09:00:00+00:00,0.3,95,0.0,0.0,0.0,0.0,85,3600.0,0.88,3.8,3
2025-10-19 10:00:00+00:00,1.8,85,0.0,0.0,0.0,0.0,38,3600.0,0.1,3.2,1
2025-10-19 11:00:00+00:00,3.1,79,0.0,0.0,0.0,0.0,83,3600.0,0.32,2.8,3
2025-10-19 12:00:00+00:00,4.6,79,0.0,0.0,0.0,0.0,42,3600.0,0.81,3.2,1
2025-10-19 13:00:00+00:00,4.9,77,0.0,0.0,0.0,0.0,27,3600.0,1.01,3.4,1
2025-10-19 14:00:00+00:00,4.5,80,0.0,0.0,0.0,0.0,38,3600.0,0.76,3.3,1
2025-10-19 15:00:00+00:00,3.0,87,0.0,0.0,0.0,0.0,88,3600.0,0.21,1.9,3
2025-10-19 16:00:00+00:00,1.6,94,0.0,0.0,0.0,0.0,83,2960.93,0.21,1.0,3
2025-10-19 17:00:00+00:00,1.5,92,0.0,0.0,0.0,0.0,5,0.0,0.38,1.2,0
2025-10-19 18:00:00+00:00,2.4,93,0.0,0.0,0.0,0.0,84,0.0,0.45,1.2,3
2025-10-19 19:00:00+00:00,1.7,95,0.0,0.0,0.0,0.0,100,0.0,0.5,1.5,3
2025-10-19 20:00:00+00:00,2.4,96,0.0,0.0,0.0,0.0,45,0.0,0.67,1.7,1
2025-10-19 21:00:00+00:00,2.6,98,0.0,0.0,0.0,0.0,41,0.0,1.2,2.6,1
2025-10-19 22:00:00+00:00,2.0,100,0.0,0.0,0.0,0.0,37,0.0,1.12,2.7,1
2025-10-19 23:00:00+00:00,1.5,100,0.0,0.0,0.0,0.0,98,0.0,1.25,2.7,3
2025-10-20 00:00:00+00:00,2.2,100,0.0,0.0,0.0,0.0,100,0.0,1.6,3.0,3
2025-10-20 01:00:00+00:00,2.0,98,0.0,0.0,0.0,0.0,100,0.0,1.73,3.6,3
2025-10-20 02:00:00+00:00,1.9,99,0.0,0.0,0.0,0.0,100,0.0,1.25,3.3,3
2025-10-20 03:00:00+00:00,1.9,99,0.0,0.0,0.0,0.0,100,0.0,1.35,2.7,3
2025-10-20 04:00:00+00:00,2.0,99,0.0,0.0,0.0,0.0,100,0.0,1.49,2.9,3
2025-10-20 05:00:00+00:00,2.0,99,0.0,0.0,0.0,0.0,100,0.0,1.53,3.0,3
2025-10-20 06:00:00+00:00,2.3,96,0.0,0.0,0.0,0.0,95,0.0,2.06,3.2,3
2025-10-20 07:00:00+00:00,2.0,97,0.0,0.0,0.0,0.0,100,0.0,1.84,3.9,3
2025-10-20 08:00:00+00:00,2.1,96,0.0,0.0,0.0,0.0,100,342.64,2.08,4.2,3
2025-10-20 09:00:00+00:00,2.7,93,0.0,0.0,0.0,0.0,93,2091.08,2.1,4.7,3
2025-10-20 10:00:00+00:00,3.4,89,0.0,0.0,0.0,0.0,100,23.76,2.06,4.8,3
2025-10-20 11:00:00+00:00,4.0,88,0.0,0.0,0.0,0.0,100,0.0,2.17,4.9,3
2025-10-20 12:00:00+00:00,5.0,86,0.0,0.0,0.0,0.0,100,0.0,2.11,4.9,3
2025-10-20 13:00:00+00:00,5.4,84,0.0,0.0,0.0,0.0,100,0.0,2.07,4.5,3
2025-10-20 14:00:00+00:00,5.5,85,0.0,0.0,0.0,0.0,100,0.0,2.0,4.4,3
2025-10-20 15:00:00+00:00,5.1,89,0.0,0.0,0.0,0.0,100,79.03,2.02,4.3,3
2025-10-20 16:00:00+00:00,4.2,93,0.0,0.0,0.0,0.0,100,0.0,1.88,4.1,3
2025-10-20 17:00:00+00:00,4.1,93,0.0,0.0,0.0,0.0,100,0.0,2.12,4.1,3
2025-10-20 18:00:00+00:00,5.2,90,0.0,0.0,0.0,0.0,100,0.0,2.45,4.2,3
2025-10-20 19:00:00+00:00,5.1,90,0.0,0.0,0.0,0.0,100,0.0,2.9,5.8,3
2025-10-20 20:00:00+00:00,5.2,90,0.1,0.1,0.0,0.0,100,0.0,2.16,5.7,51
2025-10-20 21:00:00+00:00,5.3,91,0.2,0.2,0.0,0.0,100,0.0,1.93,4.2,51
2025-10-20 22:00:00+00:00,5.0,96,0.3,0.3,0.0,0.0,100,0.0,1.75,3.6,51
2025-10-20 23:00:00+00:00,5.0,97,0.4,0.4,0.0,0.0,100,0.0,1.96,3.9,51
2025-10-21 00:00:00+00:00,5.1,97,0.5,0.5,0.0,0.0,100,0.0,2.07,4.2,53
2025-10-21 01:00:00+00:00,5.2,97,0.6,0.6,0.0,0.0,100,0.0,1.57,3.9,53
2025-10-21 02:00:00+00:00,5.3,97,0.5,0.5,0.0,0.0,100,0.0,1.77,3.5,53
2025-10-21 03:00:00+00:00,5.3,97,0.4,0.4,0.0,0.0,100,0.0,1.78,3.7,51
2025-10-21 04:00:00+00:00,5.3,97,0.7,0.7,0.0,0.0,100,0.0,1.76,3.6,53
2025-10-21 05:00:00+00:00,5.4,97,0.8,0.8,0.0,0.0,100,0.0,1.94,3.8,53
2025-10-21 06:00:00+00:00,5.9,96,0.7,0.7,0.0,0.0,100,0.0,2.54,4.0,53
2025-10-21 07:00:00+00:00,6.1,97,0.7,0.7,0.0,0.0,100,0.0,2.19,4.7,53
2025-10-21 08:00:00+00:00,6.3,98,0.7,0.7,0.0,0.0,100,0.0,1.88,4.3,53
2025-10-21 09:00:00+00:00,6.6,98,0.9,0.9,0.0,0.0,100,0.0,2.18,4.1,53
2025-10-21 10:00:00+00:00,6.7,98,1.2,1.2,0.0,0.0,100,0.0,2.23,4.4,55
2025-10-21 11:00:00+00:00,6.8,98,1.5,1.5,0.0,0.0,100,0.0,2.08,4.3,61
2025-10-21 12:00:00+00:00,7.3,97,0.6,0.6,0.0,0.0,100,0.0,2.71,4.3,53
2025-10-21 13:00:00+00:00,7.7,96,0.1,0.1,0.0,0.0,100,0.0,2.74,5.3,51
2025-10-21 14:00:00+00:00,7.6,96,0.0,0.0,0.0,0.0,100,0.0,2.55,5.0,3
2025-10-21 15:00:00+00:00,7.2,98,0.2,0.2,0.0,0.0,100,0.0,2.38,4.8,51
2025-10-21 16:00:00+00:00,7.0,98,0.5,0.5,0.0,0.0,100,0.0,2.48,4.9,53
2025-10-21 17:00:00+00:00,6.9,98,1.3,1.3,0.0,0.0,100,0.0,2.17,4.7,61
2025-10-21 18:00:00+00:00,7.3,97,1.4,1.4,0.0,0.0,100,0.0,3.3,4.2,61
2025-10-21 19:00:00+00:00,7.3,98,1.9,1.9,0.0,0.0,100,0.0,2.86,6.1,61
2025-10-21 20:00:00+00:00,7.5,98,1.3,1.3,0.0,0.0,100,0.0,2.88,5.7,61
2025-10-21 21:00:00+00:00,7.9,98,0.8,0.8,0.0,0.0,100,0.0,2.58,5.5,53
2025-10-21 22:00:00+00:00,8.4,99,0.4,0.4,0.0,0.0,100,0.0,2.97,5.7,51
2025-10-21 23:00:00+00:00,8.6,98,0.4,0.4,0.0,0.0,100,0.0,3.17,6.2,51
2025-10-22 00:00:00+00:00,8.7,97,1.3,1.3,0.0,0.0,100,0.0,3.63,6.3,61
2025-10-22 01:00:00+00:00,8.9,98,0.5,0.5,0.0,0.0,100,0.0,3.8,7.7,53
2025-10-22 02:00:00+00:00,9.1,96,0.3,0.3,0.0,0.0,100,0.0,4.99,9.6,51
2025-10-22 03:00:00+00:00,8.9,97,0.8,0.8,0.0,0.0,98,0.0,4.86,9.6,53
2025-10-22 04:00:00+00:00,8.9,97,0.3,0.3,0.0,0.0,99,0.0,4.48,9.7,51
2025-10-22 05:00:00+00:00,8.9,97,1.0,1.0,0.0,0.0,100,0.0,3.82,8.6,55
2025-10-22 06:00:00+00:00,9.7,98,0.1,0.1,0.0,0.0,100,0.0,3.54,7.8,51
2025-10-22 07:00:00+00:00,9.7,99,0.1,0.1,0.0,0.0,100,0.0,3.32,7.5,51
2025-10-22 08:00:00+00:00,10.0,98,0.0,0.0,0.0,0.0,100,0.0,3.29,6.4,3
2025-10-22 09:00:00+00:00,10.1,97,0.3,0.3,0.0,0.0,98,0.0,2.55,6.6,51
2025-10-22 10:00:00+00:00,10.3,96,0.1,0.1,0.0,0.0,99,0.0,2.62,5.7,51
2025-10-22 11:00:00+00:00,10.2,96,0.0,0.0,0.0,0.0,99,0.0,2.18,5.7,3
2025-10-22 12:00:00+00:00,10.7,94,0.0,0.0,0.0,0.0,73,0.0,1.07,5.0,2
2025-10-22 13:00:00+00:00,11.5,88,0.0,0.0,0.0,0.0,100,3235.27,1.43,3.7,3
2025-10-22 14:00:00+00:00,11.2,89,0.1,0.1,0.0,0.0,99,0.0,1.85,3.3,51
2025-10-22 15:00:00+00:00,10.6,94,0.1,0.1,0.0,0.0,95,0.0,2.3,4.0,51
2025-10-22 16:00:00+00:00,10.0,96,0.1,0.1,0.0,0.0,88,0.0,2.72,5.0,51
2025-10-22 17:00:00+00:00,9.7,97,0.1,0.1,0.0,0.0,81,0.0,2.39,5.0,51
2025-10-22 18:00:00+00:00,10.1,93,0.1,0.1,0.0,0.0,89,0.0,2.59,4.3,51
2025-10-22 19:00:00+00:00,9.4,96,0.6,0.6,0.0,0.0,80,0.0,1.62,4.7,53
2025-10-22 20:00:00+00:00,8.7,95,0.1,0.1,0.0,0.0,96,0.0,1.31,2.9,51
2025-10-22 21:00:00+00:00,8.6,95,1.2,1.2,0.0,0.0,86,0.0,1.9,3.5,55
2025-10-22 22:00:00+00:00,8.1,96,0.0,0.0,0.0,0.0,42,0.0,1.4,3.7,1
2025-10-22 23:00:00+00:00,7.9,97,0.0,0.0,0.0,0.0,100,0.0,1.12,2.6,3
2025-10-23 00:00:00+00:00,8.6,98,0.0,0.0,0.0,0.0,80,0.0,1.45,2.6,3
2025-10-23 01:00:00+00:00,8.4,95,0.8,0.8,0.0,0.0,55,0.0,1.79,3.4,53
2025-10-23 02:00:00+00:00,7.9,95,0.5,0.5,0.0,0.0,88,0.0,1.19,3.4,53
2025-10-23 03:00:00+00:00,7.8,97,0.0,0.0,0.0,0.0,73,0.0,1.35,2.5,2
2025-10-23 04:00:00+00:00,8.0,98,0.0,0.0,0.0,0.0,100,0.0,1.05,2.7,3
2025-10-23 05:00:00+00:00,8.3,98,0.0,0.0,0.0,0.0,100,0.0,0.7,1.8,3
2025-10-23 06:00:00+00:00,8.3,97,0.0,0.0,0.0,0.0,77,0.0,1.7,1.6,2
2025-10-23 07:00:00+00:00,8.9,99,0.0,0.0,0.0,0.0,52,0.0,2.07,4.1,2
2025-10-23 08:00:00+00:00,9.5,98,0.0,0.0,0.0,0.0,39,1590.17,2.44,4.3,1
2025-10-23 09:00:00+00:00,9.9,96,0.0,0.0,0.0,0.0,97,2113.23,2.12,4.7,3
2025-10-23 10:00:00+00:00,10.7,88,0.0,0.0,0.0,0.0,100,3600.0,1.38,4.5,3
2025-10-23 11:00:00+00:00,11.2,83,0.0,0.0,0.0,0.0,100,3600.0,0.83,3.6,3
2025-10-23 12:00:00+00:00,10.8,83,0.0,0.0,0.0,0.0,100,3600.0,1.41,3.9,3
2025-10-23 13:00:00+00:00,11.3,78,0.0,0.0,0.0,0.0,100,449.49,2.4,5.0,3
2025-10-23 14:00:00+00:00,11.3,78,0.0,0.0,0.0,0.0,100,0.0,2.19,5.0,3
2025-10-23 15:00:00+00:00,10.8,80,0.0,0.0,0.0,0.0,100,105.01,2.63,5.1,3
2025-10-23 16:00:00+00:00,9.7,87,0.0,0.0,0.0,0.0,100,0.0,3.13,6.0,3
2025-10-23 17:00:00+00:00,9.1,91,0.0,0.0,0.0,0.0,100,0.0,3.34,6.6,3
2025-10-23 18:00:00+00:00,8.7,93,0.0,0.0,0.0,0.0,100,0.0,3.31,7.2,3
2025-10-23 19:00:00+00:00,8.6,93,0.0,0.0,0.0,0.0,100,0.0,3.36,6.7,3
2025-10-23 20:00:00+00:00,8.5,94,0.0,0.0,0.0,0.0,100,0.0,3.73,7.5,3
2025-10-23 21:00:00+00:00,8.4,92,0.0,0.0,0.0,0.0,100,0.0,3.88,7.9,3
2025-10-23 22:00:00+00:00,8.6,91,0.0,0.0,0.0,0.0,100,0.0,4.21,8.6,3
2025-10-23 23:00:00+00:00,8.8,91,0.0,0.0,0.0,0.0,100,0.0,4.81,9.7,3
2025-10-24 00:00:00+00:00,9.5,91,0.0,0.0,0.0,0.0,100,0.0,5.09,10.3,3
2025-10-24 01:00:00+00:00,9.7,90,0.3,0.3,0.0,0.0,100,0.0,5.06,10.5,51
2025-10-24 02:00:00+00:00,9.2,97,0.6,0.6,0.0,0.0,100,0.0,5.02,10.1,53
2025-10-24 03:00:00+00:00,9.2,97,0.7,0.7,0.0,0.0,100,0.0,5.38,10.5,53
2025-10-24 04:00:00+00:00,9.3,97,1.1,1.1,0.0,0.0,100,0.0,5.2,10.6,55
2025-10-24 05:00:00+00:00,9.4,97,2.5,2.5,0.0,0.0,100,0.0,5.55,10.8,63
2025-10-24 06:00:00+00:00,9.7,96,2.2,2.2,0.0,0.0,100,0.0,5.51,11.3,61
2025-10-24 07:00:00+00:00,9.8,96,0.5,0.5,0.0,0.0,100,0.0,5.8,11.4,53
2025-10-24 08:00:00+00:00,9.7,96,0.3,0.3,0.0,0.0,100,0.0,5.46,11.4,51
2025-10-24 09:00:00+00:00,10.0,93,0.2,0.2,0.0,0.0,100,0.0,5.27,10.7,51
2025-10-24 10:00:00+00:00,10.1,93,0.1,0.1,0.0,0.0,100,0.0,4.86,10.2,51
2025-10-24 11:00:00+00:00,9.6,97,0.5,0.5,0.0,0.0,100,0.0,4.22,9.4,53
2025-10-24 12:00:00+00:00,10.0,95,1.2,1.2,0.0,0.0,100,0.0,4.7,8.3,55
2025-10-24 13:00:00+00:00,9.7,97,2.0,2.0,0.0,0.0,100,0.0,5.01,9.8,61
2025-10-24 14:00:00+00:00,9.5,97,2.2,2.2,0.0,0.0,100,0.0,4.83,9.8,61
2025-10-24 15:00:00+00:00,9.3,97,1.9,1.9,0.0,0.0,100,0.0,4.4,9.4,61
2025-10-24 16:00:00+00:00,9.3,97,1.9,1.9,0.0,0.0,100,0.0,3.87,8.5,61
2025-10-24 17:00:00+00:00,9.2,97,1.5,1.5,0.0,0.0,100,0.0,3.76,7.5,61
2025-10-24 18:00:00+00:00,9.1,97,1.2,1.2,0.0,0.0,100,0.0,3.58,7.4,55
2025-10-24 19:00:00+00:00,9.1,97,0.5,0.5,0.0,0.0,100,0.0,3.2,6.9,53
2025-10-24 20:00:00+00:00,9.1,96,0.1,0.1,0.0,0.0,100,0.0,3.23,6.1,51
2025-10-24 21:00:00+00:00,9.1,96,0.0,0.0,0.0,0.0,100,0.0,2.93,6.0,3
2025-10-24 22:00:00+00:00,9.1,97,0.0,0.0,0.0,0.0,100,0.0,2.72,5.4,3
2025-10-24 23:00:00+00:00,8.9,96,0.0,0.0,0.0,0.0,99,0.0,2.83,5.3,3
2025-10-25 00:00:00+00:00,8.5,98,0.0,0.0,0.0,0.0,87,0.0,2.47,6.0,3
2025-10-25 01:00:00+00:00,8.7,96,0.0,0.0,0.0,0.0,100,0.0,3.01,5.9,3
2025-10-25 02:00:00+00:00,8.7,97,0.2,0.2,0.0,0.0,100,0.0,3.4,6.4,51
2025-10-25 03:00:00+00:00,8.8,97,0.0,0.0,0.0,0.0,100,0.0,3.41,6.8,3
2025-10-25 04:00:00+00:00,8.7,97,0.1,0.1,0.0,0.0,100,0.0,3.65,6.9,51
2025-10-25 05:00:00+00:00,8.6,96,0.0,0.0,0.0,0.0,100,0.0,3.72,7.2,3
2025-10-25 06:00:00+00:00,8.7,96,0.4,0.4,0.0,0.0,100,0.0,3.91,7.4,51
2025-10-25 07:00:00+00:00,9.0,95,0.0,0.0,0.0,0.0,93,0.0,4.39,8.0,3
2025-10-25 08:00:00+00:00,9.1,95,0.0,0.0,0.0,0.0,100,0.0,4.48,8.3,3
2025-10-25 09:00:00+00:00,9.3,93,0.1,0.1,0.0,0.0,88,0.0,4.31,8.4,51
2025-10-25 10:00:00+00:00,9.8,91,0.0,0.0,0.0,0.0,100,0.0,3.89,8.2,3
2025-10-25 11:00:00+00:00,10.0,88,0.1,0.1,0.0,0.0,99,0.0,3.47,7.7,51
2025-10-25 12:00:00+00:00,9.4,93,0.2,0.2,0.0,0.0,100,0.0,3.94,6.8,51
2025-10-25 13:00:00+00:00,9.7,92,0.1,0.1,0.0,0.0,68,0.0,3.58,7.6,51
2025-10-25 14:00:00+00:00,9.3,91,0.2,0.2,0.0,0.0,97,0.0,2.77,7.0,51
2025-10-25 15:00:00+00:00,9.1,90,0.0,0.0,0.0,0.0,100,1082.95,2.25,5.1,3
2025-10-25 16:00:00+00:00,8.3,90,0.3,0.3,0.0,0.0,100,0.0,2.39,4.6,51
2025-10-25 17:00:00+00:00,8.4,91,0.0,0.0,0.0,0.0,94,0.0,2.34,4.4,3
2025-10-25 18:00:00+00:00,7.4,93,0.0,0.0,0.0,0.0,36,0.0,2.04,4.9,1
2025-10-25 19:00:00+00:00,7.0,93,0.0,0.0,0.0,0.0,30,0.0,2.3,4.2,1
2025-10-25 20:00:00+00:00,6.4,93,0.0,0.0,0.0,0.0,20,0.0,2.1,4.3,1
2025-10-25 21:00:00+00:00,5.9,93,0.0,0.0,0.0,0.0,7,0.0,1.74,3.9,0
2025-10-25 22:00:00+00:00,5.0,96,0.0,0.0,0.0,0.0,0,0.0,1.77,3.8,0
2025-10-25 23:00:00+00:00,4.6,97,0.0,0.0,0.0,0.0,7,0.0,1.74,3.6,0
2025-10-26 00:00:00+00:00,4.2,98,0.0,0.0,0.0,0.0,15,0.0,1.69,3.6,0
2025-10-26 01:00:00+00:00,4.1,99,0.0,0.0,0.0,0.0,43,0.0,2.17,4.3,1
2025-10-26 02:00:00+00:00,3.8,100,0.0,0.0,0.0,0.0,100,0.0,2.34,4.9,3
2025-10-26 03:00:00+00:00,3.6,100,0.0,0.0,0.0,0.0,100,0.0,2.3,4.7,3
2025-10-26 04:00:00+00:00,3.7,100,0.0,0.0,0.0,0.0,100,0.0,2.35,4.7,3
2025-10-26 05:00:00+00:00,3.9,100,0.0,0.0,0.0,0.0,100,0.0,2.28,4.6,3
2025-10-26 06:00:00+00:00,3.8,100,0.0,0.0,0.0,0.0,100,0.0,1.59,4.5,3
2025-10-26 07:00:00+00:00,3.7,100,0.0,0.0,0.0,0.0,100,0.0,1.68,3.9,3
2025-10-26 08:00:00+00:00,3.9,98,0.0,0.0,0.0,0.0,100,0.0,1.47,4.0,3
2025-10-26 09:00:00+00:00,4.4,98,0.0,0.0,0.0,0.0,100,1075.63,1.97,4.7,3
2025-10-26 10:00:00+00:00,5.2,96,0.0,0.0,0.0,0.0,100,2091.31,1.89,4.9,3
2025-10-26 11:00:00+00:00,6.1,93,0.0,0.0,0.0,0.0,100,3600.0,1.77,4.8,3
2025-10-26 12:00:00+00:00,7.8,89,0.0,0.0,0.0,0.0,96,3600.0,1.43,4.6,3
2025-10-26 13:00:00+00:00,8.3,83,0.0,0.0,0.0,0.0,100,3600.0,1.48,3.9,3
2025-10-26 14:00:00+00:00,8.0,84,0.0,0.0,0.0,0.0,100,311.17,1.11,3.8,3
2025-10-26 15:00:00+00:00,6.9,89,0.0,0.0,0.0,0.0,100,405.61,0.34,2.1,3
2025-10-26 16:00:00+00:00,6.1,90,0.0,0.0,0.0,0.0,100,0.0,0.36,0.9,3
2025-10-26 17:00:00+00:00,5.5,93,0.0,0.0,0.0,0.0,100,0.0,1.0,2.0,3
2025-10-26 18:00:00+00:00,5.3,94,0.0,0.0,0.0,0.0,100,0.0,1.0,2.2,3
2025-10-26 19:00:00+00:00,4.8,96,0.0,0.0,0.0,0.0,99,0.0,1.0,2.1,3
2025-10-26 20:00:00+00:00,4.5,97,0.0,0.0,0.0,0.0,98,0.0,1.3,2.7,3
2025-10-26 21:00:00+00:00,4.3,99,0.0,0.0,0.0,0.0,98,0.0,1.35,2.8,3
2025-10-26 22:00:00+00:00,4.5,95,0.0,0.0,0.0,0.0,100,0.0,1.38,2.9,3
2025-10-26 23:00:00+00:00,4.7,93,0.0,0.0,0.0,0.0,100,0.0,1.39,3.1,3
2025-10-27 00:00:00+00:00,4.6,96,0.0,0.0,0.0,0.0,100,0.0,1.5,3.1,3
2025-10-27 01:00:00+00:00,4.7,97,0.3,0.3,0.0,0.0,100,0.0,1.3,3.0,51
2025-10-27 02:00:00+00:00,4.6,98,0.5,0.5,0.0,0.0,100,0.0,1.35,3.0,53
2025-10-27 03:00:00+00:00,4.8,97,1.0,1.0,0.0,0.0,100,0.0,1.67,3.5,55
2025-10-27 04:00:00+00:00,4.9,97,1.0,1.0,0.0,0.0,100,0.0,1.57,3.6,55
2025-10-27 05:00:00+00:00,5.0,97,0.8,0.8,0.0,0.0,100,0.0,1.54,3.3,53
2025-10-27 06:00:00+00:00,6.1,92,0.6,0.6,0.0,0.0,100,0.0,2.21,3.6,53
2025-10-27 07:00:00+00:00,5.9,94,0.0,0.0,0.0,0.0,100,0.0,2.35,4.3,3
2025-10-27 08:00:00+00:00,5.9,94,0.0,0.0,0.0,0.0,100,0.0,2.73,5.4,3
2025-10-27 09:00:00+00:00,6.2,91,0.0,0.0,0.0,0.0,100,0.0,2.58,5.6,3
2025-10-27 10:00:00+00:00,6.5,88,0.0,0.0,0.0,0.0,98,0.0,2.17,5.8,3
2025-10-27 11:00:00+00:00,7.2,81,0.0,0.0,0.0,0.0,100,2550.03,1.87,5.1,3
2025-10-27 12:00:00+00:00,6.7,91,0.0,0.0,0.0,0.0,100,3600.0,1.46,4.8,3
2025-10-27 13:00:00+00:00,7.0,86,0.1,0.1,0.0,0.0,85,1352.99,1.03,3.9,51
2025-10-27 14:00:00+00:00,7.1,84,0.0,0.0,0.0,0.0,91,3166.84,1.39,3.3,3
2025-10-27 15:00:00+00:00,5.6,93,0.0,0.0,0.0,0.0,95,3600.0,1.14,3.2,3
2025-10-27 16:00:00+00:00,4.5,95,0.0,0.0,0.0,0.0,99,0.0,1.0,2.2,3
2025-10-27 17:00:00+00:00,4.6,96,0.0,0.0,0.0,0.0,100,0.0,0.68,2.0,3
2025-10-27 18:00:00+00:00,5.8,93,0.0,0.0,0.0,0.0,100,0.0,0.36,1.5,3
2025-10-27 19:00:00+00:00,5.1,94,0.0,0.0,0.0,0.0,91,0.0,0.27,1.1,3
2025-10-27 20:00:00+00:00,4.6,97,0.0,0.0,0.0,0.0,87,0.0,0.2,1.1,3
2025-10-27 21:00:00+00:00,4.1,99,0.0,0.0,0.0,0.0,8,0.0,0.3,1.0,0
2025-10-27 22:00:00+00:00,3.5,100,0.0,0.0,0.0,0.0,97,0.0,0.3,1.0,3
2025-10-27 23:00:00+00:00,3.1,100,0.0,0.0,0.0,0.0,99,0.0,0.27,0.9,3
2025-10-28 00:00:00+00:00,3.8,99,0.0,0.0,0.0,0.0,100,0.0,0.05,0.8,3
2025-10-28 01:00:00+00:00,3.1,99,0.0,0.0,0.0,0.0,100,0.0,0.1,0.5,3
2025-10-28 02:00:00+00:00,3.0,96,0.0,0.0,0.0,0.0,100,0.0,0.05,0.5,3
2025-10-28 03:00:00+00:00,2.8,94,0.0,0.0,0.0,0.0,100,0.0,0.16,0.9,3
2025-10-28 04:00:00+00:00,2.5,94,0.0,0.0,0.0,0.0,100,0.0,0.15,0.7,3
2025-10-28 05:00:00+00:00,2.0,97,0.0,0.0,0.0,0.0,100,0.0,0.07,0.7,3
2025-10-28 06:00:00+00:00,1.8,100,0.0,0.0,0.0,0.0,100,0.0,0.9,1.4,3
2025-10-28 07:00:00+00:00,1.4,99,0.0,0.0,0.0,0.0,100,0.0,1.36,2.8,3
2025-10-28 08:00:00+00:00,1.6,97,0.0,0.0,0.0,0.0,100,0.0,1.7,3.9,3
2025-10-28 09:00:00+00:00,2.2,96,0.0,0.0,0.0,0.0,100,0.0,1.45,4.0,3
2025-10-28 10:00:00+00:00,3.3,93,0.0,0.0,0.0,0.0,96,1545.52,1.38,3.9,3
2025-10-28 11:00:00+00:00,4.0,93,0.9,0.9,0.0,0.0,88,1685.1,1.44,3.9,53
2025-10-28 12:00:00+00:00,3.6,95,1.3,0.9,0.28,0.0,79,945.19,2.07,4.4,73
2025-10-28 13:00:00+00:00,4.2,93,0.0,0.0,0.0,0.0,97,3600.0,1.78,5.0,3
2025-10-28 14:00:00+00:00,4.1,93,0.0,0.0,0.0,0.0,99,0.0,1.46,4.3,3
2025-10-28 15:00:00+00:00,3.9,94,0.0,0.0,0.0,0.0,100,0.0,1.37,3.4,3
2025-10-28 16:00:00+00:00,2.7,97,0.0,0.0,0.0,0.0,99,0.0,0.73,3.0,3
2025-10-28 17:00:00+00:00,2.9,93,0.4,0.4,0.0,0.0,87,0.0,0.85,2.0,51
2025-10-28 18:00:00+00:00,3.5,97,1.0,1.0,0.0,0.0,86,0.0,0.69,2.1,55
2025-10-28 19:00:00+00:00,2.9,97,0.1,0.1,0.0,0.0,85,0.0,0.76,1.8,51
2025-10-28 20:00:00+00:00,2.6,99,0.0,0.0,0.0,0.0,78,0.0,0.89,1.9,2
2025-10-28 21:00:00+00:00,2.5,100,0.2,0.2,0.0,0.0,94,0.0,1.01,2.1,51
2025-10-28 22:00:00+00:00,2.8,100,0.0,0.0,0.0,0.0,100,0.0,1.2,2.4,3
2025-10-28 23:00:00+00:00,2.5,99,0.0,0.0,0.0,0.0,47,0.0,0.81,2.7,1
2025-10-29 00:00:00+00:00,3.0,94,0.0,0.0,0.0,0.0,100,0.0,0.16,1.7,3
2025-10-29 01:00:00+00:00,3.0,93,0.0,0.0,0.0,0.0,100,0.0,0.14,0.9,3
2025-10-29 02:00:00+00:00,3.1,93,0.0,0.0,0.0,0.0,63,0.0,0.05,0.7,2
2025-10-29 03:00:00+00:00,2.0,96,0.0,0.0,0.0,0.0,17,0.0,0.16,0.9,0
2025-10-29 04:00:00+00:00,1.7,100,0.0,0.0,0.0,0.0,23,0.0,0.18,0.9,1
2025-10-29 05:00:00+00:00,1.2,100,0.0,0.0,0.0,0.0,100,0.0,0.27,1.1,3
2025-10-29 06:00:00+00:00,1.8,100,0.0,0.0,0.0,0.0,100,0.0,0.34,1.2,3
2025-10-29 07:00:00+00:00,1.7,100,0.0,0.0,0.0,0.0,100,0.0,0.88,1.9,3
2025-10-29 08:00:00+00:00,2.2,100,0.0,0.0,0.0,0.0,100,1124.81,0.57,2.1,3
2025-10-29 09:00:00+00:00,2.7,99,0.0,0.0,0.0,0.0,100,2647.7,0.32,2.0,3
2025-10-29 10:00:00+00:00,3.8,93,0.0,0.0,0.0,0.0,100,3600.0,0.18,2.1,3
2025-10-29 11:00:00+00:00,4.7,88,0.0,0.0,0.0,0.0,93,2292.75,0.25,2.2,3
2025-10-29 12:00:00+00:00,5.0,89,0.0,0.0,0.0,0.0,100,3600.0,0.54,2.6,3
2025-10-29 13:00:00+00:00,5.4,85,0.0,0.0,0.0,0.0,100,2473.24,0.64,2.5,3
2025-10-29 14:00:00+00:00,5.5,83,0.0,0.0,0.0,0.0,100,0.0,1.01,2.4,3
2025-10-29 15:00:00+00:00,5.2,85,0.0,0.0,0.0,0.0,100,0.0,0.67,2.4,3
2025-10-29 16:00:00+00:00,4.9,87,0.0,0.0,0.0,0.0,100,0.0,0.96,2.0,3
2025-10-29 17:00:00+00:00,4.5,90,0.0,0.0,0.0,0.0,100,0.0,0.76,1.9,3
2025-10-29 18:00:00+00:00,4.9,89,0.1,0.1,0.0,0.0,94,0.0,2.02,2.6,51
2025-10-29 19:00:00+00:00,4.2,91,0.0,0.0,0.0,0.0,99,0.0,2.33,4.5,3
2025-10-29 20:00:00+00:00,4.1,93,0.3,0.3,0.0,0.0,95,0.0,2.69,5.1,51
2025-10-29 21:00:00+00:00,4.1,96,0.2,0.2,0.0,0.0,100,0.0,3.22,6.2,51
2025-10-29 22:00:00+00:00,4.1,98,0.1,0.1,0.0,0.0,100,0.0,3.57,7.2,51
2025-10-29 23:00:00+00:00,3.9,97,0.2,0.2,0.0,0.0,100,0.0,3.61,7.3,51
2025-10-30 00:00:00+00:00,4.4,98,0.1,0.1,0.0,0.0,100,0.0,4.3,7.4,51
2025-10-30 01:00:00+00:00,4.2,96,0.1,0.1,0.0,0.0,100,0.0,4.17,8.4,51
2025-10-30 02:00:00+00:00,4.2,95,0.0,0.0,0.0,0.0,100,0.0,4.16,8.2,3
2025-10-30 03:00:00+00:00,4.2,94,0.0,0.0,0.0,0.0,100,0.0,4.27,8.5,3
2025-10-30 04:00:00+00:00,4.2,94,0.0,0.0,0.0,0.0,100,0.0,4.31,8.7,3
2025-10-30 05:00:00+00:00,4.3,92,0.0,0.0,0.0,0.0,100,0.0,4.38,8.9,3
2025-10-30 06:00:00+00:00,4.4,91,0.0,0.0,0.0,0.0,100,0.0,4.32,9.0,3
2025-10-30 07:00:00+00:00,4.4,91,0.0,0.0,0.0,0.0,100,0.0,4.23,8.8,3
2025-10-30 08:00:00+00:00,4.5,89,0.0,0.0,0.0,0.0,100,0.0,4.11,8.7,3
2025-10-30 09:00:00+00:00,4.6,87,0.0,0.0,0.0,0.0,100,0.0,4.16,9.3,3
2025-10-30 10:00:00+00:00,4.9,85,0.0,0.0,0.0,0.0,100,0.0,4.59,9.8,3
2025-10-30 11:00:00+00:00,5.0,84,0.0,0.0,0.0,0.0,100,0.0,4.34,9.6,3
2025-10-30 12:00:00+00:00,5.5,80,0.0,0.0,0.0,0.0,100,0.0,4.27,9.0,3
2025-10-30 13:00:00+00:00,5.9,77,0.0,0.0,0.0,0.0,100,0.0,4.14,8.9,3
2025-10-30 14:00:00+00:00,6.0,77,0.0,0.0,0.0,0.0,100,0.0,3.61,8.8,3
2025-10-30 15:00:00+00:00,6.0,74,0.0,0.0,0.0,0.0,100,0.0,3.72,7.7,3
2025-10-30 16:00:00+00:00,5.3,75,0.0,0.0,0.0,0.0,100,0.0,3.3,7.7,3
2025-10-30 17:00:00+00:00,4.8,75,0.0,0.0,0.0,0.0,9,0.0,3.37,6.9,0
2025-10-30 18:00:00+00:00,4.4,77,0.0,0.0,0.0,0.0,0,0.0,3.84,7.1,0
2025-10-30 19:00:00+00:00,3.7,78,0.0,0.0,0.0,0.0,0,0.0,3.22,7.5,0
2025-10-30 20:00:00+00:00,3.2,78,0.0,0.0,0.0,0.0,4,0.0,2.25,6.6,0
2025-10-30 21:00:00+00:00,2.9,78,0.0,0.0,0.0,0.0,5,0.0,2.22,4.8,0
2025-10-30 22:00:00+00:00,2.8,77,0.0,0.0,0.0,0.0,1,0.0,2.36,5.0,0
2025-10-30 23:00:00+00:00,2.4,79,0.0,0.0,0.0,0.0,0,0.0,2.08,4.9,0
2025-10-31 00:00:00+00:00,2.4,78,0.0,0.0,0.0,0.0,0,0.0,2.04,4.5,0
2025-10-31 01:00:00+00:00,1.6,80,0.0,0.0,0.0,0.0,0,0.0,1.94,4.4,0
2025-10-31 02:00:00+00:00,1.0,81,0.0,0.0,0.0,0.0,0,0.0,1.75,4.2,0
2025-10-31 03:00:00+00:00,0.1,82,0.0,0.0,0.0,0.0,0,0.0,1.15,3.9,0
2025-10-31 04:00:00+00:00,-0.1,81,0.0,0.0,0.0,0.0,2,0.0,0.92,2.6,0
2025-10-31 05:00:00+00:00,-0.3,82,0.0,0.0,0.0,0.0,100,0.0,1.03,2.4,3
2025-10-31 06:00:00+00:00,0.5,87,0.0,0.0,0.0,0.0,98,0.0,1.28,3.2,3
2025-10-31 07:00:00+00:00,-0.4,85,0.0,0.0,0.0,0.0,100,0.0,0.32,2.9,3
2025-10-31 08:00:00+00:00,1.0,83,0.0,0.0,0.0,0.0,100,0.0,1.01,2.4,3
2025-10-31 09:00:00+00:00,1.6,80,0.0,0.0,0.0,0.0,100,0.0,1.25,2.9,3
2025-10-31 10:00:00+00:00,2.3,75,0.0,0.0,0.0,0.0,100,115.41,1.01,3.0,3
2025-10-31 11:00:00+00:00,3.0,72,0.0,0.0,0.0,0.0,100,3600.0,0.92,3.1,3
2025-10-31 12:00:00+00:00,2.9,79,0.0,0.0,0.0,0.0,97,0.0,1.19,3.0,3
2025-10-31 13:00:00+00:00,2.9,79,0.0,0.0,0.0,0.0,100,499.18,1.17,2.9,3
2025-10-31 14:00:00+00:00,2.6,83,0.0,0.0,0.0,0.0,90,0.0,1.42,3.7,3
2025-10-31 15:00:00+00:00,1.3,90,0.0,0.0,0.0,0.0,20,2597.28,1.06,3.0,1
2025-10-31 16:00:00+00:00,-0.4,94,0.0,0.0,0.0,0.0,50,0.0,1.1,2.4,2
2025-10-31 17:00:00+00:00,-0.4,95,0.0,0.0,0.0,0.0,15,0.0,1.36,2.7,0
2025-10-31 18:00:00+00:00,0.5,97,0.0,0.0,0.0,0.0,31,0.0,1.32,2.8,1
2025-10-31 19:00:00+00:00,0.8,96,0.0,0.0,0.0,0.0,100,0.0,1.37,2.9,3
2025-10-31 20:00:00+00:00,1.4,96,0.0,0.0,0.0,0.0,100,0.0,1.27,3.0,3
2025-10-31 21:00:00+00:00,2.3,95,0.0,0.0,0.0,0.0,100,0.0,1.26,3.1,3
2025-10-31 22:00:00+00:00,2.3,96,0.0,0.0,0.0,0.0,100,0.0,1.82,3.5,3
2025-10-31 23:00:00+00:00,2.5,95,0.0,0.0,0.0,0.0,100,0.0,1.62,3.7,3
2025-11-01 00:00:00+00:00,2.4,95,0.0,0.0,0.0,0.0,100,0.0,2.98,4.5,3
2025-11-01 01:00:00+00:00,2.2,96,0.0,0.0,0.0,0.0,100,0.0,2.4,5.7,3
2025-11-01 02:00:00+00:00,2.6,96,0.0,0.0,0.0,0.0,100,0.0,2.75,5.3,3
2025-11-01 03:00:00+00:00,2.9,95,0.0,0.0,0.0,0.0,100,0.0,3.22,6.3,3
2025-11-01 04:00:00+00:00,3.3,95,0.1,0.1,0.0,0.0,100,0.0,3.07,6.3,51
2025-11-01 05:00:00+00:00,3.6,95,0.0,0.0,0.0,0.0,100,0.0,2.9,6.0,3
2025-11-01 06:00:00+00:00,4.4,95,0.0,0.0,0.0,0.0,100,0.0,3.54,6.2,3
2025-11-01 07:00:00+00:00,4.8,94,0.0,0.0,0.0,0.0,100,0.0,3.88,7.6,3
2025-11-01 08:00:00+00:00,5.0,94,0.0,0.0,0.0,0.0,100,0.0,3.75,7.9,3
2025-11-01 09:00:00+00:00,5.4,93,0.0,0.0,0.0,0.0,100,0.0,3.68,7.4,3
2025-11-01 10:00:00+00:00,5.7,93,0.0,0.0,0.0,0.0,100,0.0,3.63,7.3,3
2025-11-01 11:00:00+00:00,5.9,92,0.0,0.0,0.0,0.0,100,0.0,3.77,7.8,3
2025-11-01 12:00:00+00:00,6.3,93,0.1,0.1,0.0,0.0,100,0.0,3.49,7.6,51
2025-11-01 13:00:00+00:00,6.9,91,0.1,0.1,0.0,0.0,100,0.0,4.03,8.2,51
2025-11-01 14:00:00+00:00,7.1,91,0.0,0.0,0.0,0.0,100,0.0,3.89,8.0,3
2025-11-01 15:00:00+00:00,7.2,91,0.0,0.0,0.0,0.0,100,0.0,4.61,9.0,3
2025-11-01 16:00:00+00:00,7.1,93,0.4,0.4,0.0,0.0,100,0.0,6.04,11.8,51
2025-11-01 17:00:00+00:00,7.0,96,1.9,1.9,0.0,0.0,100,0.0,6.58,13.0,61
2025-11-01 18:00:00+00:00,7.5,94,2.3,2.3,0.0,0.0,100,0.0,6.62,13.0,61
2025-11-01 19:00:00+00:00,7.7,96,3.6,3.6,0.0,0.0,100,0.0,7.06,14.0,63
2025-11-01 20:00:00+00:00,7.8,96,3.5,3.5,0.0,0.0,100,0.0,6.7,13.9,63
2025-11-01 21:00:00+00:00,7.7,97,3.0,3.0,0.0,0.0,100,0.0,6.13,13.5,63
2025-11-01 22:00:00+00:00,8.3,97,1.4,1.4,0.0,0.0,100,0.0,3.8,11.6,61
2025-11-01 23:00:00+00:00,8.3,98,0.5,0.5,0.0,0.0,68,0.0,4.19,8.0,53
2025-11-02 00:00:00+00:00,7.4,96,0.0,0.0,0.0,0.0,55,0.0,2.86,8.2,2
2025-11-02 01:00:00+00:00,8.5,97,0.0,0.0,0.0,0.0,99,0.0,3.71,7.0,3
2025-11-02 02:00:00+00:00,8.2,98,0.0,0.0,0.0,0.0,100,0.0,3.76,7.7,3
2025-11-02 03:00:00+00:00,7.8,98,0.0,0.0,0.0,0.0,100,0.0,2.98,7.1,3
2025-11-02 04:00:00+00:00,7.3,99,0.0,0.0,0.0,0.0,100,0.0,2.68,5.8,3
2025-11-02 05:00:00+00:00,6.9,99,0.0,0.0,0.0,0.0,100,0.0,2.82,5.4,3
2025-11-02 06:00:00+00:00,7.2,100,0.0,0.0,0.0,0.0,100,0.0,2.56,5.7,3
2025-11-02 07:00:00+00:00,6.9,100,0.0,0.0,0.0,0.0,100,0.0,2.83,5.4,3
2025-11-02 08:00:00+00:00,6.8,99,0.0,0.0,0.0,0.0,100,0.0,3.2,6.1,3
2025-11-02 09:00:00+00:00,6.8,99,0.0,0.0,0.0,0.0,100,0.0,1.97,6.3,3
2025-11-02 10:00:00+00:00,6.8,98,0.0,0.0,0.0,0.0,100,0.0,2.12,4.7,3
2025-11-02 11:00:00+00:00,7.0,96,0.0,0.0,0.0,0.0,100,0.0,2.3,5.3,3
2025-11-02 12:00:00+00:00,7.1,98,0.0,0.0,0.0,0.0,100,0.0,1.13,5.1,3
2025-11-02 13:00:00+00:00,7.6,96,0.2,0.2,0.0,0.0,100,0.0,1.69,3.9,51
2025-11-02 14:00:00+00:00,7.2,98,0.1,0.1,0.0,0.0,100,0.0,1.4,3.4,51
2025-11-02 15:00:00+00:00,6.6,97,0.2,0.2,0.0,0.0,84,0.0,1.8,3.6,51
2025-11-02 16:00:00+00:00,5.8,95,0.0,0.0,0.0,0.0,2,0.0,2.0,3.6,0
2025-11-02 17:00:00+00:00,5.0,94,0.0,0.0,0.0,0.0,2,0.0,2.49,4.5,0
2025-11-02 18:00:00+00:00,5.4,97,0.0,0.0,0.0,0.0,41,0.0,2.21,5.1,1
2025-11-02 19:00:00+00:00,4.6,99,0.0,0.0,0.0,0.0,99,0.0,1.53,3.8,3
2025-11-02 20:00:00+00:00,4.4,99,0.0,0.0,0.0,0.0,66,0.0,1.8,3.5,2
2025-11-02 21:00:00+00:00,4.2,100,0.0,0.0,0.0,0.0,100,0.0,1.45,3.6,3
2025-11-02 22:00:00+00:00,4.0,100,0.0,0.0,0.0,0.0,98,0.0,1.65,3.4,3
2025-11-02 23:00:00+00:00,3.7,100,0.0,0.0,0.0,0.0,100,0.0,1.4,3.4,3
2025-11-03 00:00:00+00:00,4.3,100,0.0,0.0,0.0,0.0,100,0.0,1.52,3.1,3
2025-11-03 01:00:00+00:00,4.2,100,0.0,0.0,0.0,0.0,100,0.0,1.05,3.2,3
2025-11-03 02:00:00+00:00,4.5,99,0.2,0.2,0.0,0.0,99,0.0,1.25,3.2,51
2025-11-03 03:00:00+00:00,4.3,98,1.3,1.3,0.0,0.0,99,0.0,1.29,3.6,61
2025-11-03 04:00:00+00:00,4.5,96,1.2,1.2,0.0,0.0,100,0.0,1.14,3.6,55
2025-11-03 05:00:00+00:00,5.1,94,0.0,0.0,0.0,0.0,100,0.0,0.61,2.2,3
2025-11-03 06:00:00+00:00,5.3,96,0.0,0.0,0.0,0.0,41,0.0,1.39,1.5,1
2025-11-03 07:00:00+00:00,5.1,97,0.0,0.0,0.0,0.0,36,0.0,1.81,3.5,1
2025-11-03 08:00:00+00:00,5.7,97,0.0,0.0,0.0,0.0,35,3600.0,2.62,4.3,1
2025-11-03 09:00:00+00:00,6.5,97,0.0,0.0,0.0,0.0,44,3600.0,2.9,5.7,1
2025-11-03 10:00:00+00:00,6.8,96,0.0,0.0,0.0,0.0,38,2028.36,3.35,6.8,1
2025-11-03 11:00:00+00:00,7.1,92,0.0,0.0,0.0,0.0,5,3600.0,3.32,7.2,0
2025-11-03 12:00:00+00:00,7.7,91,0.0,0.0,0.0,0.0,69,3600.0,2.8,7.4,2
2025-11-03 13:00:00+00:00,8.3,87,0.0,0.0,0.0,0.0,23,3600.0,2.29,6.0,1
2025-11-03 14:00:00+00:00,8.3,86,0.0,0.0,0.0,0.0,30,3600.0,2.72,5.1,1
2025-11-03 15:00:00+00:00,7.5,88,0.1,0.1,0.0,0.0,37,3600.0,3.11,6.8,51
2025-11-03 16:00:00+00:00,6.6,92,0.1,0.1,0.0,0.0,100,0.0,3.14,6.1,51
2025-11-03 17:00:00+00:00,6.7,92,0.0,0.0,0.0,0.0,100,0.0,3.17,6.4,3
2025-11-03 18:00:00+00:00,7.0,94,0.3,0.3,0.0,0.0,100,0.0,3.78,6.1,51
2025-11-03 19:00:00+00:00,7.1,97,0.8,0.8,0.0,0.0,100,0.0,3.71,7.6,53
2025-11-03 20:00:00+00:00,7.4,98,0.6,0.6,0.0,0.0,100,0.0,4.1,7.9,53
2025-11-03 21:00:00+00:00,7.7,96,0.0,0.0,0.0,0.0,100,0.0,3.97,8.3,3
2025-11-03 22:00:00+00:00,7.8,95,0.0,0.0,0.0,0.0,100,0.0,4.14,8.4,3
2025-11-03 23:00:00+00:00,7.9,96,0.0,0.0,0.0,0.0,100,0.0,4.35,8.5,3
2025-11-04 00:00:00+00:00,7.8,98,0.0,0.0,0.0,0.0,100,0.0,3.34,8.4,3
2025-11-04 01:00:00+00:00,8.5,98,0.0,0.0,0.0,0.0,100,0.0,3.62,7.3,3
2025-11-04 02:00:00+00:00,8.8,99,0.1,0.1,0.0,0.0,100,0.0,3.02,6.8,51
2025-11-04 03:00:00+00:00,9.4,99,0.3,0.3,0.0,0.0,100,0.0,3.44,6.7,51
2025-11-04 04:00:00+00:00,9.7,99,0.4,0.4,0.0,0.0,100,0.0,4.06,7.8,51
2025-11-04 05:00:00+00:00,10.1,99,0.0,0.0,0.0,0.0,100,0.0,4.63,9.1,3
2025-11-04 06:00:00+00:00,10.4,98,0.1,0.1,0.0,0.0,100,0.0,4.6,10.1,51
2025-11-04 07:00:00+00:00,11.1,97,0.0,0.0,0.0,0.0,100,0.0,6.27,12.0,3
2025-11-04 08:00:00+00:00,11.1,97,0.0,0.0,0.0,0.0,100,0.0,6.74,13.1,3
2025-11-04 09:00:00+00:00,11.2,97,0.0,0.0,0.0,0.0,100,0.0,6.83,13.4,3
2025-11-04 10:00:00+00:00,11.5,95,0.0,0.0,0.0,0.0,95,0.0,6.22,13.4,3
2025-11-04 11:00:00+00:00,12.6,88,0.0,0.0,0.0,0.0,94,2695.37,6.16,12.4,3
2025-11-04 12:00:00+00:00,13.2,84,0.0,0.0,0.0,0.0,94,3600.0,6.46,13.4,3
2025-11-04 13:00:00+00:00,13.5,81,0.0,0.0,0.0,0.0,98,3600.0,6.85,13.9,3
2025-11-04 14:00:00+00:00,13.0,81,0.0,0.0,0.0,0.0,90,1967.63,6.67,13.9,3
2025-11-04 15:00:00+00:00,12.0,86,0.0,0.0,0.0,0.0,77,611.99,6.24,13.4,2
2025-11-04 16:00:00+00:00,11.4,90,0.0,0.0,0.0,0.0,84,0.0,5.73,12.5,3
2025-11-04 17:00:00+00:00,10.9,94,0.0,0.0,0.0,0.0,100,0.0,5.51,11.5,3
2025-11-04 18:00:00+00:00,11.2,94,0.6,0.6,0.0,0.0,100,0.0,5.09,10.9,53
2025-11-04 19:00:00+00:00,11.5,95,0.0,0.0,0.0,0.0,100,0.0,5.16,10.4,3
2025-11-04 20:00:00+00:00,11.4,96,0.0,0.0,0.0,0.0,100,0.0,4.47,10.3,3
2025-11-04 21:00:00+00:00,11.3,96,0.0,0.0,0.0,0.0,100,0.0,4.41,9.2,3
2025-11-04 22:00:00+00:00,11.0,97,0.0,0.0,0.0,0.0,100,0.0,4.59,8.8,3
2025-11-04 23:00:00+00:00,10.8,96,0.0,0.0,0.0,0.0,97,0.0,5.01,9.8,3
2025-11-05 00:00:00+00:00,11.0,95,0.0,0.0,0.0,0.0,100,0.0,4.12,10.1,3
2025-11-05 01:00:00+00:00,11.2,95,0.0,0.0,0.0,0.0,100,0.0,4.84,9.9,3
2025-11-05 02:00:00+00:00,11.2,96,0.0,0.0,0.0,0.0,100,0.0,3.81,9.7,3
2025-11-05 03:00:00+00:00,11.1,96,0.0,0.0,0.0,0.0,100,0.0,5.37,10.2,3
2025-11-05 04:00:00+00:00,10.7,96,0.0,0.0,0.0,0.0,100,0.0,5.46,11.2,3
2025-11-05 05:00:00+00:00,10.6,96,0.0,0.0,0.0,0.0,100,0.0,5.22,10.9,3
2025-11-05 06:00:00+00:00,10.8,97,0.0,0.0,0.0,0.0,100,0.0,4.99,10.2,3
2025-11-05 07:00:00+00:00,10.9,97,0.0,0.0,0.0,0.0,100,0.0,4.76,10.1,3
2025-11-05 08:00:00+00:00,10.8,98,0.2,0.2,0.0,0.0,100,0.0,4.58,9.0,51
2025-11-05 09:00:00+00:00,10.9,98,0.1,0.1,0.0,0.0,100,0.0,4.86,9.5,51
2025-11-05 10:00:00+00:00,10.9,98,0.0,0.0,0.0,0.0,100,0.0,4.67,9.6,3
2025-11-05 11:00:00+00:00,11.2,96,0.0,0.0,0.0,0.0,97,804.95,5.04,10.3,3
2025-11-05 12:00:00+00:00,11.5,95,0.0,0.0,0.0,0.0,88,0.0,4.57,9.9,3
2025-11-05 13:00:00+00:00,12.2,90,0.0,0.0,0.0,0.0,77,636.67,4.28,9.6,2
2025-11-05 14:00:00+00:00,12.0,91,0.0,0.0,0.0,0.0,88,658.78,4.39,9.1,3
2025-11-05 15:00:00+00:00,11.2,92,0.0,0.0,0.0,0.0,100,0.0,3.77,8.6,3
2025-11-05 16:00:00+00:00,10.6,95,0.0,0.0,0.0,0.0,100,0.0,3.45,7.4,3
2025-11-05 17:00:00+00:00,10.3,97,0.0,0.0,0.0,0.0,100,0.0,3.0,6.7,3
2025-11-05 18:00:00+00:00,10.3,98,0.0,0.0,0.0,0.0,100,0.0,2.92,5.7,3
2025-11-05 19:00:00+00:00,10.4,99,0.0,0.0,0.0,0.0,100,0.0,3.36,6.5,3
2025-11-05 20:00:00+00:00,10.4,100,0.1,0.1,0.0,0.0,100,0.0,3.11,6.3,51
2025-11-05 21:00:00+00:00,10.4,100,0.1,0.1,0.0,0.0,100,0.0,2.55,5.8,51
2025-11-05 22:00:00+00:00,10.4,100,0.0,0.0,0.0,0.0,100,0.0,2.16,4.6,3
2025-11-05 23:00:00+00:00,10.5,99,0.1,0.1,0.0,0.0,100,0.0,2.16,4.0,51
2025-11-06 00:00:00+00:00,10.1,100,0.0,0.0,0.0,0.0,100,0.0,1.25,4.4,3
2025-11-06 01:00:00+00:00,10.1,100,0.3,0.3,0.0,0.0,100,0.0,1.63,3.0,51
2025-11-06 02:00:00+00:00,10.1,99,0.6,0.6,0.0,0.0,100,0.0,2.02,3.7,53
2025-11-06 03:00:00+00:00,10.1,99,0.3,0.3,0.0,0.0,100,0.0,1.93,4.4,51
2025-11-06 04:00:00+00:00,10.1,99,0.3,0.3,0.0,0.0,100,0.0,1.96,3.8,51
2025-11-06 05:00:00+00:00,10.3,99,0.7,0.7,0.0,0.0,100,0.0,2.76,5.2,53
2025-11-06 06:00:00+00:00,11.1,98,0.6,0.6,0.0,0.0,100,0.0,3.2,5.9,53
2025-11-06 07:00:00+00:00,10.9,99,0.1,0.1,0.0,0.0,100,0.0,3.7,7.1,51
2025-11-06 08:00:00+00:00,10.9,98,0.0,0.0,0.0,0.0,100,0.0,3.72,7.2,3
2025-11-06 09:00:00+00:00,10.9,99,0.0,0.0,0.0,0.0,100,0.0,3.65,6.9,3
2025-11-06 10:00:00+00:00,11.0,99,0.0,0.0,0.0,0.0,100,0.0,3.81,7.4,3
2025-11-06 11:00:00+00:00,11.1,98,0.0,0.0,0.0,0.0,100,0.0,3.93,7.5,3
2025-11-06 12:00:00+00:00,11.2,99,0.1,0.1,0.0,0.0,100,0.0,2.82,7.4,51
2025-11-06 13:00:00+00:00,10.9,100,0.6,0.6,0.0,0.0,100,0.0,2.47,5.2,53
2025-11-06 14:00:00+00:00,10.8,100,0.2,0.2,0.0,0.0,100,0.0,2.72,5.0,51
2025-11-06 15:00:00+00:00,10.7,99,0.0,0.0,0.0,0.0,100,0.0,2.8,5.0,3
2025-11-06 16:00:00+00:00,10.2,99,0.0,0.0,0.0,0.0,100,0.0,2.81,5.4,3
2025-11-06 17:00:00+00:00,9.9,99,0.0,0.0,0.0,0.0,100,0.0,3.15,5.9,3
2025-11-06 18:00:00+00:00,10.1,99,0.0,0.0,0.0,0.0,100,0.0,2.07,5.9,3
2025-11-06 19:00:00+00:00,10.2,98,0.0,0.0,0.0,0.0,100,0.0,2.61,4.8,3
2025-11-06 20:00:00+00:00,10.1,99,0.0,0.0,0.0,0.0,100,0.0,2.46,4.8,3
2025-11-06 21:00:00+00:00,10.1,99,0.0,0.0,0.0,0.0,100,0.0,2.48,4.8,3
2025-11-06 22:00:00+00:00,10.0,99,0.0,0.0,0.0,0.0,100,0.0,2.25,4.6,3
2025-11-06 23:00:00+00:00,9.8,100,0.0,0.0,0.0,0.0,100,0.0,1.25,4.1,3
2025-11-07 00:00:00+00:00,10.1,100,0.0,0.0,0.0,0.0,100,0.0,1.37,2.7,3
2025-11-07 01:00:00+00:00,10.0,100,0.0,0.0,0.0,0.0,100,0.0,1.61,3.2,3
2025-11-07 02:00:00+00:00,9.7,100,0.0,0.0,0.0,0.0,100,0.0,1.95,3.7,3
2025-11-07 03:00:00+00:00,9.5,100,0.0,0.0,0.0,0.0,100,0.0,1.93,3.9,3
2025-11-07 04:00:00+00:00,9.5,100,0.0,0.0,0.0,0.0,100,0.0,1.17,3.6,3
2025-11-07 05:00:00+00:00,9.3,100,0.0,0.0,0.0,0.0,100,0.0,1.25,2.3,3
2025-11-07 06:00:00+00:00,9.5,99,0.0,0.0,0.0,0.0,100,0.0,0.7,2.6,3
2025-11-07 07:00:00+00:00,9.8,99,0.0,0.0,0.0,0.0,100,0.0,1.61,2.7,3
2025-11-07 08:00:00+00:00,9.8,99,0.0,0.0,0.0,0.0,100,0.0,1.95,3.5,3
2025-11-07 09:00:00+00:00,9.6,98,0.0,0.0,0.0,0.0,100,0.0,2.11,4.2,3
2025-11-07 10:00:00+00:00,9.5,97,0.0,0.0,0.0,0.0,100,0.0,1.78,4.4,3
2025-11-07 11:00:00+00:00,9.4,97,0.0,0.0,0.0,0.0,100,0.0,1.66,4.0,3
2025-11-07 12:00:00+00:00,9.2,98,0.1,0.1,0.0,0.0,100,0.0,1.02,4.0,51
2025-11-07 13:00:00+00:00,9.4,94,0.1,0.1,0.0,0.0,100,0.0,1.39,3.2,51
2025-11-07 14:00:00+00:00,9.2,94,0.0,0.0,0.0,0.0,100,0.0,1.24,3.2,3
2025-11-07 15:00:00+00:00,8.8,97,0.0,0.0,0.0,0.0,100,0.0,0.51,2.6,3
2025-11-07 16:00:00+00:00,8.5,98,0.0,0.0,0.0,0.0,100,0.0,0.51,1.0,3
2025-11-07 17:00:00+00:00,8.5,96,0.0,0.0,0.0,0.0,100,0.0,0.47,0.9,3
2025-11-07 18:00:00+00:00,8.4,95,0.0,0.0,0.0,0.0,99,0.0,0.65,0.9,3
2025-11-07 19:00:00+00:00,8.2,97,0.0,0.0,0.0,0.0,100,0.0,0.64,1.5,3
2025-11-07 20:00:00+00:00,8.1,97,0.0,0.0,0.0,0.0,100,0.0,0.11,1.1,3
2025-11-07 21:00:00+00:00,8.0,95,0.1,0.1,0.0,0.0,100,0.0,0.32,0.6,51
2025-11-07 22:00:00+00:00,8.4,96,0.1,0.1,0.0,0.0,100,0.0,1.35,2.0,51
2025-11-07 23:00:00+00:00,8.1,98,0.1,0.1,0.0,0.0,100,0.0,1.4,2.8,51
2025-11-08 00:00:00+00:00,8.3,97,0.0,0.0,0.0,0.0,100,0.0,1.5,2.6,3
2025-11-08 01:00:00+00:00,8.4,96,0.1,0.1,0.0,0.0,100,0.0,1.66,3.1,51
2025-11-08 02:00:00+00:00,8.1,98,0.1,0.1,0.0,0.0,100,0.0,1.06,3.0,51
2025-11-08 03:00:00+00:00,8.0,97,0.0,0.0,0.0,0.0,100,0.0,0.85,2.0,3
2025-11-08 04:00:00+00:00,8.0,96,0.0,0.0,0.0,0.0,100,0.0,0.7,1.5,3
2025-11-08 05:00:00+00:00,7.9,97,0.0,0.0,0.0,0.0,100,0.0,0.7,1.3,3
2025-11-08 06:00:00+00:00,7.9,96,0.0,0.0,0.0,0.0,100,0.0,0.76,1.3,3
2025-11-08 07:00:00+00:00,8.0,96,0.0,0.0,0.0,0.0,100,0.0,0.47,1.3,3
2025-11-08 08:00:00+00:00,8.2,94,0.0,0.0,0.0,0.0,100,0.0,0.6,0.8,3
2025-11-08 09:00:00+00:00,8.3,95,0.0,0.0,0.0,0.0,100,0.0,0.62,1.6,3
2025-11-08 10:00:00+00:00,8.4,90,0.0,0.0,0.0,0.0,100,0.0,0.81,2.2,3
2025-11-08 11:00:00+00:00,8.4,88,0.0,0.0,0.0,0.0,100,0.0,1.31,3.1,3
2025-11-08 12:00:00+00:00,7.9,91,0.0,0.0,0.0,0.0,100,0.0,1.25,3.2,3
2025-11-08 13:00:00+00:00,7.9,89,0.0,0.0,0.0,0.0,100,0.0,1.11,2.5,3
2025-11-08 14:00:00+00:00,7.9,89,0.0,0.0,0.0,0.0,100,0.0,0.95,2.5,3
2025-11-08 15:00:00+00:00,7.7,91,0.0,0.0,0.0,0.0,100,0.0,0.11,2.0,3
2025-11-08 16:00:00+00:00,7.5,92,0.0,0.0,0.0,0.0,100,0.0,0.1,0.3,3
2025-11-08 17:00:00+00:00,7.3,92,0.0,0.0,0.0,0.0,100,0.0,0.22,0.5,3
2025-11-08 18:00:00+00:00,7.2,93,0.0,0.0,0.0,0.0,100,0.0,0.54,0.9,3
2025-11-08 19:00:00+00:00,7.2,93,0.0,0.0,0.0,0.0,100,0.0,0.65,1.1,3
2025-11-08 20:00:00+00:00,7.0,93,0.0,0.0,0.0,0.0,100,0.0,0.87,1.6,3
2025-11-08 21:00:00+00:00,6.9,92,0.0,0.0,0.0,0.0,100,0.0,0.83,1.6,3
2025-11-08 22:00:00+00:00,7.0,89,0.0,0.0,0.0,0.0,100,0.0,0.76,1.5,3
2025-11-08 23:00:00+00:00,6.8,89,0.0,0.0,0.0,0.0,100,0.0,0.75,1.5,3
2025-11-09 00:00:00+00:00,6.6,92,0.0,0.0,0.0,0.0,100,0.0,0.27,1.3,3
2025-11-09 01:00:00+00:00,6.6,92,0.0,0.0,0.0,0.0,100,0.0,0.05,0.6,3
2025-11-09 02:00:00+00:00,6.4,93,0.0,0.0,0.0,0.0,100,0.0,0.4,0.9,3
2025-11-09 03:00:00+00:00,6.3,95,0.0,0.0,0.0,0.0,100,0.0,0.65,1.3,3
2025-11-09 04:00:00+00:00,6.1,96,0.0,0.0,0.0,0.0,100,0.0,0.57,1.4,3
2025-11-09 05:00:00+00:00,6.0,93,0.0,0.0,0.0,0.0,100,0.0,0.5,1.3,3
2025-11-09 06:00:00+00:00,5.5,92,0.0,0.0,0.0,0.0,100,0.0,1.33,1.7,3
2025-11-09 07:00:00+00:00,5.2,91,0.0,0.0,0.0,0.0,100,0.0,1.17,2.7,3
2025-11-09 08:00:00+00:00,5.1,90,0.0,0.0,0.0,0.0,100,0.0,1.31,2.9,3
2025-11-09 09:00:00+00:00,5.1,89,0.0,0.0,0.0,0.0,98,328.3,1.26,3.2,3
2025-11-09 10:00:00+00:00,5.3,87,0.0,0.0,0.0,0.0,75,0.0,1.14,3.3,2
2025-11-09 11:00:00+00:00,5.6,83,0.0,0.0,0.0,0.0,96,0.0,0.89,3.3,3
2025-11-09 12:00:00+00:00,5.2,86,0.0,0.0,0.0,0.0,100,1171.22,0.87,3.0,3
2025-11-09 13:00:00+00:00,5.3,85,0.0,0.0,0.0,0.0,100,0.0,0.69,2.6,3
2025-11-09 14:00:00+00:00,5.2,85,0.0,0.0,0.0,0.0,100,0.0,0.81,2.4,3
2025-11-09 15:00:00+00:00,4.8,87,0.0,0.0,0.0,0.0,100,0.0,0.8,2.3,3
2025-11-09 16:00:00+00:00,4.8,86,0.0,0.0,0.0,0.0,100,0.0,0.81,2.1,3
2025-11-09 17:00:00+00:00,4.6,87,0.0,0.0,0.0,0.0,100,0.0,0.46,2.0,3
2025-11-09 18:00:00+00:00,4.5,90,0.0,0.0,0.0,0.0,100,0.0,0.2,1.3,3
2025-11-09 19:00:00+00:00,3.9,89,0.0,0.0,0.0,0.0,100,0.0,0.16,0.6,3
2025-11-09 20:00:00+00:00,4.0,89,0.0,0.0,0.0,0.0,100,0.0,0.25,0.8,3
2025-11-09 21:00:00+00:00,4.2,88,0.0,0.0,0.0,0.0,100,0.0,0.45,1.4,3
2025-11-09 22:00:00+00:00,4.2,87,0.0,0.0,0.0,0.0,100,0.0,0.45,1.3,3
2025-11-09 23:00:00+00:00,4.3,87,0.0,0.0,0.0,0.0,100,0.0,1.03,2.5,3
2025-11-10 00:00:00+00:00,4.2,90,0.0,0.0,0.0,0.0,100,0.0,0.96,2.6,3
2025-11-10 01:00:00+00:00,3.7,92,0.0,0.0,0.0,0.0,100,0.0,0.46,2.2,3
2025-11-10 02:00:00+00:00,4.1,89,0.0,0.0,0.0,0.0,100,0.0,0.71,1.8,3
2025-11-10 03:00:00+00:00,4.1,90,0.0,0.0,0.0,0.0,100,0.0,0.57,1.8,3
2025-11-10 04:00:00+00:00,4.2,89,0.0,0.0,0.0,0.0,100,0.0,0.54,1.7,3
2025-11-10 05:00:00+00:00,4.1,91,0.0,0.0,0.0,0.0,100,0.0,0.46,1.5,3
2025-11-10 06:00:00+00:00,4.3,90,0.0,0.0,0.0,0.0,100,0.0,0.54,1.4,3
2025-11-10 07:00:00+00:00,4.1,92,0.0,0.0,0.0,0.0,100,0.0,0.1,1.2,3
2025-11-10 08:00:00+00:00,4.5,90,0.0,0.0,0.0,0.0,100,0.0,0.22,0.8,3
2025-11-10 09:00:00+00:00,4.9,88,0.0,0.0,0.0,0.0,100,0.0,0.28,1.6,3
2025-11-10 10:00:00+00:00,5.2,87,0.0,0.0,0.0,0.0,100,0.0,0.18,1.5,3
2025-11-10 11:00:00+00:00,5.5,85,0.0,0.0,0.0,0.0,100,0.0,0.07,1.6,3
2025-11-10 12:00:00+00:00,5.4,88,0.0,0.0,0.0,0.0,100,0.0,0.55,1.9,3
2025-11-10 13:00:00+00:00,5.6,88,0.0,0.0,0.0,0.0,100,0.0,0.5,2.0,3
2025-11-10 14:00:00+00:00,5.7,88,0.0,0.0,0.0,0.0,100,0.0,0.57,1.7,3
2025-11-10 15:00:00+00:00,5.5,90,0.0,0.0,0.0,0.0,100,0.0,0.67,1.6,3
2025-11-10 16:00:00+00:00,5.4,91,0.0,0.0,0.0,0.0,100,0.0,0.65,1.7,3
2025-11-10 17:00:00+00:00,5.3,92,0.0,0.0,0.0,0.0,100,0.0,0.49,1.6,3
2025-11-10 18:00:00+00:00,5.3,90,0.0,0.0,0.0,0.0,100,0.0,0.55,1.2,3
2025-11-10 19:00:00+00:00,5.2,91,0.0,0.0,0.0,0.0,100,0.0,0.66,1.5,3
2025-11-10 20:00:00+00:00,5.3,91,0.0,0.0,0.0,0.0,100,0.0,0.81,1.8,3
2025-11-10 21:00:00+00:00,5.4,93,0.0,0.0,0.0,0.0,100,0.0,0.9,2.1,3
2025-11-10 22:00:00+00:00,5.4,94,0.0,0.0,0.0,0.0,100,0.0,0.76,2.1,3
2025-11-10 23:00:00+00:00,5.5,95,0.0,0.0,0.0,0.0,100,0.0,0.67,1.7,3
2025-11-11 00:00:00+00:00,5.6,94,0.0,0.0,0.0,0.0,100,0.0,0.76,1.5,3
2025-11-11 01:00:00+00:00,5.6,95,0.0,0.0,0.0,0.0,100,0.0,1.35,2.5,3
2025-11-11 02:00:00+00:00,5.6,94,0.0,0.0,0.0,0.0,100,0.0,0.99,2.7,3
2025-11-11 03:00:00+00:00,5.6,93,0.0,0.0,0.0,0.0,100,0.0,1.04,2.0,3
2025-11-11 04:00:00+00:00,5.8,92,0.0,0.0,0.0,0.0,100,0.0,1.29,2.5,3
2025-11-11 05:00:00+00:00,6.1,93,0.0,0.0,0.0,0.0,100,0.0,1.31,2.6,3
2025-11-11 06:00:00+00:00,6.2,95,0.0,0.0,0.0,0.0,100,0.0,0.99,2.8,3
2025-11-11 07:00:00+00:00,6.4,97,0.0,0.0,0.0,0.0,100,0.0,1.52,3.0,3
2025-11-11 08:00:00+00:00,6.7,97,0.0,0.0,0.0,0.0,100,0.0,1.91,3.7,3
2025-11-11 09:00:00+00:00,7.0,95,0.0,0.0,0.0,0.0,100,0.0,2.4,4.6,3
2025-11-11 10:00:00+00:00,7.2,96,0.0,0.0,0.0,0.0,100,0.0,2.47,4.9,3
2025-11-11 11:00:00+00:00,7.4,96,0.0,0.0,0.0,0.0,100,0.0,2.26,4.9,3
2025-11-11 12:00:00+00:00,7.2,97,0.2,0.2,0.0,0.0,100,175.1,2.94,5.0,51
2025-11-11 13:00:00+00:00,7.0,98,0.5,0.5,0.0,0.0,100,0.0,4.1,7.3,53
2025-11-11 14:00:00+00:00,7.1,90,0.4,0.4,0.0,0.0,100,0.0,4.16,7.8,51
2025-11-11 15:00:00+00:00,6.9,97,0.1,0.1,0.0,0.0,99,0.0,3.11,7.7,51
2025-11-11 16:00:00+00:00,6.8,97,0.0,0.0,0.0,0.0,99,0.0,3.02,5.9,3
2025-11-11 17:00:00+00:00,6.5,97,0.0,0.0,0.0,0.0,100,0.0,3.23,6.3,3
2025-11-11 18:00:00+00:00,6.6,95,0.0,0.0,0.0,0.0,100,0.0,3.54,6.6,3
2025-11-11 19:00:00+00:00,6.5,96,0.0,0.0,0.0,0.0,100,0.0,3.76,7.2,3
2025-11-11 20:00:00+00:00,6.7,96,0.0,0.0,0.0,0.0,100,0.0,3.94,7.8,3
2025-11-11 21:00:00+00:00,6.9,96,0.0,0.0,0.0,0.0,100,0.0,3.89,7.6,3
2025-11-11 22:00:00+00:00,7.0,96,0.0,0.0,0.0,0.0,100,0.0,4.0,8.0,3
2025-11-11 23:00:00+00:00,7.3,96,0.0,0.0,0.0,0.0,100,0.0,4.24,8.4,3
2025-11-12 00:00:00+00:00,7.6,97,0.0,0.0,0.0,0.0,100,0.0,4.32,8.4,3
2025-11-12 01:00:00+00:00,8.0,96,0.0,0.0,0.0,0.0,100,0.0,4.29,8.3,3
2025-11-12 02:00:00+00:00,8.1,96,0.1,0.1,0.0,0.0,100,0.0,4.2,8.5,51
2025-11-12 03:00:00+00:00,8.1,98,0.5,0.5,0.0,0.0,100,0.0,4.02,8.1,53
2025-11-12 04:00:00+00:00,8.6,98,0.5,0.5,0.0,0.0,100,0.0,5.23,10.3,53
2025-11-12 05:00:00+00:00,8.9,98,0.6,0.6,0.0,0.0,100,0.0,6.82,13.3,53
2025-11-12 06:00:00+00:00,9.5,97,0.5,0.5,0.0,0.0,100,0.0,7.5,14.7,53
2025-11-12 07:00:00+00:00,9.3,98,0.5,0.5,0.0,0.0,100,0.0,7.09,14.6,53
2025-11-12 08:00:00+00:00,9.0,98,0.9,0.9,0.0,0.0,100,0.0,7.28,14.6,53
2025-11-12 09:00:00+00:00,8.9,98,1.5,1.5,0.0,0.0,100,0.0,7.54,14.9,61
2025-11-12 10:00:00+00:00,8.8,98,1.4,1.4,0.0,0.0,100,0.0,7.37,15.3,61
2025-11-12 11:00:00+00:00,9.0,98,1.0,1.0,0.0,0.0,100,0.0,6.91,14.9,55
2025-11-12 12:00:00+00:00,9.9,96,0.0,0.0,0.0,0.0,70,0.0,6.65,13.8,2
2025-11-12 13:00:00+00:00,10.8,94,0.0,0.0,0.0,0.0,16,0.0,6.21,13.2,0
2025-11-12 14:00:00+00:00,11.1,93,0.0,0.0,0.0,0.0,8,826.04,5.97,12.4,0
2025-11-12 15:00:00+00:00,10.8,90,0.0,0.0,0.0,0.0,2,432.63,6.03,12.4,0
2025-11-12 16:00:00+00:00,10.2,87,0.0,0.0,0.0,0.0,1,0.0,6.3,12.8,0
2025-11-12 17:00:00+00:00,9.8,84,0.0,0.0,0.0,0.0,2,0.0,5.96,12.6,0
2025-11-12 18:00:00+00:00,10.1,75,0.0,0.0,0.0,0.0,83,0.0,6.15,12.0,3
2025-11-12 19:00:00+00:00,10.0,79,0.0,0.0,0.0,0.0,68,0.0,6.68,13.7,2
2025-11-12 20:00:00+00:00,9.7,85,0.0,0.0,0.0,0.0,60,0.0,5.77,13.5,2
2025-11-12 21:00:00+00:00,9.7,84,0.0,0.0,0.0,0.0,79,0.0,5.88,12.0,2
2025-11-12 22:00:00+00:00,9.4,86,0.0,0.0,0.0,0.0,91,0.0,5.53,11.9,3
2025-11-12 23:00:00+00:00,9.3,86,0.0,0.0,0.0,0.0,96,0.0,5.36,11.3,3
2025-11-13 00:00:00+00:00,9.4,88,0.0,0.0,0.0,0.0,42,0.0,5.08,10.8,1
2025-11-13 01:00:00+00:00,9.1,92,0.0,0.0,0.0,0.0,68,0.0,5.3,10.7,2
2025-11-13 02:00:00+00:00,8.8,93,0.0,0.0,0.0,0.0,83,0.0,4.86,10.7,3
2025-11-13 03:00:00+00:00,8.3,92,0.0,0.0,0.0,0.0,100,0.0,4.23,9.8,3
2025-11-13 04:00:00+00:00,7.9,91,0.0,0.0,0.0,0.0,100,0.0,3.58,8.3,3
2025-11-13 05:00:00+00:00,6.9,90,0.0,0.0,0.0,0.0,100,0.0,1.6,7.0,3
2025-11-13 06:00:00+00:00,6.0,81,0.0,0.0,0.0,0.0,100,0.0,6.33,12.2,3
2025-11-13 07:00:00+00:00,4.8,79,0.0,0.0,0.0,0.0,100,0.0,3.7,12.6,3
2025-11-13 08:00:00+00:00,5.0,75,0.0,0.0,0.0,0.0,100,0.0,2.18,7.5,3
2025-11-13 09:00:00+00:00,5.5,69,0.0,0.0,0.0,0.0,100,0.0,1.65,4.7,3
2025-11-13 10:00:00+00:00,5.8,65,0.0,0.0,0.0,0.0,100,0.0,1.94,4.5,3
2025-11-13 11:00:00+00:00,6.2,56,0.0,0.0,0.0,0.0,100,0.0,2.87,6.3,3
2025-11-13 12:00:00+00:00,5.0,60,0.0,0.0,0.0,0.0,100,0.0,3.94,7.4,3
2025-11-13 13:00:00+00:00,4.7,63,0.0,0.0,0.0,0.0,100,0.0,3.02,8.1,3
2025-11-13 14:00:00+00:00,4.7,63,0.0,0.0,0.0,0.0,100,0.0,2.77,6.5,3
2025-11-13 15:00:00+00:00,4.5,62,0.0,0.0,0.0,0.0,100,0.0,2.8,6.2,3
2025-11-13 16:00:00+00:00,4.2,63,0.0,0.0,0.0,0.0,100,0.0,2.4,6.0,3
2025-11-13 17:00:00+00:00,3.4,65,0.0,0.0,0.0,0.0,97,0.0,2.16,5.1,3
2025-11-13 18:00:00+00:00,2.7,70,0.0,0.0,0.0,0.0,98,0.0,2.18,4.7,3
2025-11-13 19:00:00+00:00,1.3,75,0.0,0.0,0.0,0.0,100,0.0,1.35,4.5,3
2025-11-13 20:00:00+00:00,0.8,75,0.0,0.0,0.0,0.0,89,0.0,1.31,3.3,3
2025-11-13 21:00:00+00:00,0.1,75,0.0,0.0,0.0,0.0,3,0.0,0.9,3.1,0
2025-11-13 22:00:00+00:00,0.1,76,0.0,0.0,0.0,0.0,0,0.0,0.96,2.4,0
2025-11-13 23:00:00+00:00,0.4,77,0.0,0.0,0.0,0.0,0,0.0,0.72,2.4,0
2025-11-14 00:00:00+00:00,0.9,74,0.0,0.0,0.0,0.0,0,0.0,0.41,2.1,0
2025-11-14 01:00:00+00:00,-0.6,78,0.0,0.0,0.0,0.0,0,0.0,0.76,2.1,0
2025-11-14 02:00:00+00:00,-0.8,84,0.0,0.0,0.0,0.0,0,0.0,0.89,2.3,0
2025-11-14 03:00:00+00:00,-1.0,89,0.0,0.0,0.0,0.0,1,0.0,0.92,2.3,0
2025-11-14 04:00:00+00:00,-0.7,88,0.0,0.0,0.0,0.0,2,0.0,0.74,2.4,0
2025-11-14 05:00:00+00:00,-0.5,88,0.0,0.0,0.0,0.0,1,0.0,0.38,2.0,0
2025-11-14 06:00:00+00:00,-0.5,88,0.0,0.0,0.0,0.0,0,0.0,0.21,1.6,0
2025-11-14 07:00:00+00:00,-2.0,89,0.0,0.0,0.0,0.0,0,0.0,0.54,1.9,0
2025-11-14 08:00:00+00:00,-1.6,88,0.0,0.0,0.0,0.0,0,1866.51,0.76,2.1,0
2025-11-14 09:00:00+00:00,-0.1,90,0.0,0.0,0.0,0.0,0,3600.0,0.68,2.2,0
2025-11-14 10:00:00+00:00,1.1,84,0.0,0.0,0.0,0.0,0,3600.0,1.12,2.9,0
2025-11-14 11:00:00+00:00,1.8,78,0.0,0.0,0.0,0.0,0,3600.0,1.17,3.0,0
2025-11-14 12:00:00+00:00,2.5,68,0.0,0.0,0.0,0.0,2,3600.0,1.44,3.3,0
2025-11-14 13:00:00+00:00,2.3,72,0.0,0.0,0.0,0.0,0,3600.0,1.2,3.4,0
2025-11-14 14:00:00+00:00,0.7,81,0.0,0.0,0.0,0.0,0,3600.0,1.32,2.9,0
2025-11-14 15:00:00+00:00,-0.4,77,0.0,0.0,0.0,0.0,0,2440.36,1.32,3.1,0
2025-11-14 16:00:00+00:00,-0.5,79,0.0,0.0,0.0,0.0,0,0.0,1.19,3.1,0
2025-11-14 17:00:00+00:00,-0.5,81,0.0,0.0,0.0,0.0,0,0.0,1.07,2.9,0
2025-11-14 18:00:00+00:00,0.5,81,0.0,0.0,0.0,0.0,0,0.0,1.66,3.6,0
2025-11-14 19:00:00+00:00,-1.1,78,0.0,0.0,0.0,0.0,0,0.0,1.73,4.0,0
2025-11-14 20:00:00+00:00,-1.5,79,0.0,0.0,0.0,0.0,2,0.0,1.63,3.8,0
2025-11-14 21:00:00+00:00,-1.6,78,0.0,0.0,0.0,0.0,0,0.0,1.59,3.7,0
2025-11-14 22:00:00+00:00,-1.8,80,0.0,0.0,0.0,0.0,0,0.0,1.49,3.6,0
2025-11-14 23:00:00+00:00,-2.0,81,0.0,0.0,0.0,0.0,0,0.0,1.21,3.4,0
2025-11-15 00:00:00+00:00,-1.1,75,0.0,0.0,0.0,0.0,19,0.0,1.27,2.9,0
2025-11-15 01:00:00+00:00,-2.7,77,0.0,0.0,0.0,0.0,30,0.0,0.87,2.9,1
2025-11-15 02:00:00+00:00,-2.2,76,0.0,0.0,0.0,0.0,51,0.0,0.32,2.4,2
2025-11-15 03:00:00+00:00,-2.4,82,0.0,0.0,0.0,0.0,18,0.0,0.4,1.5,0
2025-11-15 04:00:00+00:00,-2.5,90,0.0,0.0,0.0,0.0,17,0.0,0.32,1.6,0
2025-11-15 05:00:00+00:00,-2.5,92,0.0,0.0,0.0,0.0,19,0.0,0.29,1.3,0
2025-11-15 06:00:00+00:00,-2.5,93,0.0,0.0,0.0,0.0,70,0.0,1.02,1.6,2
2025-11-15 07:00:00+00:00,-4.0,89,0.0,0.0,0.0,0.0,83,0.0,1.13,2.8,3
2025-11-15 08:00:00+00:00,-2.4,87,0.0,0.0,0.0,0.0,73,1349.45,1.61,3.7,2
2025-11-15 09:00:00+00:00,-1.2,83,0.0,0.0,0.0,0.0,91,3600.0,1.72,4.0,3
2025-11-15 10:00:00+00:00,-0.3,74,0.0,0.0,0.0,0.0,98,3600.0,1.82,4.2,3
2025-11-15 11:00:00+00:00,0.5,71,0.0,0.0,0.0,0.0,100,3600.0,1.97,4.5,3
2025-11-15 12:00:00+00:00,0.9,71,0.0,0.0,0.0,0.0,100,3600.0,2.41,4.8,3
2025-11-15 13:00:00+00:00,0.9,69,0.0,0.0,0.0,0.0,100,0.0,1.69,5.4,3
2025-11-15 14:00:00+00:00,0.7,68,0.0,0.0,0.0,0.0,100,0.0,1.63,3.8,3
2025-11-15 15:00:00+00:00,0.5,69,0.0,0.0,0.0,0.0,98,0.0,1.5,3.6,3
2025-11-15 16:00:00+00:00,0.3,76,0.0,0.0,0.0,0.0,2,0.0,1.51,3.4,0
2025-11-15 17:00:00+00:00,0.3,81,0.0,0.0,0.0,0.0,15,0.0,2.1,4.4,0
2025-11-15 18:00:00+00:00,1.0,75,0.0,0.0,0.0,0.01,1,0.0,2.45,4.9,0
2025-11-15 19:00:00+00:00,0.0,79,0.0,0.0,0.0,0.01,2,0.0,1.91,4.8,0
2025-11-15 20:00:00+00:00,0.5,78,0.0,0.0,0.0,0.01,2,0.0,2.13,4.3,0
2025-11-15 21:00:00+00:00,1.1,75,0.0,0.0,0.0,0.01,0,0.0,2.82,5.4,0
2025-11-15 22:00:00+00:00,1.2,74,0.0,0.0,0.0,0.01,0,0.0,3.21,6.2,0
2025-11-15 23:00:00+00:00,1.0,77,0.0,0.0,0.0,0.01,0,0.0,2.9,6.2,0
2025-11-16 00:00:00+00:00,0.5,79,0.0,0.0,0.0,0.0,6,0.0,2.06,5.7,0
2025-11-16 01:00:00+00:00,-0.4,82,0.0,0.0,0.0,0.0,12,0.0,1.92,4.1,0
2025-11-16 02:00:00+00:00,-0.2,83,0.0,0.0,0.0,0.0,9,0.0,2.16,4.4,0
2025-11-16 03:00:00+00:00,-0.3,85,0.0,0.0,0.0,0.0,50,0.0,2.05,4.4,2
2025-11-16 04:00:00+00:00,-0.3,88,0.0,0.0,0.0,0.0,77,0.0,2.2,4.3,2
2025-11-16 05:00:00+00:00,-0.3,90,0.0,0.0,0.0,0.0,49,0.0,2.16,4.4,1
2025-11-16 06:00:00+00:00,-0.7,86,0.0,0.0,0.0,0.0,13,0.0,1.48,4.2,0
2025-11-16 07:00:00+00:00,-2.3,87,0.0,0.0,0.0,0.0,8,0.0,1.15,3.0,0
2025-11-16 08:00:00+00:00,-1.6,84,0.0,0.0,0.0,0.0,12,1443.24,0.95,2.5,0
2025-11-16 09:00:00+00:00,0.1,85,0.0,0.0,0.0,0.0,8,3600.0,0.56,2.0,0
2025-11-16 10:00:00+00:00,1.4,84,0.0,0.0,0.0,0.0,64,3600.0,0.73,2.0,2
2025-11-16 11:00:00+00:00,2.5,81,0.0,0.0,0.0,0.0,100,3600.0,0.61,2.1,3
2025-11-16 12:00:00+00:00,3.0,82,0.0,0.0,0.0,0.0,57,1666.44,1.7,2.1,2
2025-11-16 13:00:00+00:00,3.7,71,0.0,0.0,0.0,0.0,34,3600.0,2.47,4.8,1
2025-11-16 14:00:00+00:00,2.3,76,0.0,0.0,0.0,0.0,13,3600.0,1.8,4.8,0
2025-11-16 15:00:00+00:00,0.5,79,0.0,0.0,0.0,0.0,2,1380.95,0.86,3.8,0
2025-11-16 16:00:00+00:00,0.2,82,0.0,0.0,0.0,0.0,2,0.0,0.05,2.2,0
2025-11-16 17:00:00+00:00,-0.4,89,0.0,0.0,0.0,0.0,1,0.0,0.41,0.9,0
2025-11-16 18:00:00+00:00,0.1,92,0.0,0.0,0.0,0.0,5,0.0,0.18,1.3,0
2025-11-16 19:00:00+00:00,-1.1,95,0.0,0.0,0.0,0.0,2,0.0,0.14,0.8,0
2025-11-16 20:00:00+00:00,-1.3,96,0.0,0.0,0.0,0.0,7,0.0,0.1,0.9,0
2025-11-16 21:00:00+00:00,-1.8,99,0.0,0.0,0.0,0.0,65,0.0,0.25,1.3,2
2025-11-16 22:00:00+00:00,-2.6,100,0.0,0.0,0.0,0.0,100,0.0,0.85,2.1,3
2025-11-16 23:00:00+00:00,-1.6,97,0.0,0.0,0.0,0.0,100,0.0,1.68,3.6,3
2025-11-17 00:00:00+00:00,-0.2,80,0.0,0.0,0.0,0.0,100,0.0,2.9,4.3,3
2025-11-17 01:00:00+00:00,-0.7,76,0.0,0.0,0.0,0.0,100,0.0,2.71,5.7,3
2025-11-17 02:00:00+00:00,-0.8,77,0.0,0.0,0.0,0.0,95,0.0,1.88,5.5,3
2025-11-17 03:00:00+00:00,-2.3,81,0.0,0.0,0.0,0.0,1,0.0,1.45,4.0,0
2025-11-17 04:00:00+00:00,-2.2,81,0.0,0.0,0.0,0.0,25,0.0,0.4,3.3,1
2025-11-17 05:00:00+00:00,-2.9,88,0.0,0.0,0.0,0.0,100,0.0,1.19,2.8,3
2025-11-17 06:00:00+00:00,0.1,73,0.0,0.0,0.0,0.0,99,0.0,2.87,3.7,3
2025-11-17 07:00:00+00:00,-0.6,78,0.0,0.0,0.0,0.0,96,0.0,1.87,5.5,3
2025-11-17 08:00:00+00:00,-1.1,79,0.0,0.0,0.0,0.0,40,288.84,1.91,4.2,1
2025-11-17 09:00:00+00:00,0.5,67,0.0,0.0,0.0,0.0,100,3600.0,1.91,4.1,3
2025-11-17 10:00:00+00:00,1.6,61,0.0,0.0,0.0,0.0,98,3600.0,1.63,4.2,3
2025-11-17 11:00:00+00:00,2.3,57,0.0,0.0,0.0,0.0,96,2891.73,1.61,3.6,3
2025-11-17 12:00:00+00:00,2.7,61,0.0,0.0,0.0,0.0,98,3354.59,2.82,3.6,3
2025-11-17 13:00:00+00:00,2.4,64,0.1,0.1,0.0,0.0,100,3600.0,1.51,5.8,51
2025-11-17 14:00:00+00:00,1.1,74,0.0,0.0,0.0,0.0,100,2028.84,0.78,3.3,3
2025-11-17 15:00:00+00:00,0.4,79,0.0,0.0,0.0,0.0,56,0.0,0.32,2.1,2
2025-11-17 16:00:00+00:00,0.0,82,0.0,0.0,0.0,0.0,64,0.0,0.32,1.5,2
2025-11-17 17:00:00+00:00,0.4,78,0.0,0.0,0.0,0.0,63,0.0,0.6,1.4,2
2025-11-17 18:00:00+00:00,0.1,85,0.0,0.0,0.0,0.0,29,0.0,0.16,1.6,1
2025-11-17 19:00:00+00:00,-1.5,90,0.0,0.0,0.0,0.0,91,0.0,0.36,1.6,3
2025-11-17 20:00:00+00:00,-1.3,94,0.0,0.0,0.0,0.0,91,0.0,0.05,1.5,3
2025-11-17 21:00:00+00:00,-1.2,95,0.0,0.0,0.0,0.0,95,0.0,0.11,1.0,3
2025-11-17 22:00:00+00:00,-1.2,95,0.0,0.0,0.0,0.0,96,0.0,0.21,1.1,3
2025-11-17 23:00:00+00:00,-1.2,94,0.0,0.0,0.0,0.0,99,0.0,0.28,1.1,3
2025-11-18 00:00:00+00:00,-0.7,97,0.0,0.0,0.0,0.0,96,0.0,0.14,1.1,3
2025-11-18 01:00:00+00:00,-2.0,87,0.0,0.0,0.0,0.0,37,0.0,0.22,1.1,1
2025-11-18 02:00:00+00:00,-2.2,92,0.0,0.0,0.0,0.0,11,0.0,0.18,1.2,0
2025-11-18 03:00:00+00:00,-2.3,94,0.0,0.0,0.0,0.0,2,0.0,0.11,1.0,0
2025-11-18 04:00:00+00:00,-2.2,94,0.0,0.0,0.0,0.0,2,0.0,0.14,0.7,0
2025-11-18 05:00:00+00:00,-2.4,96,0.0,0.0,0.0,0.0,2,0.0,0.16,0.9,0
2025-11-18 06:00:00+00:00,-2.8,99,0.0,0.0,0.0,0.0,98,0.0,0.21,0.9,3
2025-11-18 07:00:00+00:00,-4.0,100,0.0,0.0,0.0,0.0,97,0.0,0.07,1.1,3
2025-11-18 08:00:00+00:00,-3.9,100,0.0,0.0,0.0,0.0,100,372.85,0.29,1.2,3
2025-11-18 09:00:00+00:00,-2.6,100,0.0,0.0,0.0,0.0,100,3600.0,0.59,1.6,3
2025-11-18 10:00:00+00:00,-1.9,98,0.0,0.0,0.0,0.0,99,3600.0,0.54,2.0,3
2025-11-18 11:00:00+00:00,-0.8,94,0.0,0.0,0.0,0.0,99,3600.0,0.3,2.0,3
2025-11-18 12:00:00+00:00,-0.5,90,0.0,0.0,0.0,0.0,100,1163.81,0.25,1.6,3
2025-11-18 13:00:00+00:00,-0.6,89,0.0,0.0,0.0,0.0,100,581.31,0.49,1.2,3
2025-11-18 14:00:00+00:00,-1.0,89,0.0,0.0,0.0,0.0,99,0.0,0.18,1.2,3
2025-11-18 15:00:00+00:00,-1.1,91,0.0,0.0,0.0,0.0,99,0.0,0.05,1.0,3
2025-11-18 16:00:00+00:00,-1.1,91,0.0,0.0,0.0,0.0,95,0.0,0.2,0.8,3
2025-11-18 17:00:00+00:00,-1.4,90,0.0,0.0,0.0,0.0,66,0.0,0.4,1.1,2
2025-11-18 18:00:00+00:00,-0.9,87,0.0,0.0,0.0,0.0,100,0.0,0.74,2.1,3
2025-11-18 19:00:00+00:00,-1.9,87,0.0,0.0,0.0,0.0,100,0.0,1.1,2.5,3
2025-11-18 20:00:00+00:00,-1.9,89,0.0,0.0,0.0,0.0,27,0.0,1.21,2.8,1
2025-11-18 21:00:00+00:00,-2.4,91,0.0,0.0,0.0,0.0,57,0.0,1.24,2.9,2
2025-11-18 22:00:00+00:00,-2.5,94,0.0,0.0,0.0,0.0,41,0.0,1.17,2.9,1
2025-11-18 23:00:00+00:00,-2.7,95,0.1,0.0,0.07,0.0,66,0.0,0.97,2.8,71
2025-11-19 00:00:00+00:00,-3.3,100,0.1,0.0,0.07,0.0,99,0.0,0.82,2.4,71
2025-11-19 01:00:00+00:00,-3.0,100,0.1,0.0,0.07,0.0,95,0.0,0.93,2.3,71
2025-11-19 02:00:00+00:00,-3.3,99,0.1,0.0,0.07,0.0,98,0.0,1.0,2.5,71
2025-11-19 03:00:00+00:00,-3.8,98,0.1,0.0,0.07,0.0,98,0.0,0.96,2.5,71
2025-11-19 04:00:00+00:00,-3.4,97,0.0,0.0,0.0,0.0,97,0.0,1.2,2.8,3
2025-11-19 05:00:00+00:00,-3.5,97,0.0,0.0,0.0,0.0,95,0.0,1.21,2.9,3
2025-11-19 06:00:00+00:00,-2.3,81,0.0,0.0,0.0,0.0,96,0.0,2.25,2.9,3
2025-11-19 07:00:00+00:00,-3.0,86,0.0,0.0,0.0,0.0,86,0.0,1.72,4.6,3
2025-11-19 08:00:00+00:00,-3.3,86,0.0,0.0,0.0,0.0,95,0.0,1.9,4.1,3
2025-11-19 09:00:00+00:00,-2.8,84,0.0,0.0,0.0,0.0,94,2960.19,2.17,4.6,3
2025-11-19 10:00:00+00:00,-2.3,78,0.0,0.0,0.0,0.0,0,3600.0,2.28,4.9,0
2025-11-19 11:00:00+00:00,-1.5,71,0.0,0.0,0.0,0.0,0,3600.0,2.23,5.3,0
2025-11-19 12:00:00+00:00,-1.3,75,0.0,0.0,0.0,0.01,1,3600.0,2.18,5.7,0
2025-11-19 13:00:00+00:00,-1.4,75,0.0,0.0,0.0,0.01,0,3600.0,1.82,5.0,0
2025-11-19 14:00:00+00:00,-2.4,82,0.0,0.0,0.0,0.01,0,3600.0,1.25,4.1,0
2025-11-19 15:00:00+00:00,-3.7,83,0.0,0.0,0.0,0.01,1,987.99,1.22,3.1,0
2025-11-19 16:00:00+00:00,-3.8,85,0.0,0.0,0.0,0.01,0,0.0,1.29,3.0,0
2025-11-19 17:00:00+00:00,-3.9,85,0.0,0.0,0.0,0.01,0,0.0,1.41,3.3,0
2025-11-19 18:00:00+00:00,-4.1,86,0.0,0.0,0.0,0.01,1,0.0,1.95,3.5,0
2025-11-19 19:00:00+00:00,-5.1,89,0.0,0.0,0.0,0.01,0,0.0,1.53,4.0,0
2025-11-19 20:00:00+00:00,-5.3,89,0.0,0.0,0.0,0.01,0,0.0,1.47,3.7,0
2025-11-19 21:00:00+00:00,-5.3,88,0.0,0.0,0.0,0.01,0,0.0,1.43,3.5,0
2025-11-19 22:00:00+00:00,-5.2,90,0.0,0.0,0.0,0.01,0,0.0,1.5,3.6,0
2025-11-19 23:00:00+00:00,-5.1,90,0.0,0.0,0.0,0.01,0,0.0,1.64,3.7,0
2025-11-20 00:00:00+00:00,-4.9,87,0.0,0.0,0.0,0.01,0,0.0,2.25,3.8,0
2025-11-20 01:00:00+00:00,-5.4,87,0.0,0.0,0.0,0.01,0,0.0,1.85,4.6,0
2025-11-20 02:00:00+00:00,-5.3,85,0.0,0.0,0.0,0.01,0,0.0,1.86,4.2,0
2025-11-20 03:00:00+00:00,-5.2,84,0.0,0.0,0.0,0.01,0,0.0,2.15,4.5,0
2025-11-20 04:00:00+00:00,-5.0,84,0.0,0.0,0.0,0.01,0,0.0,2.3,4.9,0
2025-11-20 05:00:00+00:00,-4.9,85,0.0,0.0,0.0,0.01,0,0.0,2.45,4.9,0
2025-11-20 06:00:00+00:00,-5.2,80,0.0,0.0,0.0,0.0,0,0.0,3.15,5.1,0
2025-11-20 07:00:00+00:00,-5.7,85,0.0,0.0,0.0,0.0,0,0.0,2.76,6.3,0
2025-11-20 08:00:00+00:00,-5.6,85,0.0,0.0,0.0,0.0,0,537.97,2.66,5.7,0
2025-11-20 09:00:00+00:00,-4.8,75,0.0,0.0,0.0,0.0,0,3600.0,2.87,6.2,0
2025-11-20 10:00:00+00:00,-3.8,65,0.0,0.0,0.0,0.0,0,3600.0,2.84,6.4,0
2025-11-20 11:00:00+00:00,-2.9,57,0.0,0.0,0.0,0.0,0,3600.0,2.69,6.5,0
2025-11-20 12:00:00+00:00,-2.1,60,0.0,0.0,0.0,0.0,0,3600.0,2.9,6.3,0
2025-11-20 13:00:00+00:00,-2.1,61,0.0,0.0,0.0,0.0,0,3600.0,2.61,6.5,0
2025-11-20 14:00:00+00:00,-2.6,69,0.0,0.0,0.0,0.0,0,3600.0,2.2,5.9,0
2025-11-20 15:00:00+00:00,-3.3,74,0.0,0.0,0.0,0.0,0,419.91,2.07,4.8,0
2025-11-20 16:00:00+00:00,-3.7,79,0.0,0.0,0.0,0.0,0,0.0,2.27,4.7,0
2025-11-20 17:00:00+00:00,-4.0,81,0.0,0.0,0.0,0.0,0,0.0,2.34,5.2,0
2025-11-20 18:00:00+00:00,-4.3,76,0.0,0.0,0.0,0.0,0,0.0,2.71,4.9,0
2025-11-20 19:00:00+00:00,-5.0,79,0.0,0.0,0.0,0.0,0,0.0,2.2,5.8,0
2025-11-20 20:00:00+00:00,-5.2,80,0.0,0.0,0.0,0.0,0,0.0,1.76,4.8,0
2025-11-20 21:00:00+00:00,-5.9,81,0.0,0.0,0.0,0.0,0,0.0,1.36,4.2,0
2025-11-20 22:00:00+00:00,-6.4,82,0.0,0.0,0.0,0.0,2,0.0,1.22,3.4,0
2025-11-20 23:00:00+00:00,-6.3,80,0.0,0.0,0.0,0.0,2,0.0,0.94,3.1,0
2025-11-21 00:00:00+00:00,-5.3,78,0.0,0.0,0.0,0.0,0,0.0,0.85,2.6,0
2025-11-21 01:00:00+00:00,-6.6,79,0.0,0.0,0.0,0.0,0,0.0,0.86,2.5,0
2025-11-21 02:00:00+00:00,-6.1,77,0.0,0.0,0.0,0.0,0,0.0,0.74,2.5,0
2025-11-21 03:00:00+00:00,-6.0,81,0.0,0.0,0.0,0.0,0,0.0,0.74,2.3,0
2025-11-21 04:00:00+00:00,-5.6,83,0.0,0.0,0.0,0.0,0,0.0,0.46,2.2,0
2025-11-21 05:00:00+00:00,-5.5,85,0.0,0.0,0.0,0.0,0,0.0,0.32,1.8,0
2025-11-21 06:00:00+00:00,-5.1,79,0.0,0.0,0.0,0.0,0,0.0,0.32,1.5,0
2025-11-21 07:00:00+00:00,-6.3,82,0.0,0.0,0.0,0.0,20,0.0,0.18,1.5,1
2025-11-21 08:00:00+00:00,-6.2,90,0.0,0.0,0.0,0.0,59,0.0,0.29,1.3,2
2025-11-21 09:00:00+00:00,-5.3,96,0.0,0.0,0.0,0.0,100,3600.0,0.54,1.5,3
2025-11-21 10:00:00+00:00,-4.2,93,0.0,0.0,0.0,0.0,100,3600.0,0.5,1.8,3
2025-11-21 11:00:00+00:00,-3.4,83,0.0,0.0,0.0,0.0,100,3600.0,1.1,2.9,3
2025-11-21 12:00:00+00:00,-3.5,87,0.0,0.0,0.0,0.0,100,3600.0,1.46,3.8,3
2025-11-21 13:00:00+00:00,-3.4,81,0.0,0.0,0.0,0.0,100,2477.54,1.0,3.4,3
2025-11-21 14:00:00+00:00,-3.4,79,0.0,0.0,0.0,0.0,100,0.0,1.36,3.2,3
2025-11-21 15:00:00+00:00,-3.7,81,0.0,0.0,0.0,0.0,100,0.0,1.27,3.2,3
2025-11-21 16:00:00+00:00,-3.4,83,0.0,0.0,0.0,0.0,100,0.0,1.19,3.0,3
2025-11-21 17:00:00+00:00,-3.5,85,0.0,0.0,0.0,0.0,100,0.0,1.03,2.8,3
2025-11-21 18:00:00+00:00,-3.5,85,0.0,0.0,0.0,0.0,100,0.0,1.04,2.5,3
2025-11-21 19:00:00+00:00,-4.3,83,0.0,0.0,0.0,0.0,100,0.0,1.27,2.8,3
2025-11-21 20:00:00+00:00,-3.7,85,0.0,0.0,0.0,0.0,100,0.0,1.32,3.0,3
2025-11-21 21:00:00+00:00,-3.9,85,0.0,0.0,0.0,0.0,68,0.0,1.35,3.0,2
2025-11-21 22:00:00+00:00,-4.6,85,0.0,0.0,0.0,0.0,56,0.0,1.26,3.0,2
2025-11-21 23:00:00+00:00,-4.6,85,0.0,0.0,0.0,0.0,80,0.0,1.39,3.0,3
2025-11-22 00:00:00+00:00,-3.4,77,0.0,0.0,0.0,0.0,78,0.0,1.71,3.2,2
2025-11-22 01:00:00+00:00,-4.4,80,0.0,0.0,0.0,0.0,86,0.0,1.65,3.6,3
2025-11-22 02:00:00+00:00,-3.2,83,0.0,0.0,0.0,0.0,99,0.0,1.96,4.1,3
2025-11-22 03:00:00+00:00,-1.9,85,0.0,0.0,0.0,0.0,92,0.0,2.36,4.8,3
2025-11-22 04:00:00+00:00,-1.1,88,0.2,0.0,0.14,0.0,100,0.0,3.31,6.4,71
2025-11-22 05:00:00+00:00,-0.1,92,0.4,0.0,0.28,0.0,99,0.0,4.03,8.0,73
2025-11-22 06:00:00+00:00,0.9,91,0.0,0.0,0.0,0.0,63,0.0,4.5,9.2,2
2025-11-22 07:00:00+00:00,1.0,91,0.0,0.0,0.0,0.0,29,0.0,4.63,9.2,1
2025-11-22 08:00:00+00:00,1.1,92,0.0,0.0,0.0,0.0,47,53.69,4.41,9.2,1
2025-11-22 09:00:00+00:00,1.5,92,0.0,0.0,0.0,0.0,100,3600.0,4.2,8.7,3
2025-11-22 10:00:00+00:00,1.9,92,0.0,0.0,0.0,0.0,99,3600.0,3.73,8.2,3
2025-11-22 11:00:00+00:00,2.3,91,0.0,0.0,0.0,0.0,100,0.0,3.07,7.2,3
2025-11-22 12:00:00+00:00,2.7,91,0.0,0.0,0.0,0.0,99,173.13,2.34,5.9,3
2025-11-22 13:00:00+00:00,2.9,92,0.0,0.0,0.0,0.0,98,0.0,2.49,4.8,3
2025-11-22 14:00:00+00:00,2.8,93,0.0,0.0,0.0,0.0,100,0.0,2.38,4.8,3
2025-11-22 15:00:00+00:00,2.9,94,0.1,0.1,0.0,0.0,98,0.0,3.3,5.9,51
2025-11-22 16:00:00+00:00,2.7,97,0.2,0.2,0.0,0.0,100,0.0,3.65,7.4,51
2025-11-22 17:00:00+00:00,2.9,97,0.4,0.4,0.0,0.0,100,0.0,4.18,8.2,51
2025-11-22 18:00:00+00:00,3.8,95,0.3,0.3,0.0,0.0,100,0.0,4.69,8.2,51
2025-11-22 19:00:00+00:00,3.7,96,0.3,0.3,0.0,0.0,100,0.0,4.2,8.8,51
2025-11-22 20:00:00+00:00,3.7,97,0.2,0.2,0.0,0.0,100,0.0,4.33,8.6,51
2025-11-22 21:00:00+00:00,3.8,97,0.2,0.2,0.0,0.0,100,0.0,4.38,8.7,51
2025-11-22 22:00:00+00:00,3.8,97,0.1,0.1,0.0,0.0,100,0.0,4.55,9.1,51
2025-11-22 23:00:00+00:00,3.7,97,0.2,0.2,0.0,0.0,100,0.0,4.12,9.0,51
2025-11-23 00:00:00+00:00,3.8,97,0.2,0.2,0.0,0.0,100,0.0,3.45,8.2,51
2025-11-23 01:00:00+00:00,4.3,98,0.4,0.4,0.0,0.0,100,0.0,3.72,7.8,51
2025-11-23 02:00:00+00:00,4.2,98,0.4,0.4,0.0,0.0,97,0.0,3.06,7.3,51
2025-11-23 03:00:00+00:00,4.1,98,0.0,0.0,0.0,0.0,99,0.0,2.5,6.0,3
2025-11-23 04:00:00+00:00,3.5,98,0.0,0.0,0.0,0.0,98,0.0,1.85,4.9,3
2025-11-23 05:00:00+00:00,3.2,98,0.0,0.0,0.0,0.0,100,0.0,1.77,3.7,3
2025-11-23 06:00:00+00:00,2.8,96,0.0,0.0,0.0,0.0,89,0.0,1.76,3.5,3
2025-11-23 07:00:00+00:00,2.8,98,1.0,1.0,0.0,0.0,100,0.0,1.58,3.5,55
2025-11-23 08:00:00+00:00,2.6,99,1.5,1.4,0.07,0.0,100,0.0,1.35,3.3,71
2025-11-23 09:00:00+00:00,2.7,100,0.0,0.0,0.0,0.0,100,0.0,1.23,2.6,3
2025-11-23 10:00:00+00:00,3.2,99,0.1,0.1,0.0,0.0,100,0.0,1.37,3.1,51
2025-11-23 11:00:00+00:00,3.1,99,0.0,0.0,0.0,0.0,100,0.0,1.06,2.6,3
2025-11-23 12:00:00+00:00,3.3,98,0.0,0.0,0.0,0.0,100,0.0,1.1,2.0,3
2025-11-23 13:00:00+00:00,3.5,98,0.3,0.3,0.0,0.0,100,0.0,0.3,2.2,51
2025-11-23 14:00:00+00:00,3.3,98,0.3,0.3,0.0,0.0,100,0.0,1.69,3.2,51
2025-11-23 15:00:00+00:00,3.4,98,1.1,1.1,0.0,0.0,100,0.0,2.87,5.2,55
2025-11-23 16:00:00+00:00,3.5,98,0.8,0.8,0.0,0.0,100,0.0,4.08,8.1,53
2025-11-23 17:00:00+00:00,3.1,98,0.5,0.5,0.0,0.0,100,0.0,3.8,8.1,53
2025-11-23 18:00:00+00:00,3.2,99,0.4,0.4,0.0,0.0,100,0.0,4.31,8.6,51
2025-11-23 19:00:00+00:00,2.6,97,0.4,0.4,0.0,0.0,100,0.0,4.1,8.6,51
2025-11-23 20:00:00+00:00,2.4,96,0.4,0.4,0.0,0.0,100,0.0,2.85,8.0,51
2025-11-23 21:00:00+00:00,2.1,96,0.2,0.2,0.0,0.0,100,0.0,2.31,5.7,51
2025-11-23 22:00:00+00:00,1.7,97,0.3,0.3,0.0,0.0,100,0.0,2.36,4.7,51
2025-11-23 23:00:00+00:00,1.4,96,0.2,0.2,0.0,0.0,100,0.0,2.56,5.1,51
2025-11-24 00:00:00+00:00,1.0,97,0.1,0.1,0.0,0.0,100,0.0,2.23,4.9,51
2025-11-24 01:00:00+00:00,0.6,97,0.0,0.0,0.0,0.0,100,0.0,1.59,4.2,3
2025-11-24 02:00:00+00:00,0.4,93,0.0,0.0,0.0,0.0,100,0.0,1.3,3.4,3
2025-11-24 03:00:00+00:00,0.0,93,0.0,0.0,0.0,0.0,100,0.0,0.96,2.4,3
2025-11-24 04:00:00+00:00,-0.4,94,0.0,0.0,0.0,0.0,100,0.0,0.89,1.8,3
2025-11-24 05:00:00+00:00,-1.0,95,0.0,0.0,0.0,0.0,100,0.0,1.01,1.9,3
2025-11-24 06:00:00+00:00,-0.6,96,0.0,0.0,0.0,0.0,100,0.0,1.31,2.2,3
2025-11-24 07:00:00+00:00,-1.0,96,0.0,0.0,0.0,0.0,100,0.0,1.28,2.7,3
2025-11-24 08:00:00+00:00,-0.9,96,0.0,0.0,0.0,0.0,100,0.0,1.35,2.7,3
2025-11-24 09:00:00+00:00,-0.5,96,0.0,0.0,0.0,0.0,100,0.0,1.66,3.3,3
2025-11-24 10:00:00+00:00,0.0,93,0.0,0.0,0.0,0.0,100,0.0,2.13,4.4,3
2025-11-24 11:00:00+00:00,0.3,91,0.0,0.0,0.0,0.0,100,0.0,2.09,4.5,3
2025-11-24 12:00:00+00:00,0.5,92,0.0,0.0,0.0,0.0,100,0.0,2.09,4.8,3
2025-11-24 13:00:00+00:00,0.7,89,0.0,0.0,0.0,0.0,100,0.0,2.02,4.7,3
2025-11-24 14:00:00+00:00,0.4,89,0.0,0.0,0.0,0.0,100,0.0,2.06,4.2,3
2025-11-24 15:00:00+00:00,-0.2,91,0.0,0.0,0.0,0.0,100,0.0,1.98,4.1,3
2025-11-24 16:00:00+00:00,-0.2,91,0.0,0.0,0.0,0.0,100,0.0,1.69,3.9,3
2025-11-24 17:00:00+00:00,0.0,90,0.0,0.0,0.0,0.0,100,0.0,1.53,3.5,3
2025-11-24 18:00:00+00:00,-0.1,89,0.0,0.0,0.0,0.0,100,0.0,1.38,3.1,3
2025-11-24 19:00:00+00:00,-0.5,91,0.0,0.0,0.0,0.0,100,0.0,0.99,2.8,3
2025-11-24 20:00:00+00:00,-0.9,92,0.0,0.0,0.0,0.0,100,0.0,0.85,2.1,3
2025-11-24 21:00:00+00:00,-0.7,92,0.0,0.0,0.0,0.0,100,0.0,1.12,2.4,3
2025-11-24 22:00:00+00:00,-0.9,92,0.0,0.0,0.0,0.0,100,0.0,1.45,3.2,3
2025-11-24 23:00:00+00:00,-1.0,87,0.0,0.0,0.0,0.0,100,0.0,1.52,3.4,3
2025-11-25 00:00:00+00:00,-0.9,85,0.0,0.0,0.0,0.0,97,0.0,1.54,3.4,3
2025-11-25 01:00:00+00:00,-1.5,86,0.0,0.0,0.0,0.0,100,0.0,1.04,3.5,3
2025-11-25 02:00:00+00:00,-1.4,84,0.0,0.0,0.0,0.0,100,0.0,1.04,2.6,3
2025-11-25 03:00:00+00:00,-2.0,87,0.0,0.0,0.0,0.0,100,0.0,0.92,2.5,3
2025-11-25 04:00:00+00:00,-2.1,89,0.0,0.0,0.0,0.0,100,0.0,0.98,2.5,3
2025-11-25 05:00:00+00:00,-2.4,91,0.0,0.0,0.0,0.0,100,0.0,1.01,2.7,3
2025-11-25 06:00:00+00:00,-2.2,94,0.0,0.0,0.0,0.0,100,0.0,0.68,2.5,3
2025-11-25 07:00:00+00:00,-2.0,94,0.0,0.0,0.0,0.0,100,0.0,1.08,2.0,3
2025-11-25 08:00:00+00:00,-2.1,94,0.0,0.0,0.0,0.0,100,0.0,1.19,3.0,3
2025-11-25 09:00:00+00:00,-1.7,91,0.0,0.0,0.0,0.0,100,1740.53,1.05,3.1,3
2025-11-25 10:00:00+00:00,-1.3,88,0.0,0.0,0.0,0.0,100,0.0,1.12,2.9,3
2025-11-25 11:00:00+00:00,-1.0,87,0.0,0.0,0.0,0.0,100,0.0,0.94,3.0,3
2025-11-25 12:00:00+00:00,-1.1,85,0.0,0.0,0.0,0.0,100,0.0,1.08,2.6,3
2025-11-25 13:00:00+00:00,-1.1,84,0.0,0.0,0.0,0.0,100,317.46,0.91,2.9,3
2025-11-25 14:00:00+00:00,-1.2,86,0.0,0.0,0.0,0.0,100,0.0,0.71,2.4,3
2025-11-25 15:00:00+00:00,-1.2,89,0.0,0.0,0.0,0.0,100,0.0,0.94,2.5,3
2025-11-25 16:00:00+00:00,-1.3,89,0.0,0.0,0.0,0.0,100,0.0,0.64,2.5,3
2025-11-25 17:00:00+00:00,-1.4,89,0.0,0.0,0.0,0.0,100,0.0,0.7,2.2,3
2025-11-25 18:00:00+00:00,-2.1,87,0.0,0.0,0.0,0.0,2,0.0,0.78,2.4,0
2025-11-25 19:00:00+00:00,-2.2,91,0.0,0.0,0.0,0.0,9,0.0,1.46,3.4,0
2025-11-25 20:00:00+00:00,-2.6,95,0.0,0.0,0.0,0.0,26,0.0,1.5,3.6,1
2025-11-25 21:00:00+00:00,-2.8,95,0.0,0.0,0.0,0.0,49,0.0,1.19,3.6,1
2025-11-25 22:00:00+00:00,-3.1,97,0.0,0.0,0.0,0.0,57,0.0,0.85,3.3,2
2025-11-25 23:00:00+00:00,-3.6,100,0.0,0.0,0.0,0.0,100,0.0,0.72,2.9,3
2025-11-26 00:00:00+00:00,-3.9,98,0.0,0.0,0.0,0.0,100,0.0,0.32,2.9,3
2025-11-26 01:00:00+00:00,-3.8,99,0.0,0.0,0.0,0.0,100,0.0,0.25,2.4,3
2025-11-26 02:00:00+00:00,-3.9,99,0.0,0.0,0.0,0.0,100,0.0,0.21,2.4,3
2025-11-26 03:00:00+00:00,-3.9,97,0.0,0.0,0.0,0.0,100,0.0,0.56,2.8,3
2025-11-26 04:00:00+00:00,-4.3,97,0.0,0.0,0.0,0.0,100,0.0,0.76,3.0,3
2025-11-26 05:00:00+00:00,-4.3,97,0.0,0.0,0.0,0.0,100,0.0,0.62,2.4,3
2025-11-26 06:00:00+00:00,-3.7,95,0.0,0.0,0.0,0.0,100,0.0,0.6,2.1,3
2025-11-26 07:00:00+00:00,-3.8,95,0.0,0.0,0.0,0.0,100,0.0,0.52,1.9,3
2025-11-26 08:00:00+00:00,-3.8,95,0.0,0.0,0.0,0.0,100,0.0,0.86,2.4,3
2025-11-26 09:00:00+00:00,-3.8,95,0.0,0.0,0.0,0.0,100,0.0,1.1,3.0,3
2025-11-26 10:00:00+00:00,-3.6,92,0.0,0.0,0.0,0.0,100,0.0,1.33,3.5,3
2025-11-26 11:00:00+00:00,-3.5,90,0.0,0.0,0.0,0.0,100,764.06,1.44,3.8,3
2025-11-26 12:00:00+00:00,-2.3,95,0.0,0.0,0.0,0.0,100,1702.91,0.9,3.8,3
2025-11-26 13:00:00+00:00,-2.1,95,0.0,0.0,0.0,0.0,100,0.0,1.38,3.2,3
2025-11-26 14:00:00+00:00,-1.9,93,0.0,0.0,0.0,0.0,100,0.0,1.55,3.2,3
2025-11-26 15:00:00+00:00,-1.8,93,0.0,0.0,0.0,0.0,100,0.0,1.74,3.5,3
2025-11-26 16:00:00+00:00,-1.8,94,0.0,0.0,0.0,0.0,100,0.0,1.67,3.6,3
2025-11-26 17:00:00+00:00,-1.8,96,0.0,0.0,0.0,0.0,100,0.0,2.28,4.5,3
2025-11-26 18:00:00+00:00,-1.6,96,0.0,0.0,0.0,0.0,100,0.0,3.2,6.4,3
2025-11-26 19:00:00+00:00,-1.8,92,0.0,0.0,0.0,0.0,100,0.0,2.88,6.4,3
2025-11-26 20:00:00+00:00,-2.0,90,0.0,0.0,0.0,0.0,100,0.0,3.21,6.9,3
2025-11-26 21:00:00+00:00,-2.2,89,0.0,0.0,0.0,0.0,100,0.0,2.24,7.0,3
2025-11-26 22:00:00+00:00,-1.3,87,0.0,0.0,0.0,0.0,100,0.0,2.57,5.6,3
2025-11-26 23:00:00+00:00,-1.0,91,0.0,0.0,0.0,0.0,100,0.0,2.86,6.0,3
2025-11-27 00:00:00+00:00,-0.3,92,0.0,0.0,0.0,0.0,100,0.0,3.16,6.4,3
2025-11-27 01:00:00+00:00,0.7,92,0.0,0.0,0.0,0.0,100,0.0,3.69,7.6,3
2025-11-27 02:00:00+00:00,2.0,94,0.4,0.4,0.0,0.0,100,0.0,4.55,8.9,51
2025-11-27 03:00:00+00:00,2.1,98,0.9,0.9,0.0,0.0,100,0.0,5.9,11.6,53
2025-11-27 04:00:00+00:00,2.4,98,0.4,0.4,0.0,0.0,100,0.0,6.44,12.8,51
2025-11-27 05:00:00+00:00,2.6,98,0.3,0.3,0.0,0.0,100,0.0,6.71,13.4,51
2025-11-27 06:00:00+00:00,2.3,98,0.6,0.6,0.0,0.0,100,0.0,6.17,13.4,53
2025-11-27 07:00:00+00:00,3.2,98,0.3,0.3,0.0,0.0,100,0.0,5.79,12.4,51
2025-11-27 08:00:00+00:00,3.4,99,0.4,0.4,0.0,0.0,100,0.0,5.76,11.4,51
2025-11-27 09:00:00+00:00,3.7,99,0.9,0.9,0.0,0.0,100,0.0,5.31,11.3,53
2025-11-27 10:00:00+00:00,3.9,99,1.1,1.1,0.0,0.0,100,0.0,5.41,10.7,55
2025-11-27 11:00:00+00:00,4.0,99,0.7,0.7,0.0,0.0,100,0.0,5.1,10.7,53
2025-11-27 12:00:00+00:00,4.4,96,0.3,0.3,0.0,0.0,100,0.0,5.08,10.1,51
2025-11-27 13:00:00+00:00,4.5,99,1.0,1.0,0.0,0.0,100,0.0,3.9,9.9,55
2025-11-27 14:00:00+00:00,4.8,99,0.6,0.6,0.0,0.0,100,0.0,3.15,7.7,53
2025-11-27 15:00:00+00:00,4.7,99,0.5,0.5,0.0,0.0,100,0.0,1.95,6.3,53
2025-11-27 16:00:00+00:00,4.5,100,0.1,0.1,0.0,0.0,100,0.0,0.65,3.8,51
2025-11-27 17:00:00+00:00,3.7,100,0.0,0.0,0.0,0.0,100,0.0,0.82,1.6,3
2025-11-27 18:00:00+00:00,3.9,100,0.0,0.0,0.0,0.0,100,0.0,1.39,2.5,3
2025-11-27 19:00:00+00:00,3.7,100,0.0,0.0,0.0,0.0,100,0.0,0.7,2.6,3
2025-11-27 20:00:00+00:00,3.5,100,0.0,0.0,0.0,0.0,100,0.0,1.86,3.6,3
2025-11-27 21:00:00+00:00,4.1,99,0.3,0.3,0.0,0.0,100,0.0,3.15,5.9,51
2025-11-27 22:00:00+00:00,5.2,99,0.4,0.4,0.0,0.0,100,0.0,3.76,7.6,51
2025-11-27 23:00:00+00:00,6.5,99,0.0,0.0,0.0,0.0,100,0.0,4.7,9.1,3
2025-11-28 00:00:00+00:00,7.0,99,0.0,0.0,0.0,0.0,100,0.0,4.49,11.2,3
2025-11-28 01:00:00+00:00,7.6,99,0.0,0.0,0.0,0.0,100,0.0,5.65,10.9,3
2025-11-28 02:00:00+00:00,7.7,98,0.0,0.0,0.0,0.0,100,0.0,6.04,11.8,3
2025-11-28 03:00:00+00:00,7.8,97,0.0,0.0,0.0,0.0,63,0.0,6.29,12.2,2
2025-11-28 04:00:00+00:00,8.0,95,0.0,0.0,0.0,0.0,5,0.0,6.84,13.2,0
2025-11-28 05:00:00+00:00,7.1,97,0.0,0.0,0.0,0.0,1,0.0,6.31,13.2,0
2025-11-28 06:00:00+00:00,7.5,90,0.0,0.0,0.0,0.0,1,0.0,6.96,13.0,0
2025-11-28 07:00:00+00:00,7.0,90,0.0,0.0,0.0,0.0,2,0.0,7.26,14.8,0
2025-11-28 08:00:00+00:00,6.4,86,0.0,0.0,0.0,0.0,6,0.0,7.14,14.4,0
2025-11-28 09:00:00+00:00,6.4,84,0.0,0.0,0.0,0.0,17,3600.0,7.36,15.1,0
2025-11-28 10:00:00+00:00,6.9,80,0.0,0.0,0.0,0.0,9,3600.0,7.39,15.2,0
2025-11-28 11:00:00+00:00,7.5,76,0.0,0.0,0.0,0.0,31,3600.0,7.48,15.3,1
2025-11-28 12:00:00+00:00,7.7,76,0.0,0.0,0.0,0.0,25,3600.0,7.97,15.9,1
2025-11-28 13:00:00+00:00,7.9,73,0.0,0.0,0.0,0.0,12,3600.0,7.72,16.5,0
2025-11-28 14:00:00+00:00,7.2,74,0.0,0.0,0.0,0.0,18,3600.0,7.25,15.7,0
2025-11-28 15:00:00+00:00,6.9,76,0.0,0.0,0.0,0.0,55,0.0,7.31,14.8,2
2025-11-28 16:00:00+00:00,6.9,78,0.0,0.0,0.0,0.0,22,0.0,7.42,15.2,1
2025-11-28 17:00:00+00:00,6.7,79,0.0,0.0,0.0,0.0,13,0.0,7.61,15.5,0
2025-11-28 18:00:00+00:00,7.4,75,0.0,0.0,0.0,0.0,12,0.0,7.87,15.5,0
2025-11-28 19:00:00+00:00,6.9,78,0.0,0.0,0.0,0.0,38,0.0,7.99,16.5,1
2025-11-28 20:00:00+00:00,6.6,81,0.0,0.0,0.0,0.0,16,0.0,7.52,16.3,0
2025-11-28 21:00:00+00:00,6.4,85,0.0,0.0,0.0,0.0,73,0.0,6.53,15.3,2
2025-11-28 22:00:00+00:00,6.5,87,0.0,0.0,0.0,0.0,96,0.0,7.18,14.6,3
2025-11-28 23:00:00+00:00,6.4,95,0.3,0.3,0.0,0.0,100,0.0,7.93,15.7,51
2025-11-29 00:00:00+00:00,6.2,95,0.3,0.3,0.0,0.0,99,0.0,7.82,18.4,51
2025-11-29 01:00:00+00:00,6.3,93,0.0,0.0,0.0,0.0,40,0.0,8.09,16.4,1
2025-11-29 02:00:00+00:00,5.6,91,0.0,0.0,0.0,0.0,13,0.0,7.18,15.9,0
2025-11-29 03:00:00+00:00,5.1,88,0.0,0.0,0.0,0.0,91,0.0,6.26,14.4,3
2025-11-29 04:00:00+00:00,4.3,89,0.0,0.0,0.0,0.0,49,0.0,6.36,13.1,1
2025-11-29 05:00:00+00:00,4.1,91,0.0,0.0,0.0,0.0,27,0.0,5.52,12.9,1
2025-11-29 06:00:00+00:00,5.0,92,0.0,0.0,0.0,0.0,33,0.0,6.03,11.2,1
2025-11-29 07:00:00+00:00,5.1,91,0.0,0.0,0.0,0.0,40,0.0,6.15,12.2,1
2025-11-29 08:00:00+00:00,4.8,93,0.0,0.0,0.0,0.0,4,0.0,5.63,12.2,0
2025-11-29 09:00:00+00:00,4.7,91,0.0,0.0,0.0,0.0,31,3600.0,5.61,11.3,1
2025-11-29 10:00:00+00:00,4.9,87,0.0,0.0,0.0,0.0,91,3600.0,5.28,11.1,3
2025-11-29 11:00:00+00:00,4.9,83,0.0,0.0,0.0,0.0,94,3600.0,4.42,10.5,3
2025-11-29 12:00:00+00:00,6.1,77,0.0,0.0,0.0,0.0,0,3600.0,4.23,8.6,0
2025-11-29 13:00:00+00:00,5.9,75,0.0,0.0,0.0,0.0,0,3600.0,4.42,9.0,0
2025-11-29 14:00:00+00:00,4.8,79,0.0,0.0,0.0,0.0,0,3600.0,3.97,8.8,0
2025-11-29 15:00:00+00:00,3.6,84,0.0,0.0,0.0,0.0,0,0.0,3.36,7.8,0
2025-11-29 16:00:00+00:00,2.9,82,0.0,0.0,0.0,0.0,0,0.0,2.9,6.5,0
2025-11-29 17:00:00+00:00,2.0,80,0.0,0.0,0.0,0.0,0,0.0,2.11,5.6,0
2025-11-29 18:00:00+00:00,1.5,78,0.0,0.0,0.0,0.0,0,0.0,1.32,4.1,0
2025-11-29 19:00:00+00:00,0.5,80,0.0,0.0,0.0,0.0,0,0.0,1.7,3.2,0
2025-11-29 20:00:00+00:00,0.6,78,0.0,0.0,0.0,0.0,0,0.0,0.63,3.0,0
2025-11-29 21:00:00+00:00,0.5,77,0.0,0.0,0.0,0.0,75,0.0,0.32,1.4,2
2025-11-29 22:00:00+00:00,0.4,75,0.0,0.0,0.0,0.0,96,0.0,0.29,1.1,3
2025-11-29 23:00:00+00:00,0.5,74,0.0,0.0,0.0,0.0,100,0.0,0.4,1.1,3
2025-11-30 00:00:00+00:00,-1.2,91,0.0,0.0,0.0,0.0,93,0.0,0.97,1.6,3
2025-11-30 01:00:00+00:00,-1.7,89,0.0,0.0,0.0,0.0,100,0.0,1.74,3.8,3
2025-11-30 02:00:00+00:00,-1.1,87,0.0,0.0,0.0,0.0,100,0.0,2.03,4.3,3
2025-11-30 03:00:00+00:00,-0.8,83,0.0,0.0,0.0,0.0,100,0.0,2.36,4.9,3
2025-11-30 04:00:00+00:00,-0.5,85,0.1,0.0,0.07,0.0,100,0.0,2.91,5.7,71
2025-11-30 05:00:00+00:00,-0.3,85,0.2,0.0,0.14,0.0,100,0.0,3.13,6.5,71
2025-11-30 06:00:00+00:00,-0.4,89,0.7,0.0,0.49,0.0,100,0.0,3.52,7.0,73
2025-11-30 07:00:00+00:00,-0.1,91,1.5,0.0,1.05,0.01,100,0.0,4.62,9.2,75
2025-11-30 08:00:00+00:00,0.2,91,1.4,0.1,0.91,0.02,100,0.0,5.31,10.4,75
2025-11-30 09:00:00+00:00,0.3,94,0.9,0.4,0.35,0.02,100,0.0,5.73,11.4,73
2025-11-30 10:00:00+00:00,0.6,94,0.6,0.5,0.07,0.03,100,0.0,5.59,11.3,71
2025-11-30 11:00:00+00:00,0.5,98,0.5,0.5,0.0,0.02,100,0.0,5.45,11.0,53
2025-11-30 12:00:00+00:00,1.3,95,0.9,0.9,0.0,0.01,100,0.0,4.17,10.4,53
2025-11-30 13:00:00+00:00,1.5,96,2.0,2.0,0.0,0.01,100,0.0,3.69,7.8,61
2025-11-30 14:00:00+00:00,1.8,97,0.4,0.4,0.0,0.01,100,0.0,3.15,7.1,51
2025-11-30 15:00:00+00:00,2.0,97,0.1,0.1,0.0,0.01,100,0.0,2.0,6.1,51
2025-11-30 16:00:00+00:00,2.0,96,0.2,0.2,0.0,0.01,100,0.0,1.27,3.8,51
2025-11-30 17:00:00+00:00,1.9,98,0.4,0.4,0.0,0.01,100,0.0,1.28,2.3,51
2025-11-30 18:00:00+00:00,1.9,95,3.3,2.7,0.42,0.0,92,0.0,1.86,3.6,73
2025-11-30 19:00:00+00:00,1.5,96,1.7,1.2,0.35,0.0,100,0.0,1.54,3.2,73
2025-11-30 20:00:00+00:00,1.7,98,0.2,0.2,0.0,0.0,100,0.0,1.81,3.5,51
2025-11-30 21:00:00+00:00,2.0,98,0.7,0.7,0.0,0.0,100,0.0,1.86,3.8,53
2025-11-30 22:00:00+00:00,1.9,97,1.7,1.7,0.0,0.0,100,0.0,1.67,3.6,61
2025-11-30 23:00:00+00:00,1.6,99,1.4,1.4,0.0,0.0,100,0.0,1.93,3.7,61
2025-12-01 00:00:00+00:00,1.9,98,0.6,0.6,0.0,0.0,100,0.0,2.12,4.9,53
2025-12-01 01:00:00+00:00,1.8,98,0.1,0.1,0.0,0.0,100,0.0,2.26,4.7,51
2025-12-01 02:00:00+00:00,1.6,98,0.0,0.0,0.0,0.0,100,0.0,1.86,4.4,3
2025-12-01 03:00:00+00:00,1.2,98,0.1,0.1,0.0,0.0,100,0.0,1.14,3.7,51
2025-12-01 04:00:00+00:00,1.4,97,0.0,0.0,0.0,0.0,100,0.0,0.53,2.2,3
2025-12-01 05:00:00+00:00,1.2,98,0.0,0.0,0.0,0.0,100,0.0,0.71,1.2,3
2025-12-01 06:00:00+00:00,1.2,98,0.0,0.0,0.0,0.0,100,0.0,1.03,2.5,3
2025-12-01 07:00:00+00:00,1.0,97,0.0,0.0,0.0,0.0,30,0.0,0.87,2.0,1
2025-12-01 08:00:00+00:00,0.4,97,0.0,0.0,0.0,0.0,24,0.0,1.4,2.6,1
2025-12-01 09:00:00+00:00,0.4,98,0.0,0.0,0.0,0.0,27,1943.45,1.51,3.1,1
2025-12-01 10:00:00+00:00,1.2,98,0.0,0.0,0.0,0.0,91,1997.13,1.86,3.8,3
2025-12-01 11:00:00+00:00,1.5,98,0.0,0.0,0.0,0.0,50,1923.01,1.94,3.7,2
2025-12-01 12:00:00+00:00,1.2,100,0.0,0.0,0.0,0.0,96,3600.0,1.76,4.0,3
2025-12-01 13:00:00+00:00,0.7,99,0.0,0.0,0.0,0.0,99,3600.0,1.4,3.6,3
2025-12-01 14:00:00+00:00,-0.2,99,0.0,0.0,0.0,0.0,100,0.0,1.3,3.1,3
2025-12-01 15:00:00+00:00,-0.1,95,0.0,0.0,0.0,0.0,100,0.0,1.59,3.4,3
2025-12-01 16:00:00+00:00,0.6,92,0.0,0.0,0.0,0.0,100,0.0,1.26,3.4,3
2025-12-01 17:00:00+00:00,1.5,94,0.4,0.4,0.0,0.0,100,0.0,1.79,3.7,51
2025-12-01 18:00:00+00:00,2.5,95,0.8,0.8,0.0,0.0,100,0.0,2.24,5.9,53
2025-12-01 19:00:00+00:00,4.1,97,1.2,1.2,0.0,0.0,100,0.0,4.46,8.7,55
2025-12-01 20:00:00+00:00,4.4,97,0.2,0.2,0.0,0.0,100,0.0,5.76,11.3,51
2025-12-01 21:00:00+00:00,4.1,96,0.4,0.4,0.0,0.0,100,0.0,5.54,11.5,51
2025-12-01 22:00:00+00:00,4.0,97,0.3,0.3,0.0,0.0,100,0.0,4.87,11.0,51
2025-12-01 23:00:00+00:00,4.1,98,0.3,0.3,0.0,0.0,100,0.0,4.57,9.7,51
2025-12-02 00:00:00+00:00,4.3,98,0.9,0.9,0.0,0.0,100,0.0,4.28,9.9,53
2025-12-02 01:00:00+00:00,4.8,97,1.0,1.0,0.0,0.0,100,0.0,4.86,9.5,55
2025-12-02 02:00:00+00:00,4.9,97,0.5,0.5,0.0,0.0,100,0.0,5.54,10.8,53
2025-12-02 03:00:00+00:00,5.0,97,0.3,0.3,0.0,0.0,100,0.0,6.1,12.0,51
2025-12-02 04:00:00+00:00,5.1,97,0.5,0.5,0.0,0.0,100,0.0,6.02,12.1,53
2025-12-02 05:00:00+00:00,5.1,97,0.5,0.5,0.0,0.0,100,0.0,6.15,12.1,53
2025-12-02 06:00:00+00:00,5.1,97,0.5,0.5,0.0,0.0,100,0.0,5.47,12.2,53
2025-12-02 07:00:00+00:00,5.2,97,0.6,0.6,0.0,0.0,100,0.0,6.33,12.4,53
2025-12-02 08:00:00+00:00,5.2,97,0.5,0.5,0.0,0.0,100,0.0,6.06,12.5,53
2025-12-02 09:00:00+00:00,5.3,97,0.5,0.5,0.0,0.0,100,0.0,6.55,12.9,53
2025-12-02 10:00:00+00:00,5.3,97,0.6,0.6,0.0,0.0,100,0.0,6.93,13.8,53
2025-12-02 11:00:00+00:00,5.3,97,0.8,0.8,0.0,0.0,100,0.0,7.13,14.2,53
2025-12-02 12:00:00+00:00,5.7,95,0.9,0.9,0.0,0.0,100,0.0,6.83,14.2,53
2025-12-02 13:00:00+00:00,5.4,97,0.5,0.5,0.0,0.0,100,0.0,6.69,13.3,53
2025-12-02 14:00:00+00:00,5.2,97,0.4,0.4,0.0,0.0,100,0.0,6.68,13.4,51
2025-12-02 15:00:00+00:00,5.1,97,0.2,0.2,0.0,0.0,100,0.0,6.51,13.2,51
2025-12-02 16:00:00+00:00,5.4,95,0.1,0.1,0.0,0.0,100,0.0,6.31,12.8,51
2025-12-02 17:00:00+00:00,5.4,96,0.1,0.1,0.0,0.0,100,0.0,5.96,12.4,51
2025-12-02 18:00:00+00:00,5.5,96,0.1,0.1,0.0,0.0,100,0.0,5.49,11.7,51
2025-12-02 19:00:00+00:00,5.8,96,0.0,0.0,0.0,0.0,100,0.0,5.35,10.8,3
2025-12-02 20:00:00+00:00,6.0,97,0.0,0.0,0.0,0.0,100,0.0,5.05,10.5,3
2025-12-02 21:00:00+00:00,6.3,97,0.0,0.0,0.0,0.0,100,0.0,4.5,9.9,3
2025-12-02 22:00:00+00:00,6.4,97,0.0,0.0,0.0,0.0,100,0.0,3.98,8.7,3
2025-12-02 23:00:00+00:00,6.5,97,0.0,0.0,0.0,0.0,100,0.0,3.56,7.7,3
2025-12-03 00:00:00+00:00,5.8,98,0.0,0.0,0.0,0.0,64,0.0,2.36,7.0,2
2025-12-03 01:00:00+00:00,5.7,99,0.1,0.1,0.0,0.0,100,0.0,2.8,5.5,51
2025-12-03 02:00:00+00:00,5.3,100,0.0,0.0,0.0,0.0,100,0.0,2.5,5.5,3
2025-12-03 03:00:00+00:00,4.8,100,0.0,0.0,0.0,0.0,100,0.0,2.08,4.9,3
2025-12-03 04:00:00+00:00,4.2,100,0.0,0.0,0.0,0.0,100,0.0,1.63,4.1,3
2025-12-03 05:00:00+00:00,3.5,99,0.0,0.0,0.0,0.0,100,0.0,1.48,3.6,3
2025-12-03 06:00:00+00:00,3.2,99,0.0,0.0,0.0,0.0,100,0.0,0.63,3.6,3
2025-12-03 07:00:00+00:00,2.8,99,0.0,0.0,0.0,0.0,100,0.0,0.6,2.7,3
2025-12-03 08:00:00+00:00,2.6,99,0.0,0.0,0.0,0.0,100,0.0,0.63,2.5,3
2025-12-03 09:00:00+00:00,2.5,100,0.0,0.0,0.0,0.0,100,0.0,0.98,2.9,3
2025-12-03 10:00:00+00:00,2.4,100,0.0,0.0,0.0,0.0,100,0.0,1.03,3.1,3
2025-12-03 11:00:00+00:00,2.4,99,0.0,0.0,0.0,0.0,100,0.0,0.85,3.0,3
2025-12-03 12:00:00+00:00,3.0,100,0.1,0.1,0.0,0.0,100,0.0,0.76,2.6,51
2025-12-03 13:00:00+00:00,2.9,100,0.2,0.2,0.0,0.0,100,0.0,0.78,2.1,51
2025-12-03 14:00:00+00:00,2.8,100,0.0,0.0,0.0,0.0,100,0.0,0.75,1.9,3
2025-12-03 15:00:00+00:00,2.8,100,0.1,0.1,0.0,0.0,100,0.0,0.81,1.4,51
2025-12-03 16:00:00+00:00,3.0,100,0.2,0.2,0.0,0.0,100,0.0,0.99,1.9,51
2025-12-03 17:00:00+00:00,3.1,99,0.3,0.3,0.0,0.0,100,0.0,0.78,1.8,51
2025-12-03 18:00:00+00:00,3.7,98,0.3,0.3,0.0,0.0,100,0.0,1.42,1.8,51
2025-12-03 19:00:00+00:00,3.9,99,0.4,0.4,0.0,0.0,100,0.0,1.06,2.5,51
2025-12-03 20:00:00+00:00,4.0,98,0.5,0.5,0.0,0.0,100,0.0,1.06,2.0,53
2025-12-03 21:00:00+00:00,4.0,99,0.5,0.5,0.0,0.0,100,0.0,1.19,2.3,53
2025-12-03 22:00:00+00:00,3.9,100,0.5,0.5,0.0,0.0,100,0.0,1.05,2.2,53
2025-12-03 23:00:00+00:00,3.8,100,0.9,0.9,0.0,0.0,100,0.0,1.15,2.0,53
2025-12-04 00:00:00+00:00,3.8,99,0.6,0.6,0.0,0.0,100,0.0,1.5,3.3,53
2025-12-04 01:00:00+00:00,3.7,98,0.6,0.6,0.0,0.0,100,0.0,1.14,2.7,53
2025-12-04 02:00:00+00:00,3.6,97,0.3,0.3,0.0,0.0,100,0.0,0.95,2.1,51
2025-12-04 03:00:00+00:00,3.4,98,0.2,0.2,0.0,0.0,100,0.0,1.05,1.7,51
2025-12-04 04:00:00+00:00,3.4,98,0.2,0.2,0.0,0.0,100,0.0,1.19,2.0,51
2025-12-04 05:00:00+00:00,3.3,98,0.1,0.1,0.0,0.0,100,0.0,1.18,2.2,51
2025-12-04 06:00:00+00:00,3.4,97,0.2,0.2,0.0,0.0,100,0.0,1.2,2.1,51
2025-12-04 07:00:00+00:00,3.3,98,0.3,0.3,0.0,0.0,100,0.0,1.04,2.2,51
2025-12-04 08:00:00+00:00,3.3,97,0.4,0.4,0.0,0.0,100,0.0,1.23,2.2,51
2025-12-04 09:00:00+00:00,3.3,97,0.4,0.4,0.0,0.0,100,0.0,1.29,2.3,51
2025-12-04 10:00:00+00:00,3.4,98,0.2,0.2,0.0,0.0,100,0.0,1.25,2.5,51
2025-12-04 11:00:00+00:00,3.4,98,0.3,0.3,0.0,0.0,100,0.0,1.08,2.3,51
2025-12-04 12:00:00+00:00,3.7,97,0.1,0.1,0.0,0.0,100,0.0,1.3,2.5,51
2025-12-04 13:00:00+00:00,3.5,98,0.2,0.2,0.0,0.0,100,0.0,1.36,2.6,51
2025-12-04 14:00:00+00:00,3.3,99,0.1,0.1,0.0,0.0,100,0.0,1.13,2.6,51
2025-12-04 15:00:00+00:00,3.2,98,0.2,0.2,0.0,0.0,100,0.0,1.38,2.7,51
2025-12-04 16:00:00+00:00,3.1,98,0.2,0.2,0.0,0.0,100,0.0,1.54,3.0,51
2025-12-04 17:00:00+00:00,3.0,98,0.2,0.2,0.0,0.0,100,0.0,1.71,3.3,51
2025-12-04 18:00:00+00:00,3.3,97,0.1,0.1,0.0,0.0,100,0.0,2.05,3.9,51
2025-12-04 19:00:00+00:00,3.1,98,0.0,0.0,0.0,0.0,100,0.0,1.87,3.9,3
2025-12-04 20:00:00+00:00,3.1,98,0.2,0.2,0.0,0.0,100,0.0,1.95,3.8,51
2025-12-04 21:00:00+00:00,2.9,98,0.6,0.6,0.0,0.0,100,0.0,2.19,4.2,53
2025-12-04 22:00:00+00:00,2.9,98,0.9,0.9,0.0,0.0,100,0.0,2.55,4.8,53
2025-12-04 23:00:00+00:00,2.6,98,0.7,0.7,0.0,0.0,100,0.0,2.93,5.6,53
2025-12-05 00:00:00+00:00,2.4,98,0.6,0.6,0.0,0.0,100,0.0,2.69,5.6,53
2025-12-05 01:00:00+00:00,2.2,98,0.6,0.6,0.0,0.0,100,0.0,2.65,5.4,53
2025-12-05 02:00:00+00:00,2.1,98,0.3,0.3,0.0,0.0,100,0.0,2.71,5.3,51
2025-12-05 03:00:00+00:00,2.1,98,0.2,0.2,0.0,0.0,100,0.0,2.76,5.4,51
2025-12-05 04:00:00+00:00,2.0,98,0.4,0.4,0.0,0.0,100,0.0,2.64,5.3,51
2025-12-05 05:00:00+00:00,2.0,98,0.7,0.7,0.0,0.0,100,0.0,2.54,5.1,53
2025-12-05 06:00:00+00:00,2.0,97,0.5,0.5,0.0,0.0,100,0.0,2.69,4.9,53
2025-12-05 07:00:00+00:00,2.0,98,0.1,0.1,0.0,0.0,100,0.0,2.39,5.1,51
2025-12-05 08:00:00+00:00,2.1,98,0.1,0.1,0.0,0.0,100,0.0,2.06,4.6,51
2025-12-05 09:00:00+00:00,2.3,96,0.1,0.1,0.0,0.0,100,0.0,2.45,4.5,51
2025-12-05 10:00:00+00:00,2.5,97,0.0,0.0,0.0,0.0,100,0.0,2.24,4.6,3
2025-12-05 11:00:00+00:00,2.6,97,0.0,0.0,0.0,0.0,100,0.0,2.25,4.3,3
2025-12-05 12:00:00+00:00,2.6,97,0.0,0.0,0.0,0.0,100,0.0,2.38,4.4,3
2025-12-05 13:00:00+00:00,2.6,97,0.1,0.1,0.0,0.0,100,0.0,2.55,4.7,51
2025-12-05 14:00:00+00:00,2.6,97,0.0,0.0,0.0,0.0,100,0.0,2.23,4.7,3
2025-12-05 15:00:00+00:00,2.6,97,0.0,0.0,0.0,0.0,100,0.0,2.2,4.1,3
2025-12-05 16:00:00+00:00,2.7,97,0.0,0.0,0.0,0.0,100,0.0,2.19,4.2,3
2025-12-05 17:00:00+00:00,2.7,97,0.0,0.0,0.0,0.0,100,0.0,2.23,4.2,3
2025-12-05 18:00:00+00:00,2.9,97,0.0,0.0,0.0,0.0,100,0.0,2.4,4.4,3
2025-12-05 19:00:00+00:00,3.1,97,0.0,0.0,0.0,0.0,100,0.0,2.44,4.6,3
2025-12-05 20:00:00+00:00,3.2,97,0.0,0.0,0.0,0.0,100,0.0,2.37,4.6,3
2025-12-05 21:00:00+00:00,3.1,97,0.0,0.0,0.0,0.0,100,0.0,2.37,4.6,3
2025-12-05 22:00:00+00:00,2.9,97,0.0,0.0,0.0,0.0,100,0.0,2.33,4.6,3
2025-12-05 23:00:00+00:00,2.9,97,0.0,0.0,0.0,0.0,100,0.0,2.45,4.7,3
2025-12-06 00:00:00+00:00,2.9,97,0.0,0.0,0.0,0.0,100,0.0,2.77,5.3,3
2025-12-06 01:00:00+00:00,3.0,97,0.0,0.0,0.0,0.0,100,0.0,3.29,6.2,3
2025-12-06 02:00:00+00:00,3.0,95,0.1,0.1,0.0,0.0,100,0.0,4.32,8.3,51
2025-12-06 03:00:00+00:00,2.7,96,0.2,0.2,0.0,0.0,100,0.0,4.53,8.8,51
2025-12-06 04:00:00+00:00,2.6,97,0.2,0.2,0.0,0.0,100,0.0,4.01,8.7,51
2025-12-06 05:00:00+00:00,2.5,98,0.4,0.4,0.0,0.0,100,0.0,3.71,7.9,51
2025-12-06 06:00:00+00:00,2.7,98,0.6,0.6,0.0,0.0,100,0.0,3.96,7.7,53
2025-12-06 07:00:00+00:00,2.5,98,0.3,0.3,0.0,0.0,100,0.0,3.96,8.1,51
2025-12-06 08:00:00+00:00,2.4,98,0.3,0.3,0.0,0.0,100,0.0,3.75,7.8,51
2025-12-06 09:00:00+00:00,2.2,98,0.4,0.4,0.0,0.0,100,0.0,3.54,7.5,51
2025-12-06 10:00:00+00:00,2.3,98,0.4,0.4,0.0,0.0,100,0.0,3.58,7.0,51
2025-12-06 11:00:00+00:00,2.2,98,0.5,0.5,0.0,0.0,100,0.0,3.65,7.2,53
2025-12-06 12:00:00+00:00,2.4,97,0.5,0.5,0.0,0.0,100,0.0,3.29,7.1,53
2025-12-06 13:00:00+00:00,2.4,98,0.3,0.3,0.0,0.0,100,0.0,3.13,6.3,51
2025-12-06 14:00:00+00:00,2.4,98,0.2,0.2,0.0,0.0,100,0.0,3.05,6.0,51
2025-12-06 15:00:00+00:00,2.4,98,0.1,0.1,0.0,0.0,100,0.0,2.77,5.9,51
2025-12-06 16:00:00+00:00,2.4,98,0.1,0.1,0.0,0.0,100,0.0,2.77,5.4,51
2025-12-06 17:00:00+00:00,2.4,98,0.2,0.2,0.0,0.0,100,0.0,2.62,5.4,51
2025-12-06 18:00:00+00:00,2.6,97,0.2,0.2,0.0,0.0,100,0.0,2.84,5.0,51
2025-12-06 19:00:00+00:00,2.6,98,0.1,0.1,0.0,0.0,100,0.0,2.44,5.3,51
2025-12-06 20:00:00+00:00,2.7,98,0.2,0.2,0.0,0.0,100,0.0,2.23,4.6,51
2025-12-06 21:00:00+00:00,2.7,97,0.0,0.0,0.0,0.0,100,0.0,2.3,4.3,3
2025-12-06 22:00:00+00:00,2.7,97,0.0,0.0,0.0,0.0,100,0.0,2.02,4.3,3
2025-12-06 23:00:00+00:00,2.8,97,0.0,0.0,0.0,0.0,100,0.0,1.87,3.7,3
2025-12-07 00:00:00+00:00,2.8,97,0.0,0.0,0.0,0.0,100,0.0,2.32,4.2,3
2025-12-07 01:00:00+00:00,2.9,97,0.0,0.0,0.0,0.0,100,0.0,2.26,4.5,3
2025-12-07 02:00:00+00:00,2.9,97,0.0,0.0,0.0,0.0,100,0.0,1.95,4.2,3
2025-12-07 03:00:00+00:00,2.8,98,0.1,0.1,0.0,0.0,100,0.0,1.56,3.6,51
2025-12-07 04:00:00+00:00,2.7,98,0.0,0.0,0.0,0.0,100,0.0,1.2,3.0,3
2025-12-07 05:00:00+00:00,2.7,98,0.0,0.0,0.0,0.0,100,0.0,1.42,2.8,3
2025-12-07 06:00:00+00:00,3.0,97,0.1,0.1,0.0,0.0,100,0.0,2.04,3.2,51
2025-12-07 07:00:00+00:00,2.9,98,0.1,0.1,0.0,0.0,100,0.0,1.63,3.7,51
2025-12-07 08:00:00+00:00,2.9,98,0.0,0.0,0.0,0.0,100,0.0,1.64,3.2,3
2025-12-07 09:00:00+00:00,3.0,98,0.2,0.2,0.0,0.0,100,0.0,1.81,3.5,51
2025-12-07 10:00:00+00:00,3.0,98,0.1,0.1,0.0,0.0,100,0.0,1.98,3.8,51
2025-12-07 11:00:00+00:00,3.3,96,0.0,0.0,0.0,0.0,100,0.0,2.3,4.2,3
2025-12-07 12:00:00+00:00,3.4,96,0.0,0.0,0.0,0.0,100,0.0,2.05,4.3,3
2025-12-07 13:00:00+00:00,3.4,96,0.0,0.0,0.0,0.0,100,0.0,2.19,4.2,3
2025-12-07 14:00:00+00:00,3.3,96,0.0,0.0,0.0,0.0,100,0.0,2.35,4.4,3
2025-12-07 15:00:00+00:00,3.3,96,0.0,0.0,0.0,0.0,100,0.0,2.34,4.5,3
2025-12-07 16:00:00+00:00,3.3,96,0.0,0.0,0.0,0.0,100,0.0,2.15,4.3,3
2025-12-07 17:00:00+00:00,3.3,96,0.0,0.0,0.0,0.0,100,0.0,2.38,4.5,3
2025-12-07 18:00:00+00:00,3.6,97,0.1,0.1,0.0,0.0,100,0.0,2.42,4.5,51
2025-12-07 19:00:00+00:00,3.5,98,0.3,0.3,0.0,0.0,100,0.0,2.37,4.9,51
2025-12-07 20:00:00+00:00,3.4,98,0.2,0.2,0.0,0.0,100,0.0,2.4,4.7,51
2025-12-07 21:00:00+00:00,3.5,97,0.1,0.1,0.0,0.0,100,0.0,2.97,5.6,51
2025-12-07 22:00:00+00:00,3.5,96,0.0,0.0,0.0,0.0,100,0.0,2.9,5.6,3
2025-12-07 23:00:00+00:00,3.4,98,0.2,0.2,0.0,0.0,100,0.0,2.49,5.4,51
2025-12-08 00:00:00+00:00,3.4,98,0.1,0.1,0.0,0.0,100,0.0,2.56,4.8,51
2025-12-08 01:00:00+00:00,3.7,98,1.0,1.0,0.0,0.0,100,0.0,2.77,5.6,55
2025-12-08 02:00:00+00:00,3.9,98,1.5,1.5,0.0,0.0,100,0.0,2.98,5.7,61
2025-12-08 03:00:00+00:00,4.1,98,0.8,0.8,0.0,0.0,100,0.0,2.95,5.8,53
2025-12-08 04:00:00+00:00,4.5,98,0.6,0.6,0.0,0.0,100,0.0,3.55,6.8,53
2025-12-08 05:00:00+00:00,4.8,97,0.8,0.8,0.0,0.0,100,0.0,4.25,8.2,53
2025-12-08 06:00:00+00:00,5.2,96,0.8,0.8,0.0,0.0,100,0.0,3.96,8.7,53
2025-12-08 07:00:00+00:00,5.2,97,0.8,0.8,0.0,0.0,100,0.0,4.09,7.9,53
2025-12-08 08:00:00+00:00,5.2,97,0.9,0.9,0.0,0.0,100,0.0,3.9,7.9,53
2025-12-08 09:00:00+00:00,5.1,97,1.0,1.0,0.0,0.0,100,0.0,4.48,8.6,55
2025-12-08 10:00:00+00:00,5.0,97,1.2,1.2,0.0,0.0,100,0.0,4.56,9.0,55
2025-12-08 11:00:00+00:00,4.9,97,1.3,1.3,0.0,0.0,100,0.0,4.48,9.0,61
2025-12-08 12:00:00+00:00,5.3,96,0.8,0.8,0.0,0.0,100,0.0,4.98,9.3,53
2025-12-08 13:00:00+00:00,5.0,97,0.2,0.2,0.0,0.0,100,0.0,4.9,9.7,51
2025-12-08 14:00:00+00:00,5.0,96,0.1,0.1,0.0,0.0,100,0.0,4.69,9.5,51
2025-12-08 15:00:00+00:00,4.9,95,0.0,0.0,0.0,0.0,100,0.0,4.21,9.0,3
2025-12-08 16:00:00+00:00,4.8,93,0.0,0.0,0.0,0.0,100,0.0,3.21,8.0,3
2025-12-08 17:00:00+00:00,4.7,92,0.0,0.0,0.0,0.0,100,0.0,2.06,6.0,3
2025-12-08 18:00:00+00:00,4.6,94,0.0,0.0,0.0,0.0,100,0.0,1.26,3.7,3
2025-12-08 19:00:00+00:00,4.4,93,0.1,0.1,0.0,0.0,100,0.0,0.92,2.3,51
2025-12-08 20:00:00+00:00,3.9,98,0.4,0.4,0.0,0.0,100,0.0,1.24,2.2,51
2025-12-08 21:00:00+00:00,3.5,98,0.9,0.9,0.0,0.0,100,0.0,1.1,2.6,53
2025-12-08 22:00:00+00:00,3.4,96,0.5,0.5,0.0,0.0,100,0.0,0.49,2.1,53
2025-12-08 23:00:00+00:00,3.3,96,0.1,0.1,0.0,0.0,100,0.0,0.61,1.2,51
2025-12-09 00:00:00+00:00,2.3,100,0.0,0.0,0.0,0.0,100,0.0,0.42,1.8,3
2025-12-09 01:00:00+00:00,1.6,100,0.0,0.0,0.0,0.0,100,0.0,0.14,0.9,3
2025-12-09 02:00:00+00:00,1.1,99,0.0,0.0,0.0,0.0,99,0.0,0.21,0.8,3
2025-12-09 03:00:00+00:00,0.7,99,0.0,0.0,0.0,0.0,100,0.0,0.11,0.7,3
2025-12-09 04:00:00+00:00,0.4,99,0.0,0.0,0.0,0.0,100,0.0,0.4,1.1,3
2025-12-09 05:00:00+00:00,0.1,96,0.0,0.0,0.0,0.0,100,0.0,0.61,1.4,3
2025-12-09 06:00:00+00:00,0.4,99,0.0,0.0,0.0,0.0,100,0.0,0.85,2.4,3
2025-12-09 07:00:00+00:00,0.0,100,0.0,0.0,0.0,0.0,100,0.0,0.6,2.6,3
2025-12-09 08:00:00+00:00,-0.2,100,0.0,0.0,0.0,0.0,100,0.0,0.4,2.5,3
2025-12-09 09:00:00+00:00,-0.3,100,0.0,0.0,0.0,0.0,100,0.0,0.43,2.2,3
2025-12-09 10:00:00+00:00,-0.3,100,0.0,0.0,0.0,0.0,100,0.0,0.49,2.6,3
2025-12-09 11:00:00+00:00,0.1,100,0.0,0.0,0.0,0.0,100,0.0,0.65,2.7,3
2025-12-09 12:00:00+00:00,0.2,99,0.0,0.0,0.0,0.0,100,0.0,0.35,2.7,3
2025-12-09 13:00:00+00:00,0.2,99,0.0,0.0,0.0,0.0,100,0.0,0.28,1.5,3
2025-12-09 14:00:00+00:00,0.1,99,0.0,0.0,0.0,0.0,100,0.0,0.99,2.7,3
2025-12-09 15:00:00+00:00,-0.2,100,0.0,0.0,0.0,0.0,100,0.0,0.25,2.2,3
2025-12-09 16:00:00+00:00,-0.2,99,0.0,0.0,0.0,0.0,100,0.0,0.35,1.7,3
2025-12-09 17:00:00+00:00,-0.2,99,0.0,0.0,0.0,0.0,100,0.0,1.25,3.2,3
2025-12-09 18:00:00+00:00,-0.3,97,0.0,0.0,0.0,0.0,100,0.0,1.39,3.4,3
2025-12-09 19:00:00+00:00,-0.2,99,0.0,0.0,0.0,0.0,100,0.0,1.34,3.0,3
2025-12-09 20:00:00+00:00,-0.2,99,0.0,0.0,0.0,0.0,100,0.0,1.36,3.0,3
2025-12-09 21:00:00+00:00,-0.2,99,0.0,0.0,0.0,0.0,100,0.0,1.47,3.5,3
2025-12-09 22:00:00+00:00,-0.1,98,0.0,0.0,0.0,0.0,100,0.0,1.7,3.5,3
2025-12-09 23:00:00+00:00,0.2,98,0.1,0.1,0.0,0.0,100,0.0,2.15,4.3,51
2025-12-10 00:00:00+00:00,0.4,97,0.2,0.2,0.0,0.0,100,0.0,2.86,4.9,51
2025-12-10 01:00:00+00:00,0.4,98,0.9,0.9,0.0,0.0,100,0.0,3.36,6.2,53
2025-12-10 02:00:00+00:00,0.8,98,1.6,1.6,0.0,0.0,100,0.0,3.73,7.7,61
2025-12-10 03:00:00+00:00,1.2,98,1.4,1.4,0.0,0.0,100,0.0,3.0,7.1,61
2025-12-10 04:00:00+00:00,1.7,98,0.2,0.2,0.0,0.0,100,0.0,3.08,5.9,51
2025-12-10 05:00:00+00:00,2.0,98,0.6,0.6,0.0,0.0,100,0.0,1.85,5.9,53
2025-12-10 06:00:00+00:00,1.9,97,0.2,0.2,0.0,0.0,100,0.0,1.48,3.4,51
2025-12-10 07:00:00+00:00,1.5,98,0.0,0.0,0.0,0.0,100,0.0,0.07,2.5,3
2025-12-10 08:00:00+00:00,1.3,99,0.0,0.0,0.0,0.0,100,0.0,1.37,3.2,3
2025-12-10 09:00:00+00:00,2.0,98,0.0,0.0,0.0,0.0,100,0.0,2.24,4.7,3
2025-12-10 10:00:00+00:00,3.0,99,0.0,0.0,0.0,0.0,95,0.0,3.26,6.6,3
2025-12-10 11:00:00+00:00,4.0,98,0.0,0.0,0.0,0.0,13,3600.0,3.61,7.2,0
2025-12-10 12:00:00+00:00,5.1,97,0.0,0.0,0.0,0.0,24,3600.0,3.54,7.4,1
2025-12-10 13:00:00+00:00,4.7,97,0.0,0.0,0.0,0.0,17,3600.0,2.65,6.9,0
2025-12-10 14:00:00+00:00,4.5,97,0.0,0.0,0.0,0.0,3,3600.0,3.8,7.3,0
2025-12-10 15:00:00+00:00,4.6,96,0.0,0.0,0.0,0.0,1,0.0,4.42,8.7,0
2025-12-10 16:00:00+00:00,4.5,96,0.0,0.0,0.0,0.0,1,0.0,4.66,9.1,0
2025-12-10 17:00:00+00:00,4.4,96,0.0,0.0,0.0,0.0,1,0.0,4.62,9.1,0
2025-12-10 18:00:00+00:00,5.6,95,0.0,0.0,0.0,0.0,51,0.0,5.63,9.5,2
2025-12-10 19:00:00+00:00,5.6,96,0.0,0.0,0.0,0.0,50,0.0,5.14,10.8,2
2025-12-10 20:00:00+00:00,5.6,97,0.0,0.0,0.0,0.0,91,0.0,4.97,10.5,3
2025-12-10 21:00:00+00:00,5.2,98,0.0,0.0,0.0,0.0,100,0.0,4.1,9.8,3
2025-12-10 22:00:00+00:00,4.8,97,0.0,0.0,0.0,0.0,88,0.0,3.7,8.2,3
2025-12-10 23:00:00+00:00,3.7,97,0.0,0.0,0.0,0.0,1,0.0,3.02,7.3,0
2025-12-11 00:00:00+00:00,3.4,98,0.0,0.0,0.0,0.0,100,0.0,2.26,5.9,3
2025-12-11 01:00:00+00:00,3.9,98,0.0,0.0,0.0,0.0,98,0.0,3.36,6.4,3
2025-12-11 02:00:00+00:00,4.1,99,0.0,0.0,0.0,0.0,100,0.0,3.07,6.6,3
2025-12-11 03:00:00+00:00,4.3,98,0.0,0.0,0.0,0.0,100,0.0,3.37,6.5,3
2025-12-11 04:00:00+00:00,4.8,95,0.0,0.0,0.0,0.0,100,0.0,4.87,9.2,3
2025-12-11 05:00:00+00:00,4.9,93,0.0,0.0,0.0,0.0,100,0.0,5.05,9.9,3
2025-12-11 06:00:00+00:00,5.4,93,0.0,0.0,0.0,0.0,98,0.0,4.41,9.7,3
2025-12-11 07:00:00+00:00,5.4,92,0.0,0.0,0.0,0.0,99,0.0,4.14,8.4,3
2025-12-11 08:00:00+00:00,5.6,90,0.0,0.0,0.0,0.0,99,0.0,3.67,7.8,3
2025-12-11 09:00:00+00:00,5.9,92,0.0,0.0,0.0,0.0,100,0.0,3.44,7.0,3
2025-12-11 10:00:00+00:00,5.7,93,0.0,0.0,0.0,0.0,100,0.0,2.41,6.5,3
2025-12-11 11:00:00+00:00,5.3,94,0.0,0.0,0.0,0.0,100,0.0,1.2,4.5,3
2025-12-11 12:00:00+00:00,5.5,94,0.0,0.0,0.0,0.0,87,0.0,1.54,2.5,3
2025-12-11 13:00:00+00:00,5.4,93,0.0,0.0,0.0,0.0,100,738.31,1.21,3.3,3
2025-12-11 14:00:00+00:00,4.7,94,0.0,0.0,0.0,0.0,100,0.0,0.93,2.5,3
2025-12-11 15:00:00+00:00,4.0,96,0.0,0.0,0.0,0.0,50,0.0,0.59,2.0,2
2025-12-11 16:00:00+00:00,3.0,99,0.0,0.0,0.0,0.0,91,0.0,0.65,1.6,3
2025-12-11 17:00:00+00:00,3.0,100,0.0,0.0,0.0,0.0,99,0.0,0.4,1.6,3
2025-12-11 18:00:00+00:00,3.3,100,0.0,0.0,0.0,0.0,99,0.0,0.35,1.3,3
2025-12-11 19:00:00+00:00,3.7,98,0.0,0.0,0.0,0.0,91,0.0,0.51,1.8,3
2025-12-11 20:00:00+00:00,4.3,91,0.0,0.0,0.0,0.0,94,0.0,0.11,1.7,3
2025-12-11 21:00:00+00:00,4.5,89,0.0,0.0,0.0,0.0,2,0.0,1.91,2.1,0
2025-12-11 22:00:00+00:00,2.9,92,0.0,0.0,0.0,0.0,37,0.0,0.92,2.9,1
2025-12-11 23:00:00+00:00,2.4,95,0.0,0.0,0.0,0.0,100,0.0,0.87,1.9,3
2025-12-12 00:00:00+00:00,1.2,98,0.1,0.1,0.0,0.0,100,0.0,1.98,2.8,51
2025-12-12 01:00:00+00:00,1.5,99,0.0,0.0,0.0,0.0,100,0.0,2.26,4.7,3
2025-12-12 02:00:00+00:00,1.9,98,0.0,0.0,0.0,0.0,100,0.0,2.0,4.3,3
2025-12-12 03:00:00+00:00,1.8,98,0.0,0.0,0.0,0.0,100,0.0,2.35,4.3,3
2025-12-12 04:00:00+00:00,1.4,98,0.0,0.0,0.0,0.0,100,0.0,2.01,4.2,3
2025-12-12 05:00:00+00:00,0.9,98,0.0,0.0,0.0,0.0,100,0.0,1.48,3.8,3
2025-12-12 06:00:00+00:00,1.3,98,0.0,0.0,0.0,0.0,100,0.0,1.79,3.0,3
2025-12-12 07:00:00+00:00,1.3,98,0.0,0.0,0.0,0.0,100,0.0,1.98,3.6,3
2025-12-12 08:00:00+00:00,1.5,98,0.0,0.0,0.0,0.0,100,0.0,1.61,3.8,3
2025-12-12 09:00:00+00:00,2.0,98,0.0,0.0,0.0,0.0,100,0.0,2.48,4.5,3
2025-12-12 10:00:00+00:00,2.5,97,0.0,0.0,0.0,0.0,100,0.0,2.81,5.2,3
2025-12-12 11:00:00+00:00,2.9,97,0.0,0.0,0.0,0.0,100,0.0,2.65,5.4,3
2025-12-12 12:00:00+00:00,3.3,98,0.0,0.0,0.0,0.0,100,0.0,2.59,5.0,3
2025-12-12 13:00:00+00:00,3.6,98,0.0,0.0,0.0,0.0,100,0.0,2.34,5.0,3
2025-12-12 14:00:00+00:00,3.9,98,0.0,0.0,0.0,0.0,100,0.0,2.33,4.7,3
2025-12-12 15:00:00+00:00,4.1,97,0.0,0.0,0.0,0.0,100,0.0,2.26,4.3,3
2025-12-12 16:00:00+00:00,4.3,97,0.0,0.0,0.0,0.0,100,0.0,2.24,4.3,3
2025-12-12 17:00:00+00:00,4.4,97,0.0,0.0,0.0,0.0,100,0.0,2.16,4.0,3
2025-12-12 18:00:00+00:00,4.5,97,0.0,0.0,0.0,0.0,100,0.0,2.91,3.8,3
2025-12-12 19:00:00+00:00,4.4,96,0.0,0.0,0.0,0.0,100,0.0,3.2,5.9,3
2025-12-12 20:00:00+00:00,4.2,97,0.0,0.0,0.0,0.0,100,0.0,2.23,5.9,3
2025-12-12 21:00:00+00:00,4.1,98,0.0,0.0,0.0,0.0,100,0.0,1.77,3.9,3
2025-12-12 22:00:00+00:00,4.1,99,0.0,0.0,0.0,0.0,100,0.0,2.08,3.7,3
2025-12-12 23:00:00+00:00,4.0,99,0.1,0.1,0.0,0.0,100,0.0,2.29,4.1,51
2025-12-13 00:00:00+00:00,3.7,99,0.1,0.1,0.0,0.0,100,0.0,1.64,4.3,51
2025-12-13 01:00:00+00:00,3.9,99,0.1,0.1,0.0,0.0,100,0.0,1.39,3.4,51
2025-12-13 02:00:00+00:00,3.9,99,0.0,0.0,0.0,0.0,100,0.0,1.2,2.9,3
2025-12-13 03:00:00+00:00,4.2,100,0.2,0.2,0.0,0.0,100,0.0,1.45,3.1,51
2025-12-13 04:00:00+00:00,4.8,99,0.2,0.2,0.0,0.0,100,0.0,2.3,4.4,51
2025-12-13 05:00:00+00:00,5.1,98,0.1,0.1,0.0,0.0,100,0.0,3.59,6.9,51
2025-12-13 06:00:00+00:00,4.7,98,0.2,0.2,0.0,0.0,100,0.0,2.8,7.3,51
2025-12-13 07:00:00+00:00,4.7,98,1.1,1.1,0.0,0.0,100,0.0,3.3,6.3,55
2025-12-13 08:00:00+00:00,4.5,98,1.7,1.7,0.0,0.0,100,0.0,3.45,6.9,61
2025-12-13 09:00:00+00:00,4.3,98,0.9,0.9,0.0,0.0,100,0.0,3.35,6.7,53
2025-12-13 10:00:00+00:00,4.1,98,0.2,0.2,0.0,0.0,100,0.0,3.26,6.7,51
2025-12-13 11:00:00+00:00,4.4,97,0.0,0.0,0.0,0.0,100,0.0,3.31,6.3,3
2025-12-13 12:00:00+00:00,4.6,98,0.0,0.0,0.0,0.0,93,0.0,2.58,6.1,3
2025-12-13 13:00:00+00:00,4.6,98,0.0,0.0,0.0,0.0,98,2079.45,2.06,4.8,3
2025-12-13 14:00:00+00:00,4.2,99,0.0,0.0,0.0,0.0,99,1376.52,1.77,3.7,3
2025-12-13 15:00:00+00:00,3.3,100,0.0,0.0,0.0,0.0,100,0.0,1.19,3.2,3
2025-12-13 16:00:00+00:00,2.9,100,0.0,0.0,0.0,0.0,100,0.0,0.89,2.4,3
2025-12-13 17:00:00+00:00,2.6,99,0.0,0.0,0.0,0.0,100,0.0,1.21,3.0,3
2025-12-13 18:00:00+00:00,1.6,99,0.0,0.0,0.0,0.0,100,0.0,1.19,3.9,3
2025-12-13 19:00:00+00:00,1.3,99,0.0,0.0,0.0,0.0,100,0.0,1.41,3.7,3
2025-12-13 20:00:00+00:00,0.7,100,0.0,0.0,0.0,0.0,100,0.0,1.05,4.0,3
2025-12-13 21:00:00+00:00,0.4,100,0.0,0.0,0.0,0.0,100,0.0,1.36,3.5,3
2025-12-13 22:00:00+00:00,0.4,100,0.0,0.0,0.0,0.0,100,0.0,1.7,4.2,3
2025-12-13 23:00:00+00:00,0.7,100,0.1,0.1,0.0,0.0,100,0.0,2.09,4.1,51
2025-12-14 00:00:00+00:00,1.7,100,0.2,0.2,0.0,0.0,100,0.0,2.95,5.0,51
2025-12-14 01:00:00+00:00,3.3,99,0.2,0.2,0.0,0.0,99,0.0,3.25,6.6,51
2025-12-14 02:00:00+00:00,4.4,97,0.0,0.0,0.0,0.0,99,0.0,4.88,9.3,3
2025-12-14 03:00:00+00:00,5.2,96,0.0,0.0,0.0,0.0,100,0.0,5.52,10.7,3
2025-12-14 04:00:00+00:00,5.4,95,0.0,0.0,0.0,0.0,100,0.0,5.69,11.1,3
2025-12-14 05:00:00+00:00,6.0,96,0.0,0.0,0.0,0.0,100,0.0,5.82,11.5,3
2025-12-14 06:00:00+00:00,6.7,96,0.0,0.0,0.0,0.0,100,0.0,6.02,11.7,3
2025-12-14 07:00:00+00:00,6.8,97,0.2,0.2,0.0,0.0,100,0.0,5.32,11.7,51
2025-12-14 08:00:00+00:00,7.0,97,0.0,0.0,0.0,0.0,100,0.0,5.65,10.9,3
2025-12-14 09:00:00+00:00,6.7,98,0.3,0.3,0.0,0.0,100,0.0,5.27,11.0,51
2025-12-14 10:00:00+00:00,7.1,96,0.1,0.1,0.0,0.0,99,0.0,4.98,10.3,51
2025-12-14 11:00:00+00:00,7.2,96,0.0,0.0,0.0,0.0,11,1161.31,4.39,9.5,0
2025-12-14 12:00:00+00:00,7.0,96,0.0,0.0,0.0,0.0,5,3600.0,4.07,8.4,0
2025-12-14 13:00:00+00:00,6.9,96,0.0,0.0,0.0,0.0,35,3600.0,4.94,9.2,1
2025-12-14 14:00:00+00:00,6.6,96,0.0,0.0,0.0,0.0,41,3600.0,4.05,9.4,1
2025-12-14 15:00:00+00:00,6.3,97,0.0,0.0,0.0,0.0,100,0.0,3.55,7.6,3
2025-12-14 16:00:00+00:00,6.1,97,0.0,0.0,0.0,0.0,100,0.0,3.76,7.0,3
2025-12-14 17:00:00+00:00,6.3,98,0.0,0.0,0.0,0.0,100,0.0,3.99,8.3,3
2025-12-14 18:00:00+00:00,6.8,98,0.0,0.0,0.0,0.0,100,0.0,4.14,8.4,3
2025-12-14 19:00:00+00:00,6.9,99,0.0,0.0,0.0,0.0,100,0.0,4.62,9.1,3
2025-12-14 20:00:00+00:00,7.1,99,0.0,0.0,0.0,0.0,100,0.0,4.81,9.3,3
2025-12-14 21:00:00+00:00,7.2,99,0.0,0.0,0.0,0.0,100,0.0,5.49,10.9,3
2025-12-14 22:00:00+00:00,7.2,98,0.0,0.0,0.0,0.0,100,0.0,6.14,11.6,3
2025-12-14 23:00:00+00:00,7.1,98,0.0,0.0,0.0,0.0,100,0.0,6.22,12.1,3
2025-12-15 00:00:00+00:00,7.3,98,0.0,0.0,0.0,0.0,100,0.0,5.69,12.3,3
2025-12-15 01:00:00+00:00,7.5,97,0.0,0.0,0.0,0.0,100,0.0,6.11,11.7,3
2025-12-15 02:00:00+00:00,7.5,96,0.0,0.0,0.0,0.0,100,0.0,6.71,13.0,3
2025-12-15 03:00:00+00:00,7.5,93,0.0,0.0,0.0,0.0,99,0.0,6.61,13.4,3
2025-12-15 04:00:00+00:00,7.5,91,0.0,0.0,0.0,0.0,100,0.0,6.57,13.5,3
2025-12-15 05:00:00+00:00,7.7,88,0.0,0.0,0.0,0.0,100,0.0,6.39,13.3,3
2025-12-15 06:00:00+00:00,7.4,94,0.0,0.0,0.0,0.0,100,0.0,6.48,13.2,3
2025-12-15 07:00:00+00:00,7.7,95,0.0,0.0,0.0,0.0,100,0.0,6.23,13.1,3
2025-12-15 08:00:00+00:00,7.7,96,0.0,0.0,0.0,0.0,100,0.0,6.24,12.7,3
2025-12-15 09:00:00+00:00,7.7,96,0.0,0.0,0.0,0.0,100,0.0,5.89,12.5,3
2025-12-15 10:00:00+00:00,7.8,95,0.0,0.0,0.0,0.0,100,0.0,5.56,11.8,3
2025-12-15 11:00:00+00:00,8.1,94,0.0,0.0,0.0,0.0,100,0.0,5.2,11.1,3
2025-12-15 12:00:00+00:00,8.2,93,0.0,0.0,0.0,0.0,100,0.0,4.92,10.4,3
2025-12-15 13:00:00+00:00,8.6,92,0.0,0.0,0.0,0.0,100,0.0,4.71,10.1,3
2025-12-15 14:00:00+00:00,8.5,93,0.0,0.0,0.0,0.0,100,0.0,4.46,9.4,3
2025-12-15 15:00:00+00:00,8.3,94,0.0,0.0,0.0,0.0,100,0.0,4.35,9.0,3
2025-12-15 16:00:00+00:00,8.2,95,0.0,0.0,0.0,0.0,100,0.0,3.97,8.8,3
2025-12-15 17:00:00+00:00,8.1,95,0.0,0.0,0.0,0.0,100,0.0,4.15,8.3,3
2025-12-15 18:00:00+00:00,8.3,96,0.0,0.0,0.0,0.0,100,0.0,4.22,9.0,3
2025-12-15 19:00:00+00:00,8.3,96,0.0,0.0,0.0,0.0,100,0.0,4.59,9.2,3
2025-12-15 20:00:00+00:00,8.2,94,0.0,0.0,0.0,0.0,100,0.0,5.15,10.2,3
2025-12-15 21:00:00+00:00,8.1,93,0.0,0.0,0.0,0.0,100,0.0,5.36,10.9,3
2025-12-15 22:00:00+00:00,7.9,92,0.0,0.0,0.0,0.0,100,0.0,5.49,11.7,3
2025-12-15 23:00:00+00:00,7.7,92,0.0,0.0,0.0,0.0,100,0.0,5.83,12.0,3
2025-12-16 00:00:00+00:00,8.0,92,0.0,0.0,0.0,0.0,100,0.0,5.91,12.1,3
2025-12-16 01:00:00+00:00,7.7,93,0.0,0.0,0.0,0.0,100,0.0,6.03,12.3,3
2025-12-16 02:00:00+00:00,7.5,94,0.0,0.0,0.0,0.0,100,0.0,5.71,12.2,3
2025-12-16 03:00:00+00:00,7.6,92,0.0,0.0,0.0,0.0,100,0.0,5.95,11.9,3
2025-12-16 04:00:00+00:00,7.6,90,0.0,0.0,0.0,0.0,100,0.0,6.01,12.7,3
2025-12-16 05:00:00+00:00,7.5,91,0.0,0.0,0.0,0.0,100,0.0,5.7,12.2,3
2025-12-16 06:00:00+00:00,7.7,93,0.0,0.0,0.0,0.0,100,0.0,5.73,11.5,3
2025-12-16 07:00:00+00:00,7.9,92,0.0,0.0,0.0,0.0,100,0.0,6.12,12.4,3
2025-12-16 08:00:00+00:00,7.7,90,0.0,0.0,0.0,0.0,100,0.0,6.06,12.3,3
2025-12-16 09:00:00+00:00,7.6,89,0.0,0.0,0.0,0.0,100,0.0,5.69,12.3,3
2025-12-16 10:00:00+00:00,7.7,85,0.0,0.0,0.0,0.0,95,0.0,5.3,11.5,3
2025-12-16 11:00:00+00:00,7.6,86,0.0,0.0,0.0,0.0,100,0.0,5.12,10.8,3
2025-12-16 12:00:00+00:00,7.3,96,0.0,0.0,0.0,0.0,100,0.0,5.07,10.7,3
2025-12-16 13:00:00+00:00,7.4,96,0.0,0.0,0.0,0.0,100,0.0,4.98,10.6,3
2025-12-16 14:00:00+00:00,7.3,97,0.1,0.1,0.0,0.0,100,0.0,4.51,9.7,51
2025-12-16 15:00:00+00:00,7.3,97,0.1,0.1,0.0,0.0,100,0.0,4.5,8.9,51
2025-12-16 16:00:00+00:00,7.1,98,0.1,0.1,0.0,0.0,100,0.0,4.35,8.7,51
2025-12-16 17:00:00+00:00,7.2,99,0.1,0.1,0.0,0.0,100,0.0,4.07,8.4,51
2025-12-16 18:00:00+00:00,7.3,99,0.2,0.2,0.0,0.0,100,0.0,3.88,8.9,51
2025-12-16 19:00:00+00:00,7.5,99,0.2,0.2,0.0,0.0,100,0.0,5.07,9.7,51
2025-12-16 20:00:00+00:00,7.2,99,0.2,0.2,0.0,0.0,100,0.0,5.32,10.3,51
2025-12-16 21:00:00+00:00,7.0,99,0.3,0.3,0.0,0.0,100,0.0,5.15,10.2,51
2025-12-16 22:00:00+00:00,6.9,98,0.5,0.5,0.0,0.0,100,0.0,5.15,10.3,53
2025-12-16 23:00:00+00:00,6.7,98,1.0,1.0,0.0,0.0,100,0.0,4.7,10.0,55
2025-12-17 00:00:00+00:00,6.5,98,1.1,1.1,0.0,0.0,100,0.0,3.31,9.3,55
2025-12-17 01:00:00+00:00,6.4,99,1.5,1.5,0.0,0.0,100,0.0,3.44,6.6,61
2025-12-17 02:00:00+00:00,6.3,99,1.2,1.2,0.0,0.0,100,0.0,3.06,6.6,55
2025-12-17 03:00:00+00:00,6.0,99,0.8,0.8,0.0,0.0,100,0.0,1.77,5.7,53
2025-12-17 04:00:00+00:00,5.6,98,0.6,0.6,0.0,0.0,100,0.0,1.97,4.0,53
2025-12-17 05:00:00+00:00,5.1,94,0.1,0.1,0.0,0.0,100,0.0,1.05,3.8,51
2025-12-17 06:00:00+00:00,3.7,95,0.0,0.0,0.0,0.0,80,0.0,0.83,2.0,3
2025-12-17 07:00:00+00:00,2.7,97,0.0,0.0,0.0,0.0,0,0.0,1.33,2.6,0
2025-12-17 08:00:00+00:00,2.0,100,0.0,0.0,0.0,0.0,95,0.0,0.97,2.5,3
2025-12-17 09:00:00+00:00,1.4,100,0.0,0.0,0.0,0.0,93,531.58,1.42,2.7,3
2025-12-17 10:00:00+00:00,1.6,100,0.0,0.0,0.0,0.0,95,3600.0,1.25,2.8,3
2025-12-17 11:00:00+00:00,2.1,100,0.0,0.0,0.0,0.0,100,3600.0,1.55,3.1,3
2025-12-17 12:00:00+00:00,2.0,100,0.0,0.0,0.0,0.0,100,3600.0,1.37,3.1,3
2025-12-17 13:00:00+00:00,1.5,100,0.0,0.0,0.0,0.0,100,3600.0,0.85,3.4,3
2025-12-17 14:00:00+00:00,0.8,100,0.0,0.0,0.0,0.0,96,3077.34,1.21,2.6,3
2025-12-17 15:00:00+00:00,0.3,100,0.0,0.0,0.0,0.0,97,0.0,1.15,2.6,3
2025-12-17 16:00:00+00:00,0.1,100,0.0,0.0,0.0,0.0,100,0.0,1.2,2.6,3
2025-12-17 17:00:00+00:00,-0.1,100,0.0,0.0,0.0,0.0,100,0.0,1.51,3.1,3
2025-12-17 18:00:00+00:00,1.2,99,0.0,0.0,0.0,0.0,81,0.0,3.25,3.8,3
2025-12-17 19:00:00+00:00,1.3,99,0.0,0.0,0.0,0.0,100,0.0,3.56,6.9,3
2025-12-17 20:00:00+00:00,2.1,99,0.0,0.0,0.0,0.0,100,0.0,4.37,8.5,3
2025-12-17 21:00:00+00:00,3.1,97,0.0,0.0,0.0,0.0,100,0.0,4.39,9.3,3
2025-12-17 22:00:00+00:00,3.5,96,0.0,0.0,0.0,0.0,100,0.0,4.24,8.7,3
2025-12-17 23:00:00+00:00,3.6,96,0.0,0.0,0.0,0.0,100,0.0,4.16,8.4,3
2025-12-18 00:00:00+00:00,4.9,95,0.0,0.0,0.0,0.0,100,0.0,4.95,9.9,3
2025-12-18 01:00:00+00:00,5.1,96,0.0,0.0,0.0,0.0,100,0.0,5.56,10.9,3
2025-12-18 02:00:00+00:00,5.4,95,0.0,0.0,0.0,0.0,100,0.0,6.0,11.9,3
2025-12-18 03:00:00+00:00,5.3,94,0.0,0.0,0.0,0.0,100,0.0,5.96,12.1,3
2025-12-18 04:00:00+00:00,5.3,92,0.0,0.0,0.0,0.0,100,0.0,5.66,12.0,3
2025-12-18 05:00:00+00:00,5.5,90,0.0,0.0,0.0,0.0,100,0.0,5.88,11.8,3
2025-12-18 06:00:00+00:00,5.8,87,0.0,0.0,0.0,0.0,100,0.0,5.45,11.9,3
2025-12-18 07:00:00+00:00,6.1,87,0.0,0.0,0.0,0.0,100,0.0,6.71,13.6,3
2025-12-18 08:00:00+00:00,5.8,93,0.3,0.3,0.0,0.0,100,0.0,7.11,14.2,51
2025-12-18 09:00:00+00:00,5.5,97,1.0,1.0,0.0,0.0,100,0.0,7.77,15.1,55
2025-12-18 10:00:00+00:00,5.6,97,0.9,0.9,0.0,0.0,100,0.0,8.05,15.9,53
2025-12-18 11:00:00+00:00,5.6,98,0.8,0.8,0.0,0.0,100,0.0,8.25,16.3,53
2025-12-18 12:00:00+00:00,6.2,97,0.3,0.3,0.0,0.0,100,0.0,8.26,16.5,51
2025-12-18 13:00:00+00:00,6.8,97,0.1,0.1,0.0,0.0,100,0.0,7.45,16.4,51
2025-12-18 14:00:00+00:00,7.5,97,0.0,0.0,0.0,0.0,96,0.0,6.3,14.6,3
2025-12-18 15:00:00+00:00,7.6,96,0.0,0.0,0.0,0.0,8,0.0,5.74,12.3,0
2025-12-18 16:00:00+00:00,7.1,95,0.0,0.0,0.0,0.0,73,0.0,5.28,11.2,2
2025-12-18 17:00:00+00:00,6.3,95,0.0,0.0,0.0,0.0,88,0.0,4.95,10.3,3
2025-12-18 18:00:00+00:00,6.4,95,0.0,0.0,0.0,0.0,100,0.0,4.57,9.4,3
2025-12-18 19:00:00+00:00,6.1,97,0.0,0.0,0.0,0.0,100,0.0,4.01,8.6,3
2025-12-18 20:00:00+00:00,5.7,98,0.0,0.0,0.0,0.0,100,0.0,3.33,7.6,3
2025-12-18 21:00:00+00:00,5.9,97,0.0,0.0,0.0,0.0,100,0.0,4.66,9.1,3
2025-12-18 22:00:00+00:00,6.1,97,0.0,0.0,0.0,0.0,100,0.0,4.12,9.1,3
2025-12-18 23:00:00+00:00,6.6,99,0.0,0.0,0.0,0.0,100,0.0,3.39,7.9,3
2025-12-19 00:00:00+00:00,7.3,98,0.6,0.6,0.0,0.0,100,0.0,4.56,9.1,53
2025-12-19 01:00:00+00:00,7.0,97,1.2,1.2,0.0,0.0,100,0.0,3.92,8.9,55
2025-12-19 02:00:00+00:00,6.7,97,3.6,3.6,0.0,0.0,100,0.0,5.33,10.3,63
2025-12-19 03:00:00+00:00,6.5,97,1.8,1.8,0.0,0.0,100,0.0,6.07,11.9,61
2025-12-19 04:00:00+00:00,6.5,98,0.6,0.6,0.0,0.0,100,0.0,5.65,12.0,53
2025-12-19 05:00:00+00:00,6.8,97,0.8,0.8,0.0,0.0,100,0.0,6.84,13.5,53
2025-12-19 06:00:00+00:00,7.2,97,2.2,2.2,0.0,0.0,100,0.0,7.04,15.2,61
2025-12-19 07:00:00+00:00,7.4,98,0.3,0.3,0.0,0.0,100,0.0,7.89,15.4,51
2025-12-19 08:00:00+00:00,7.9,98,0.1,0.1,0.0,0.0,100,0.0,8.09,15.9,51
2025-12-19 09:00:00+00:00,8.2,94,0.0,0.0,0.0,0.0,100,0.0,8.35,16.7,3
2025-12-19 10:00:00+00:00,8.0,91,0.0,0.0,0.0,0.0,94,0.0,7.87,16.5,3
2025-12-19 11:00:00+00:00,7.7,85,0.0,0.0,0.0,0.0,27,3600.0,7.14,15.8,1
2025-12-19 12:00:00+00:00,8.1,76,0.0,0.0,0.0,0.0,3,3600.0,6.74,14.5,0
2025-12-19 13:00:00+00:00,7.5,73,0.0,0.0,0.0,0.0,25,3600.0,6.64,14.0,1
2025-12-19 14:00:00+00:00,6.7,76,0.0,0.0,0.0,0.0,41,3600.0,6.43,13.5,1
2025-12-19 15:00:00+00:00,6.3,80,0.0,0.0,0.0,0.0,11,0.0,6.53,13.6,0
2025-12-19 16:00:00+00:00,6.2,86,0.0,0.0,0.0,0.0,9,0.0,6.44,13.4,0
2025-12-19 17:00:00+00:00,6.1,88,0.0,0.0,0.0,0.0,33,0.0,6.61,13.7,1
2025-12-19 18:00:00+00:00,6.9,83,0.0,0.0,0.0,0.0,28,0.0,7.03,13.6,1
2025-12-19 19:00:00+00:00,6.7,86,0.0,0.0,0.0,0.0,14,0.0,6.1,14.4,0
2025-12-19 20:00:00+00:00,6.4,88,0.0,0.0,0.0,0.0,47,0.0,5.65,12.4,1
2025-12-19 21:00:00+00:00,6.2,88,0.0,0.0,0.0,0.0,48,0.0,5.97,12.2,1
2025-12-19 22:00:00+00:00,6.0,88,0.0,0.0,0.0,0.0,76,0.0,5.69,12.1,2
2025-12-19 23:00:00+00:00,5.9,89,0.0,0.0,0.0,0.0,95,0.0,5.81,11.9,3
2025-12-20 00:00:00+00:00,6.0,89,0.0,0.0,0.0,0.0,64,0.0,5.44,11.9,2
2025-12-20 01:00:00+00:00,5.8,90,0.0,0.0,0.0,0.0,72,0.0,5.38,11.1,2
2025-12-20 02:00:00+00:00,5.6,91,0.0,0.0,0.0,0.0,38,0.0,5.06,10.8,1
2025-12-20 03:00:00+00:00,5.2,93,0.0,0.0,0.0,0.0,51,0.0,4.54,10.2,2
2025-12-20 04:00:00+00:00,4.8,94,0.0,0.0,0.0,0.0,92,0.0,4.3,9.1,3
2025-12-20 05:00:00+00:00,4.6,93,0.0,0.0,0.0,0.0,67,0.0,3.65,8.6,2
2025-12-20 06:00:00+00:00,5.4,93,0.0,0.0,0.0,0.0,45,0.0,4.21,7.3,1
2025-12-20 07:00:00+00:00,4.7,94,0.0,0.0,0.0,0.0,35,0.0,2.88,8.1,1
2025-12-20 08:00:00+00:00,4.1,93,0.0,0.0,0.0,0.0,30,0.0,2.01,5.5,1
2025-12-20 09:00:00+00:00,2.9,94,0.0,0.0,0.0,0.0,0,599.5,1.46,3.9,0
2025-12-20 10:00:00+00:00,3.0,97,0.0,0.0,0.0,0.0,1,3600.0,1.12,2.9,0
2025-12-20 11:00:00+00:00,3.2,98,0.0,0.0,0.0,0.0,3,3600.0,1.02,2.6,0
2025-12-20 12:00:00+00:00,4.1,94,0.0,0.0,0.0,0.0,2,3600.0,1.67,2.4,0
2025-12-20 13:00:00+00:00,3.1,96,0.0,0.0,0.0,0.0,5,3600.0,1.19,3.2,0
2025-12-20 14:00:00+00:00,1.5,100,0.0,0.0,0.0,0.0,8,3600.0,0.74,2.7,0
2025-12-20 15:00:00+00:00,1.2,100,0.0,0.0,0.0,0.0,96,0.0,0.32,1.9,3
2025-12-20 16:00:00+00:00,0.9,98,0.0,0.0,0.0,0.0,75,0.0,0.52,1.7,2
2025-12-20 17:00:00+00:00,1.2,95,0.0,0.0,0.0,0.0,62,0.0,0.1,1.8,2
2025-12-20 18:00:00+00:00,1.6,96,0.0,0.0,0.0,0.0,42,0.0,0.59,1.4,1
2025-12-20 19:00:00+00:00,0.2,97,0.0,0.0,0.0,0.0,29,0.0,0.4,1.4,1
2025-12-20 20:00:00+00:00,-0.7,100,0.0,0.0,0.0,0.0,53,0.0,0.79,2.0,2
2025-12-20 21:00:00+00:00,-0.8,99,0.0,0.0,0.0,0.0,70,0.0,0.87,2.0,2
2025-12-20 22:00:00+00:00,-0.6,96,0.0,0.0,0.0,0.0,0,0.0,1.19,2.6,0
2025-12-20 23:00:00+00:00,-0.4,95,0.0,0.0,0.0,0.0,0,0.0,0.3,2.5,0
2025-12-21 00:00:00+00:00,0.6,91,0.0,0.0,0.0,0.0,3,0.0,0.71,1.2,0
2025-12-21 01:00:00+00:00,-0.9,96,0.0,0.0,0.0,0.0,1,0.0,0.61,1.9,0
2025-12-21 02:00:00+00:00,-1.3,100,0.0,0.0,0.0,0.0,98,0.0,0.4,1.6,3
2025-12-21 03:00:00+00:00,-1.7,100,0.0,0.0,0.0,0.0,95,0.0,0.38,1.1,3
2025-12-21 04:00:00+00:00,-1.9,100,0.0,0.0,0.0,0.0,95,0.0,0.55,1.4,3
2025-12-21 05:00:00+00:00,-1.9,100,0.0,0.0,0.0,0.0,95,0.0,0.43,1.4,3
2025-12-21 06:00:00+00:00,-1.1,95,0.0,0.0,0.0,0.0,2,0.0,0.92,1.9,0
2025-12-21 07:00:00+00:00,-2.7,97,0.0,0.0,0.0,0.0,1,0.0,1.22,2.7,0
2025-12-21 08:00:00+00:00,-2.8,98,0.0,0.0,0.0,0.0,3,0.0,1.15,2.7,0
2025-12-21 09:00:00+00:00,-2.6,98,0.0,0.0,0.0,0.0,0,615.68,0.79,2.5,0
2025-12-21 10:00:00+00:00,-1.4,99,0.0,0.0,0.0,0.0,2,3600.0,0.71,1.9,0
2025-12-21 11:00:00+00:00,-0.6,98,0.0,0.0,0.0,0.0,78,3600.0,0.87,2.0,2
2025-12-21 12:00:00+00:00,0.2,96,0.0,0.0,0.0,0.0,20,3600.0,1.08,2.0,1
2025-12-21 13:00:00+00:00,-0.8,95,0.0,0.0,0.0,0.0,3,3600.0,0.6,2.2,0
2025-12-21 14:00:00+00:00,-1.7,96,0.0,0.0,0.0,0.0,0,3600.0,0.65,1.7,0
2025-12-21 15:00:00+00:00,-2.1,97,0.0,0.0,0.0,0.0,0,0.0,0.91,2.1,0
2025-12-21 16:00:00+00:00,-2.4,98,0.0,0.0,0.0,0.0,20,0.0,1.09,2.4,1
2025-12-21 17:00:00+00:00,-2.6,97,0.0,0.0,0.0,0.0,69,0.0,1.0,2.5,2
2025-12-21 18:00:00+00:00,-1.6,95,0.0,0.0,0.0,0.0,99,0.0,0.96,2.3,3
2025-12-21 19:00:00+00:00,-2.1,95,0.0,0.0,0.0,0.0,100,0.0,0.93,2.2,3
2025-12-21 20:00:00+00:00,-2.1,96,0.0,0.0,0.0,0.0,99,0.0,0.89,2.2,3
2025-12-21 21:00:00+00:00,-2.0,96,0.0,0.0,0.0,0.0,66,0.0,0.65,2.1,2
2025-12-21 22:00:00+00:00,-2.1,96,0.0,0.0,0.0,0.0,100,0.0,0.59,1.8,3
2025-12-21 23:00:00+00:00,-2.2,97,0.0,0.0,0.0,0.0,91,0.0,0.7,1.8,3
2025-12-22 00:00:00+00:00,-2.4,96,0.0,0.0,0.0,0.0,95,0.0,1.54,2.1,3
2025-12-22 01:00:00+00:00,-3.4,97,0.0,0.0,0.0,0.0,100,0.0,1.21,2.9,3
2025-12-22 02:00:00+00:00,-3.5,98,0.0,0.0,0.0,0.0,67,0.0,1.35,2.9,2
2025-12-22 03:00:00+00:00,-3.3,98,0.0,0.0,0.0,0.0,95,0.0,0.99,2.9,3
2025-12-22 04:00:00+00:00,-3.3,98,0.0,0.0,0.0,0.0,100,0.0,1.01,2.3,3
2025-12-22 05:00:00+00:00,-3.3,96,0.0,0.0,0.0,0.0,100,0.0,1.08,2.5,3
2025-12-22 06:00:00+00:00,-3.4,96,0.0,0.0,0.0,0.0,100,0.0,1.88,2.8,3
2025-12-22 07:00:00+00:00,-3.8,97,0.0,0.0,0.0,0.0,100,0.0,1.74,4.0,3
2025-12-22 08:00:00+00:00,-3.8,97,0.0,0.0,0.0,0.0,100,0.0,2.02,4.3,3
2025-12-22 09:00:00+00:00,-3.7,95,0.0,0.0,0.0,0.0,100,0.0,1.95,4.8,3
2025-12-22 10:00:00+00:00,-3.4,95,0.0,0.0,0.0,0.0,100,0.0,1.78,4.3,3
2025-12-22 11:00:00+00:00,-2.9,94,0.0,0.0,0.0,0.0,100,0.0,1.48,4.0,3
2025-12-22 12:00:00+00:00,-2.5,95,0.0,0.0,0.0,0.0,100,0.0,2.09,3.9,3
2025-12-22 13:00:00+00:00,-2.7,96,0.0,0.0,0.0,0.0,100,0.0,2.59,5.4,3
2025-12-22 14:00:00+00:00,-2.9,95,0.0,0.0,0.0,0.0,97,0.0,2.48,5.4,3
2025-12-22 15:00:00+00:00,-2.9,95,0.0,0.0,0.0,0.0,46,0.0,2.41,5.2,1
2025-12-22 16:00:00+00:00,-2.8,93,0.0,0.0,0.0,0.0,9,0.0,2.13,5.4,0
2025-12-22 17:00:00+00:00,-3.0,92,0.0,0.0,0.0,0.0,15,0.0,1.92,4.8,0
2025-12-22 18:00:00+00:00,-3.2,92,0.0,0.0,0.0,0.0,55,0.0,2.69,4.5,2
2025-12-22 19:00:00+00:00,-4.1,92,0.0,0.0,0.0,0.0,82,0.0,2.43,5.4,3
2025-12-22 20:00:00+00:00,-4.2,93,0.0,0.0,0.0,0.0,85,0.0,1.97,5.1,3
2025-12-22 21:00:00+00:00,-4.1,94,0.0,0.0,0.0,0.0,52,0.0,2.23,4.6,2
2025-12-22 22:00:00+00:00,-4.1,92,0.0,0.0,0.0,0.0,85,0.0,2.69,5.8,3
2025-12-22 23:00:00+00:00,-3.7,91,0.0,0.0,0.0,0.0,99,0.0,2.9,6.4,3
2025-12-23 00:00:00+00:00,-2.6,92,0.0,0.0,0.0,0.0,100,0.0,3.64,7.0,3
2025-12-23 01:00:00+00:00,-2.6,94,0.0,0.0,0.0,0.0,100,0.0,3.43,7.6,3
2025-12-23 02:00:00+00:00,-2.4,94,0.0,0.0,0.0,0.0,100,0.0,2.82,7.1,3
2025-12-23 03:00:00+00:00,-2.2,94,0.0,0.0,0.0,0.0,100,0.0,2.53,5.9,3
2025-12-23 04:00:00+00:00,-1.9,94,0.0,0.0,0.0,0.0,100,0.0,2.37,5.4,3
2025-12-23 05:00:00+00:00,-1.5,91,0.0,0.0,0.0,0.0,100,0.0,2.11,5.1,3
2025-12-23 06:00:00+00:00,-1.4,91,0.0,0.0,0.0,0.0,100,0.0,2.52,4.7,3
2025-12-23 07:00:00+00:00,-1.3,90,0.0,0.0,0.0,0.0,100,0.0,2.25,5.4,3
2025-12-23 08:00:00+00:00,-1.2,89,0.0,0.0,0.0,0.0,100,0.0,2.02,4.9,3
2025-12-23 09:00:00+00:00,-1.0,88,0.0,0.0,0.0,0.0,100,0.0,1.78,4.4,3
2025-12-23 10:00:00+00:00,-0.8,88,0.0,0.0,0.0,0.0,100,0.0,1.22,4.0,3
2025-12-23 11:00:00+00:00,-0.7,87,0.0,0.0,0.0,0.0,100,0.0,1.21,2.9,3
2025-12-23 12:00:00+00:00,-0.6,76,0.0,0.0,0.0,0.01,100,0.0,1.86,3.1,3
2025-12-23 13:00:00+00:00,-0.7,77,0.0,0.0,0.0,0.01,100,0.0,1.49,4.2,3
2025-12-23 14:00:00+00:00,-0.9,78,0.0,0.0,0.0,0.01,100,0.0,0.87,3.4,3
2025-12-23 15:00:00+00:00,-1.3,80,0.0,0.0,0.0,0.01,100,0.0,0.61,2.3,3
2025-12-23 16:00:00+00:00,-1.5,82,0.0,0.0,0.0,0.01,100,0.0,0.87,2.2,3
2025-12-23 17:00:00+00:00,-1.6,83,0.0,0.0,0.0,0.01,100,0.0,1.38,3.1,3
2025-12-23 18:00:00+00:00,-1.6,86,0.0,0.0,0.0,0.01,100,0.0,0.71,3.2,3
2025-12-23 19:00:00+00:00,-1.7,84,0.0,0.0,0.0,0.01,100,0.0,0.71,2.0,3
2025-12-23 20:00:00+00:00,-1.7,81,0.0,0.0,0.0,0.01,99,0.0,0.96,2.4,3
2025-12-23 21:00:00+00:00,-2.2,83,0.0,0.0,0.0,0.01,98,0.0,0.87,2.5,3
2025-12-23 22:00:00+00:00,-2.7,83,0.0,0.0,0.0,0.01,36,0.0,1.04,2.6,1
2025-12-23 23:00:00+00:00,-3.3,83,0.0,0.0,0.0,0.01,31,0.0,1.19,3.0,1
2025-12-24 00:00:00+00:00,-2.4,85,0.0,0.0,0.0,0.0,74,0.0,2.26,3.2,2
2025-12-24 01:00:00+00:00,-2.9,88,0.0,0.0,0.0,0.0,88,0.0,1.77,4.7,3
2025-12-24 02:00:00+00:00,-3.3,90,0.0,0.0,0.0,0.0,92,0.0,1.1,4.0,3
2025-12-24 03:00:00+00:00,-3.9,91,0.0,0.0,0.0,0.0,84,0.0,0.89,2.8,3
2025-12-24 04:00:00+00:00,-4.2,92,0.0,0.0,0.0,0.0,77,0.0,0.85,2.4,2
2025-12-24 05:00:00+00:00,-4.8,93,0.0,0.0,0.0,0.0,95,0.0,0.63,2.3,3
2025-12-24 06:00:00+00:00,-5.0,96,0.0,0.0,0.0,0.0,98,0.0,1.03,1.8,3
2025-12-24 07:00:00+00:00,-5.7,96,0.0,0.0,0.0,0.0,96,0.0,0.49,2.7,3
2025-12-24 08:00:00+00:00,-6.2,96,0.0,0.0,0.0,0.0,97,0.0,0.5,1.8,3
2025-12-24 09:00:00+00:00,-6.3,97,0.0,0.0,0.0,0.0,91,0.0,0.53,1.7,3
2025-12-24 10:00:00+00:00,-5.6,97,0.0,0.0,0.0,0.0,99,3600.0,0.28,1.7,3
2025-12-24 11:00:00+00:00,-5.2,96,0.0,0.0,0.0,0.0,98,3600.0,0.58,1.9,3
2025-12-24 12:00:00+00:00,-5.7,97,0.0,0.0,0.0,0.01,100,3600.0,0.15,2.0,3
2025-12-24 13:00:00+00:00,-5.5,97,0.0,0.0,0.0,0.01,99,3049.86,0.5,1.7,3
2025-12-24 14:00:00+00:00,-5.9,97,0.0,0.0,0.0,0.01,100,1907.32,0.1,1.7,3
2025-12-24 15:00:00+00:00,-6.2,97,0.0,0.0,0.0,0.01,100,0.0,0.21,1.1,3
2025-12-24 16:00:00+00:00,-5.6,96,0.0,0.0,0.0,0.01,100,0.0,0.45,1.4,3
2025-12-24 17:00:00+00:00,-5.5,97,0.0,0.0,0.0,0.01,100,0.0,0.05,1.8,3
2025-12-24 18:00:00+00:00,-5.7,98,0.0,0.0,0.0,0.01,100,0.0,0.45,1.2,3
2025-12-24 19:00:00+00:00,-6.1,98,0.0,0.0,0.0,0.01,100,0.0,0.05,1.7,3
2025-12-24 20:00:00+00:00,-6.0,98,0.0,0.0,0.0,0.01,100,0.0,0.07,0.4,3
2025-12-24 21:00:00+00:00,-5.7,98,0.0,0.0,0.0,0.01,100,0.0,0.07,0.5,3
2025-12-24 22:00:00+00:00,-5.6,97,0.0,0.0,0.0,0.01,100,0.0,0.32,1.0,3
2025-12-24 23:00:00+00:00,-5.4,95,0.0,0.0,0.0,0.01,100,0.0,0.76,2.0,3
2025-12-25 00:00:00+00:00,-6.1,96,0.0,0.0,0.0,0.02,100,0.0,1.14,3.1,3
2025-12-25 01:00:00+00:00,-6.4,96,0.0,0.0,0.0,0.02,100,0.0,0.78,2.9,3
2025-12-25 02:00:00+00:00,-5.7,97,0.0,0.0,0.0,0.02,100,0.0,1.58,3.5,3
2025-12-25 03:00:00+00:00,-5.6,97,0.0,0.0,0.0,0.02,100,0.0,1.68,3.6,3
2025-12-25 04:00:00+00:00,-5.3,97,0.0,0.0,0.0,0.02,100,0.0,1.51,3.7,3
2025-12-25 05:00:00+00:00,-5.2,97,0.0,0.0,0.0,0.02,100,0.0,1.53,3.6,3
2025-12-25 06:00:00+00:00,-5.4,94,0.0,0.0,0.0,0.0,100,0.0,1.06,3.5,3
2025-12-25 07:00:00+00:00,-5.6,94,0.0,0.0,0.0,0.0,100,0.0,0.43,2.7,3
2025-12-25 08:00:00+00:00,-5.8,95,0.0,0.0,0.0,0.0,100,0.0,0.49,1.5,3
2025-12-25 09:00:00+00:00,-4.7,94,0.0,0.0,0.0,0.0,100,0.0,1.29,2.8,3
2025-12-25 10:00:00+00:00,-4.6,95,0.0,0.0,0.0,0.0,100,866.63,1.49,3.6,3
2025-12-25 11:00:00+00:00,-4.1,95,0.0,0.0,0.0,0.0,99,3600.0,1.32,3.5,3
2025-12-25 12:00:00+00:00,-4.5,94,0.0,0.0,0.0,0.0,100,3600.0,0.57,3.4,3
2025-12-25 13:00:00+00:00,-4.0,95,0.0,0.0,0.0,0.0,100,444.61,0.85,2.3,3
2025-12-25 14:00:00+00:00,-3.4,93,0.0,0.0,0.0,0.0,100,0.0,1.38,3.1,3
2025-12-25 15:00:00+00:00,-3.0,94,0.0,0.0,0.0,0.0,100,0.0,1.27,3.6,3
2025-12-25 16:00:00+00:00,-2.6,93,0.0,0.0,0.0,0.0,96,0.0,1.1,3.1,3
2025-12-25 17:00:00+00:00,-3.6,96,0.0,0.0,0.0,0.0,99,0.0,0.78,2.6,3
2025-12-25 18:00:00+00:00,-3.0,99,0.0,0.0,0.0,0.0,100,0.0,0.95,1.8,3
2025-12-25 19:00:00+00:00,-2.6,99,0.0,0.0,0.0,0.0,97,0.0,0.22,2.0,3
2025-12-25 20:00:00+00:00,-2.5,99,0.0,0.0,0.0,0.0,81,0.0,0.25,1.1,3
2025-12-25 21:00:00+00:00,-2.0,98,0.0,0.0,0.0,0.0,100,0.0,0.07,1.0,3
2025-12-25 22:00:00+00:00,-1.3,97,0.0,0.0,0.0,0.0,53,0.0,0.84,1.5,2
2025-12-25 23:00:00+00:00,-1.6,94,0.0,0.0,0.0,0.0,9,0.0,0.22,1.8,0
2025-12-26 00:00:00+00:00,-0.4,96,0.0,0.0,0.0,0.01,67,0.0,0.11,0.7,2
2025-12-26 01:00:00+00:00,-0.6,93,0.0,0.0,0.0,0.01,43,0.0,0.4,1.2,1
2025-12-26 02:00:00+00:00,-1.4,89,0.0,0.0,0.0,0.01,1,0.0,1.23,2.3,0
2025-12-26 03:00:00+00:00,-1.4,86,0.0,0.0,0.0,0.01,0,0.0,1.46,2.8,0
2025-12-26 04:00:00+00:00,-1.9,86,0.0,0.0,0.0,0.01,0,0.0,1.37,2.9,0
2025-12-26 05:00:00+00:00,-2.2,86,0.0,0.0,0.0,0.01,0,0.0,1.03,2.7,0
2025-12-26 06:00:00+00:00,-1.8,86,0.0,0.0,0.0,0.0,2,0.0,1.28,2.1,0
2025-12-26 07:00:00+00:00,-3.0,86,0.0,0.0,0.0,0.0,9,0.0,0.74,2.4,0
2025-12-26 08:00:00+00:00,-3.1,91,0.0,0.0,0.0,0.0,30,0.0,0.3,1.8,1
2025-12-26 09:00:00+00:00,-3.1,95,0.0,0.0,0.0,0.0,56,0.0,0.36,1.2,2
2025-12-26 10:00:00+00:00,-2.3,95,0.0,0.0,0.0,0.0,24,3600.0,0.28,1.2,1
2025-12-26 11:00:00+00:00,-1.6,95,0.0,0.0,0.0,0.0,2,3600.0,0.29,1.0,0
2025-12-26 12:00:00+00:00,-0.3,89,0.0,0.0,0.0,0.01,0,3600.0,0.67,0.9,0
2025-12-26 13:00:00+00:00,-0.9,90,0.0,0.0,0.0,0.01,0,3600.0,0.05,1.5,0
2025-12-26 14:00:00+00:00,-1.4,90,0.0,0.0,0.0,0.01,2,3600.0,0.27,1.0,0
2025-12-26 15:00:00+00:00,-1.7,91,0.0,0.0,0.0,0.01,26,0.0,0.29,1.1,1
2025-12-26 16:00:00+00:00,-2.0,93,0.0,0.0,0.0,0.01,16,0.0,0.25,1.1,0
2025-12-26 17:00:00+00:00,-2.2,94,0.0,0.0,0.0,0.01,2,0.0,0.32,1.2,0
2025-12-26 18:00:00+00:00,-2.1,94,0.0,0.0,0.0,0.0,10,0.0,0.45,1.5,0
2025-12-26 19:00:00+00:00,-3.2,95,0.0,0.0,0.0,0.0,11,0.0,0.61,1.8,0
2025-12-26 20:00:00+00:00,-3.3,95,0.0,0.0,0.0,0.0,15,0.0,0.53,1.8,0
2025-12-26 21:00:00+00:00,-3.6,95,0.0,0.0,0.0,0.0,21,0.0,0.94,2.2,1
2025-12-26 22:00:00+00:00,-3.8,97,0.0,0.0,0.0,0.0,98,0.0,1.05,2.4,3
2025-12-26 23:00:00+00:00,-3.4,98,0.0,0.0,0.0,0.0,99,0.0,1.01,2.4,3
2025-12-27 00:00:00+00:00,-3.0,96,0.0,0.0,0.0,0.01,73,0.0,1.6,2.8,2
2025-12-27 01:00:00+00:00,-4.3,95,0.0,0.0,0.0,0.01,62,0.0,0.45,3.2,2
2025-12-27 02:00:00+00:00,-3.7,93,0.0,0.0,0.0,0.01,40,0.0,0.35,2.1,1
2025-12-27 03:00:00+00:00,-3.0,91,0.0,0.0,0.0,0.01,6,0.0,0.27,2.1,0
2025-12-27 04:00:00+00:00,-2.7,85,0.0,0.0,0.0,0.01,6,0.0,0.36,1.9,0
2025-12-27 05:00:00+00:00,-2.4,83,0.0,0.0,0.0,0.01,5,0.0,0.55,1.8,0
2025-12-27 06:00:00+00:00,-1.3,77,0.0,0.0,0.0,0.01,5,0.0,0.4,1.7,0
2025-12-27 07:00:00+00:00,-3.4,84,0.0,0.0,0.0,0.01,8,0.0,1.25,3.2,0
2025-12-27 08:00:00+00:00,-3.2,83,0.0,0.0,0.0,0.01,6,0.0,1.58,3.6,0
2025-12-27 09:00:00+00:00,-2.4,80,0.0,0.0,0.0,0.01,8,642.15,1.76,4.2,0
2025-12-27 10:00:00+00:00,-1.3,78,0.0,0.0,0.0,0.01,8,3600.0,0.46,4.0,0
2025-12-27 11:00:00+00:00,-0.8,79,0.0,0.0,0.0,0.01,5,3600.0,0.29,2.2,0
2025-12-27 12:00:00+00:00,0.9,75,0.0,0.0,0.0,0.01,20,3600.0,1.25,2.7,1
2025-12-27 13:00:00+00:00,0.6,75,0.0,0.0,0.0,0.01,61,3600.0,1.31,2.9,2
2025-12-27 14:00:00+00:00,-0.8,75,0.0,0.0,0.0,0.01,66,3600.0,1.35,2.8,2
2025-12-27 15:00:00+00:00,-1.4,74,0.0,0.0,0.0,0.01,56,0.0,0.83,2.8,2
2025-12-27 16:00:00+00:00,-2.3,81,0.0,0.0,0.0,0.01,79,0.0,1.72,3.9,2
2025-12-27 17:00:00+00:00,-3.1,82,0.0,0.0,0.0,0.01,8,0.0,2.13,4.5,0
2025-12-27 18:00:00+00:00,-0.9,66,0.0,0.0,0.0,0.01,64,0.0,2.43,4.6,2
2025-12-27 19:00:00+00:00,-0.8,66,0.0,0.0,0.0,0.01,30,0.0,2.71,5.6,1
2025-12-27 20:00:00+00:00,-1.2,69,0.0,0.0,0.0,0.01,2,0.0,2.58,5.4,0
2025-12-27 21:00:00+00:00,-1.7,72,0.0,0.0,0.0,0.01,56,0.0,2.36,5.2,2
2025-12-27 22:00:00+00:00,-2.5,76,0.0,0.0,0.0,0.01,77,0.0,2.1,4.9,2
2025-12-27 23:00:00+00:00,-2.6,77,0.0,0.0,0.0,0.01,5,0.0,2.22,4.4,0
2025-12-28 00:00:00+00:00,-3.2,79,0.0,0.0,0.0,0.02,48,0.0,1.75,4.4,1
2025-12-28 01:00:00+00:00,-4.8,84,0.0,0.0,0.0,0.02,89,0.0,1.97,3.8,3
2025-12-28 02:00:00+00:00,-3.4,78,0.0,0.0,0.0,0.02,35,0.0,2.04,4.0,1
2025-12-28 03:00:00+00:00,-3.6,79,0.0,0.0,0.0,0.02,76,0.0,1.87,3.8,2
2025-12-28 04:00:00+00:00,-3.3,82,0.0,0.0,0.0,0.02,97,0.0,1.68,3.6,3
2025-12-28 05:00:00+00:00,-3.1,85,0.0,0.0,0.0,0.02,100,0.0,0.95,3.2,3
2025-12-28 06:00:00+00:00,-2.5,83,0.0,0.0,0.0,0.01,92,0.0,0.27,2.1,3
2025-12-28 07:00:00+00:00,-4.2,91,0.0,0.0,0.0,0.01,100,0.0,1.12,2.4,3
2025-12-28 08:00:00+00:00,-4.2,89,0.0,0.0,0.0,0.01,99,0.0,1.17,2.3,3
2025-12-28 09:00:00+00:00,-3.6,86,0.0,0.0,0.0,0.01,99,0.0,0.85,2.4,3
2025-12-28 10:00:00+00:00,-2.8,83,0.0,0.0,0.0,0.01,100,1280.1,0.45,2.0,3
2025-12-28 11:00:00+00:00,-2.3,81,0.0,0.0,0.0,0.01,97,688.3,0.3,1.4,3
2025-12-28 12:00:00+00:00,-2.7,93,0.0,0.0,0.0,0.01,98,991.78,0.51,1.6,3
2025-12-28 13:00:00+00:00,-3.2,93,0.0,0.0,0.0,0.01,88,1615.82,0.16,1.6,3
2025-12-28 14:00:00+00:00,-3.9,96,0.0,0.0,0.0,0.01,54,1518.92,0.18,1.2,2
2025-12-28 15:00:00+00:00,-4.4,95,0.0,0.0,0.0,0.01,77,0.0,0.3,1.5,2
2025-12-28 16:00:00+00:00,-4.9,96,0.0,0.0,0.0,0.01,51,0.0,0.35,1.7,2
2025-12-28 17:00:00+00:00,-5.0,88,0.0,0.0,0.0,0.01,20,0.0,1.13,2.9,1
2025-12-28 18:00:00+00:00,-4.5,90,0.0,0.0,0.0,0.01,30,0.0,0.45,2.9,1
2025-12-28 19:00:00+00:00,-5.2,91,0.0,0.0,0.0,0.01,13,0.0,0.41,2.0,0
2025-12-28 20:00:00+00:00,-5.0,92,0.0,0.0,0.0,0.01,28,0.0,0.35,1.7,1
2025-12-28 21:00:00+00:00,-4.7,91,0.0,0.0,0.0,0.01,9,0.0,0.4,1.7,0
2025-12-28 22:00:00+00:00,-4.7,90,0.0,0.0,0.0,0.01,9,0.0,0.4,1.9,0
2025-12-28 23:00:00+00:00,-4.7,89,0.0,0.0,0.0,0.01,16,0.0,0.27,1.9,0
2025-12-29 00:00:00+00:00,-4.4,87,0.0,0.0,0.0,0.02,1,0.0,0.11,1.7,0
2025-12-29 01:00:00+00:00,-5.0,90,0.0,0.0,0.0,0.02,9,0.0,0.16,1.5,0
2025-12-29 02:00:00+00:00,-5.4,91,0.0,0.0,0.0,0.02,0,0.0,0.3,1.7,0
2025-12-29 03:00:00+00:00,-5.5,91,0.0,0.0,0.0,0.02,0,0.0,0.45,2.0,0
2025-12-29 04:00:00+00:00,-5.3,89,0.0,0.0,0.0,0.02,3,0.0,0.67,2.3,0
2025-12-29 05:00:00+00:00,-5.1,86,0.0,0.0,0.0,0.02,0,0.0,0.87,2.7,0
2025-12-29 06:00:00+00:00,-4.0,78,0.0,0.0,0.0,0.0,2,0.0,1.05,3.2,0
2025-12-29 07:00:00+00:00,-4.8,78,0.0,0.0,0.0,0.0,0,0.0,1.26,3.1,0
2025-12-29 08:00:00+00:00,-5.7,82,0.0,0.0,0.0,0.0,0,0.0,1.62,3.7,0
2025-12-29 09:00:00+00:00,-6.3,83,0.0,0.0,0.0,0.0,0,623.8,2.07,4.3,0
2025-12-29 10:00:00+00:00,-5.6,83,0.0,0.0,0.0,0.0,0,3600.0,2.12,4.6,0
2025-12-29 11:00:00+00:00,-5.0,84,0.0,0.0,0.0,0.0,0,3600.0,1.87,4.4,0
2025-12-29 12:00:00+00:00,-2.4,72,0.0,0.0,0.0,0.01,0,3600.0,1.86,4.4,0
2025-12-29 13:00:00+00:00,-2.8,73,0.0,0.0,0.0,0.01,0,3600.0,2.03,4.2,0
2025-12-29 14:00:00+00:00,-5.6,80,0.0,0.0,0.0,0.01,2,3600.0,2.51,5.2,0
2025-12-29 15:00:00+00:00,-2.9,63,0.0,0.0,0.0,0.01,1,0.0,4.21,7.8,0
2025-12-29 16:00:00+00:00,-2.6,61,0.0,0.0,0.0,0.01,6,0.0,4.91,9.4,0
2025-12-29 17:00:00+00:00,-2.6,58,0.0,0.0,0.0,0.01,0,0.0,4.28,9.6,0
2025-12-29 18:00:00+00:00,-1.7,54,0.0,0.0,0.0,0.0,0,0.0,4.41,8.5,0
2025-12-29 19:00:00+00:00,-1.8,53,0.0,0.0,0.0,0.0,4,0.0,4.68,9.4,0
2025-12-29 20:00:00+00:00,-1.8,51,0.0,0.0,0.0,0.0,21,0.0,5.01,10.1,1
2025-12-29 21:00:00+00:00,-1.8,49,0.0,0.0,0.0,0.0,0,0.0,5.14,10.4,0
2025-12-29 22:00:00+00:00,-2.0,50,0.0,0.0,0.0,0.0,4,0.0,4.94,10.3,0
2025-12-29 23:00:00+00:00,-2.4,52,0.0,0.0,0.0,0.0,7,0.0,4.78,10.0,0
2025-12-30 00:00:00+00:00,-1.3,53,0.0,0.0,0.0,0.0,3,0.0,5.73,9.7,0
2025-12-30 01:00:00+00:00,-1.6,53,0.0,0.0,0.0,0.0,1,0.0,5.48,11.5,0
2025-12-30 02:00:00+00:00,-2.1,55,0.0,0.0,0.0,0.0,0,0.0,4.64,11.1,0
2025-12-30 03:00:00+00:00,-2.9,59,0.0,0.0,0.0,0.0,0,0.0,3.51,9.3,0
2025-12-30 04:00:00+00:00,-3.7,64,0.0,0.0,0.0,0.0,0,0.0,3.07,7.1,0
2025-12-30 05:00:00+00:00,-3.9,64,0.0,0.0,0.0,0.0,0,0.0,3.14,6.3,0
2025-12-30 06:00:00+00:00,-3.5,64,0.0,0.0,0.0,0.0,1,0.0,3.13,6.3,0
2025-12-30 07:00:00+00:00,-4.7,72,0.0,0.0,0.0,0.0,2,0.0,2.01,6.1,0
2025-12-30 08:00:00+00:00,-5.3,76,0.0,0.0,0.0,0.0,10,0.0,1.86,4.3,0
2025-12-30 09:00:00+00:00,-5.7,79,0.0,0.0,0.0,0.0,1,609.52,1.65,4.1,0
2025-12-30 10:00:00+00:00,-5.5,82,0.0,0.0,0.0,0.0,0,3600.0,1.33,3.6,0
2025-12-30 11:00:00+00:00,-5.0,81,0.0,0.0,0.0,0.0,0,3600.0,1.38,2.9,0
2025-12-30 12:00:00+00:00,-4.2,75,0.0,0.0,0.0,0.0,41,3600.0,0.97,2.9,1
2025-12-30 13:00:00+00:00,-4.8,82,0.0,0.0,0.0,0.0,67,3600.0,0.54,2.2,2
2025-12-30 14:00:00+00:00,-5.3,81,0.0,0.0,0.0,0.0,60,3600.0,0.36,1.7,2
2025-12-30 15:00:00+00:00,-5.6,80,0.0,0.0,0.0,0.0,89,0.0,0.32,1.6,3
2025-12-30 16:00:00+00:00,-5.9,83,0.0,0.0,0.0,0.0,98,0.0,0.32,1.5,3
2025-12-30 17:00:00+00:00,-6.1,88,0.0,0.0,0.0,0.0,100,0.0,0.43,1.2,3
2025-12-30 18:00:00+00:00,-4.9,84,0.0,0.0,0.0,0.0,100,0.0,0.5,1.3,3
2025-12-30 19:00:00+00:00,-4.3,86,0.0,0.0,0.0,0.0,100,0.0,0.65,1.4,3
2025-12-30 20:00:00+00:00,-3.7,87,0.0,0.0,0.0,0.0,100,0.0,0.92,1.8,3
2025-12-30 21:00:00+00:00,-3.5,86,0.0,0.0,0.0,0.0,100,0.0,0.93,1.8,3
2025-12-30 22:00:00+00:00,-3.2,84,0.0,0.0,0.0,0.0,100,0.0,0.99,1.7,3
2025-12-30 23:00:00+00:00,-2.8,82,0.0,0.0,0.0,0.0,100,0.0,1.25,2.1,3
2025-12-31 00:00:00+00:00,-3.9,87,0.0,0.0,0.0,0.0,98,0.0,0.89,2.3,3
2025-12-31 01:00:00+00:00,-4.6,89,0.0,0.0,0.0,0.0,90,0.0,0.22,1.9,3
2025-12-31 02:00:00+00:00,-4.8,92,0.0,0.0,0.0,0.0,62,0.0,0.45,1.6,2
2025-12-31 03:00:00+00:00,-5.8,93,0.0,0.0,0.0,0.0,48,0.0,0.93,2.5,1
2025-12-31 04:00:00+00:00,-6.4,92,0.0,0.0,0.0,0.0,78,0.0,0.63,2.5,2
2025-12-31 05:00:00+00:00,-6.4,90,0.0,0.0,0.0,0.0,99,0.0,0.5,2.1,3
2025-12-31 06:00:00+00:00,-4.9,86,0.0,0.0,0.0,0.0,95,0.0,0.41,1.8,3
2025-12-31 07:00:00+00:00,-5.2,87,0.0,0.0,0.0,0.0,100,0.0,0.18,1.5,3
2025-12-31 08:00:00+00:00,-5.2,91,0.0,0.0,0.0,0.0,100,0.0,0.36,1.2,3
2025-12-31 09:00:00+00:00,-4.4,93,0.0,0.0,0.0,0.0,100,0.0,0.2,1.2,3
2025-12-31 10:00:00+00:00,-3.7,95,0.0,0.0,0.0,0.0,91,0.0,0.85,1.6,3
2025-12-31 11:00:00+00:00,-3.3,92,0.0,0.0,0.0,0.0,42,0.0,1.12,1.9,1
2025-12-31 12:00:00+00:00,-3.7,96,0.0,0.0,0.0,0.0,45,3600.0,0.58,2.1,1
2025-12-31 13:00:00+00:00,-3.6,93,0.0,0.0,0.0,0.0,24,2666.51,1.31,2.5,1
2025-12-31 14:00:00+00:00,-5.5,93,0.0,0.0,0.0,0.0,99,3600.0,1.07,2.5,3
2025-12-31 15:00:00+00:00,-5.1,91,0.0,0.0,0.0,0.0,99,0.0,1.71,3.2,3
2025-12-31 16:00:00+00:00,-4.9,89,0.0,0.0,0.0,0.0,100,0.0,1.73,3.9,3
2025-12-31 17:00:00+00:00,-5.7,90,0.0,0.0,0.0,0.0,100,0.0,1.69,3.6,3
2025-12-31 18:00:00+00:00,-3.7,88,0.0,0.0,0.0,0.0,100,0.0,2.56,4.3,3
2025-12-31 19:00:00+00:00,-3.9,91,0.0,0.0,0.0,0.0,100,0.0,2.65,5.2,3
2025-12-31 20:00:00+00:00,-2.7,93,0.0,0.0,0.0,0.0,100,0.0,3.45,6.6,3
2025-12-31 21:00:00+00:00,-1.6,95,0.0,0.0,0.0,0.0,100,0.0,3.76,7.4,3
2025-12-31 22:00:00+00:00,-0.8,94,0.0,0.0,0.0,0.0,100,0.0,4.02,7.7,3
2025-12-31 23:00:00+00:00,-0.3,92,0.0,0.0,0.0,0.0,100,0.0,4.71,9.1,3
